{
  "name" : "apw1",
  "type": "Gun",
  "maxAmmoCapacity" : 6,
  "compatibleAmmo" : ["ammocreative", "ammo50bmg"],
  "damage" : 25.0,
  "rpm" : 58,
  "fireModes" : ["SINGLE"],
  "fireSound" : "sample_sniper",
  "drawCooldownDuration" : 800,
  "aimingZoom" : 0.9,
  "gunRecoilInitialAmplitude" : 1.3,
  "shakeRecoilAmplitude" : 0.35,
  "shakeRecoilSpeed" : 2,
  "viewRecoilAmplitude" : 8,
  "inspectCooldownDuration": 3000,
  "muzzleFlashScale" : 2,
  "scopeOverlay" : "textures/gui/sample_scope.png",
  "phasedReloads": [
    {
      "phase": "RELOADING",
      "duration": 4000,
      "animation": "animation.apw1.reload",
      "shakeEffects": [
        {
          "start": 0,
          "duration": 1500,
          "initialAmplitude": 0.1,
          "rateOfAmplitudeDecay": 0.8
        },
        {
          "start": 200,
          "duration": 700,
          "initialAmplitude": 0.1,
          "rateOfAmplitudeDecay": 0.4
        },
        {
          "start": 370,
          "duration": 500,
          "initialAmplitude": 0.2,
          "rateOfAmplitudeDecay": 0.4
        },
        {
          "start": 1070,
          "duration": 1500,
          "initialAmplitude": 0.2,
          "rateOfAmplitudeDecay": 0.4
        },
        {
          "start": 1830,
          "duration": 800,
          "initialAmplitude": 0.17,
          "rateOfAmplitudeDecay": 0.3
        },
        {
          "start": 2300,
          "duration": 800,
          "initialAmplitude": 0.25,
          "rateOfAmplitudeDecay": 0.4
        },
        {
          "start": 2800,
          "duration": 1000,
          "initialAmplitude": 0.2,
          "rateOfAmplitudeDecay": 0.5
        },
        {
          "start": 2930,
          "duration": 400,
          "initialAmplitude": 0.1,
          "rateOfAmplitudeDecay": 0.4
        }
      ]
    }
  ]
}