{
  "name" : "ar23c",
  "type": "Gun",
  "maxAmmoCapacity" : 30,
  "compatibleAmmo" : ["ammocreative", "ammo556"],
  "damage" : 8.0,
  "rpm" :320,
  "fireModes" : ["SINGLE", "AUTOMATIC"],
  "fireSound" : "sample_assaultrifle",
  "drawCooldownDuration" : 650,
  "gunRecoilInitialAmplitude" : 0.8,
  "shakeRecoilAmplitude" : 0.35,
  "shakeRecoilSpeed" : 2,
  "viewRecoilAmplitude" : 2,
  "inspectCooldownDuration": 3000,
  "muzzleFlashScale": 2,
  "aimingZoom" : 0.7,
  "pipScopeZoom": 0.9,
  "bobbingOnAim": 0.1,
  "reticleOverlay" : "textures/gui/sample_scope_pip.png",
  "scopeOverlay" : "textures/gui/sample_scope.png",
  "phasedReloads": [
    {
      "phase": "RELOADING",
      "duration": 3290,
      "animation": "animation.ar23c.reload",
      "shakeEffects": [
        {
          "start": 0,
          "duration": 1500,
          "initialAmplitude": 0.2,
          "rateOfAmplitudeDecay": 0.8
        },
        {
          "start": 250,
          "duration": 1000,
          "initialAmplitude": 0.2,
          "rateOfAmplitudeDecay": 0.5
        },
        {
          "start": 800,
          "duration": 1000,
          "initialAmplitude": 0.15,
          "rateOfAmplitudeDecay": 0.5
        },
        {
          "start": 1100,
          "duration": 600,
          "initialAmplitude": 0.2,
          "rateOfAmplitudeDecay": 0.3
        },
        {
          "start": 1600,
          "duration": 400,
          "initialAmplitude": 0.35,
          "rateOfAmplitudeDecay": 0.3
        }
      ]
    }
  ],
  "effects": [
          { 
		"phase": "firing",
		"name": "muzzle_flash_small"
  	}
  ]
}