{
  "name" : "las16",
  "type": "Gun",
  "maxAmmoCapacity" : "infinite",
  "compatibleAmmo" : ["ammocreative"],
  "damage" : 7.0,
  "rpm" :750,
  "fireModes" : ["AUTOMATIC"],
  "fireSound" : "sample_assaultrifle",
  "drawCooldownDuration" : 650,
  "prepareFireCooldownDuration": 500,
  "gunRecoilInitialAmplitude" : 0.4,
  "shakeRecoilAmplitude" : 0.05,
  "shakeRecoilSpeed" : 1,
  "viewRecoilAmplitude" : 1,
  "inspectCooldownDuration": 3000,
  "aimingZoom" : 0.7,
  "pipScopeZoom": 0.9,
  "bobbingOnAim": 0.1,
  "reticleOverlay" : "textures/gui/sample_scope_pip.png",
  "scopeOverlay" : "textures/gui/sample_scope.png",
  "phasedReloads": [
    {
      "phase": "RELOADING",
      "duration": 3420,
      "animation": "animation.las16.reload",
      "shakeEffects": [
        {
          "start": 0,
          "duration": 1500,
          "initialAmplitude": 0.2,
          "rateOfAmplitudeDecay": 0.8
        },
        {
          "start": 250,
          "duration": 1000,
          "initialAmplitude": 0.2,
          "rateOfAmplitudeDecay": 0.5
        },
        {
          "start": 800,
          "duration": 1000,
          "initialAmplitude": 0.15,
          "rateOfAmplitudeDecay": 0.5
        },
        {
          "start": 1100,
          "duration": 600,
          "initialAmplitude": 0.2,
          "rateOfAmplitudeDecay": 0.3
        },
        {
          "start": 1600,
          "duration": 400,
          "initialAmplitude": 0.35,
          "rateOfAmplitudeDecay": 0.3
        }
      ]
    }
  ],
  "effects": [
  	{ 
		"phase": "hit_scan_acquired",
		"name": "tracerminigun"
  	}
  ]
}