{
  "name" : "m105",
  "type": "Gun",
  "maxAmmoCapacity" : 250,
  "compatibleAmmo" : ["ammocreative", "ammo762x51"],
  "damage" : 9.0,
  "rpm" : 800,
  "fireModes" : ["AUTOMATIC"],
  "fireSound" : "sample_assaultrifle",
  "drawCooldownDuration" : 650,
  "aimingZoom" : 0.25,
  "gunRecoilInitialAmplitude" : 0.8,
  "shakeRecoilAmplitude" : 0.35,
  "shakeRecoilSpeed" : 2,
  "viewRecoilAmplitude" : 2,
  "inspectCooldownDuration": 3000,
  "muzzleFlashScale" : 2,
  "phasedReloads": [
    {
      "phase": "RELOADING",
      "duration": 5000,
      "animation": "animation.m105.reload",
      "shakeEffects": [
        {
          "start": 0,
          "duration": 1500,
          "initialAmplitude": 0.2,
          "rateOfAmplitudeDecay": 0.8
        },
        {
          "start": 250,
          "duration": 1000,
          "initialAmplitude": 0.2,
          "rateOfAmplitudeDecay": 0.5
        },
        {
          "start": 800,
          "duration": 1000,
          "initialAmplitude": 0.15,
          "rateOfAmplitudeDecay": 0.5
        },
        {
          "start": 1100,
          "duration": 600,
          "initialAmplitude": 0.2,
          "rateOfAmplitudeDecay": 0.3
        },
        {
          "start": 1600,
          "duration": 400,
          "initialAmplitude": 0.35,
          "rateOfAmplitudeDecay": 0.3
        }
      ]
    }
  ],
  "effects": [
  	        { 
		"phase": "firing",
		"name": "muzzle_flash"
  	}
  ]
}