{
  "name" : "r36",
  "type": "Gun",
  "maxAmmoCapacity" : 5,
  "compatibleAmmo" : ["ammocreative", "r36_ammo"],
  "damage" : 19.0,
  "rpm" : 75,
  "fireModes" : ["SINGLE"],
  "fireSound" : "sample_assaultrifle",
  "drawCooldownDuration" : 650,
  "aimingZoom" : 0.50,
  "pipScopeZoom": 0.9,
  "bobbingOnAim": 0.1,
  "reticleOverlay" : "textures/gui/sample_scope_pip.png",
  "scopeOverlay" : "textures/gui/sample_scope.png",
  "gunRecoilInitialAmplitude" : 1,
  "shakeRecoilAmplitude" : 0.4,
  "shakeRecoilSpeed" : 2,
  "viewRecoilAmplitude" : 3,
  "inspectCooldownDuration": 6130,
  "phasedReloads": [
    {
      "phase": "RELOADING",
      "condition": "reloadIterationIndex == 0",
      "duration": 3250,
      "animation": "animation.r36.reloadempty",
      "shakeEffects": [
        {
          "start": 0,
          "duration": 1500,
          "initialAmplitude": 0.2,
          "rateOfAmplitudeDecay": 0.8
        },
        {
          "start": 250,
          "duration": 1000,
          "initialAmplitude": 0.2,
          "rateOfAmplitudeDecay": 0.5
        },
        {
          "start": 800,
          "duration": 1000,
          "initialAmplitude": 0.15,
          "rateOfAmplitudeDecay": 0.5
        },
        {
          "start": 1100,
          "duration": 600,
          "initialAmplitude": 0.2,
          "rateOfAmplitudeDecay": 0.3
        },
        {
          "start": 1600,
          "duration": 400,
          "initialAmplitude": 0.35,
          "rateOfAmplitudeDecay": 0.3
        }
      ]
    },
    {
      "phase": "RELOADING",
      "condition": "reloadIterationIndex > 0",
      "duration": 2250,
      "animation": "animation.r36.reload",						
      "shakeEffects": [
        {
          "start": 0,
          "duration": 1500,
          "initialAmplitude": 0.2,
          "rateOfAmplitudeDecay": 0.8
        },
        {
          "start": 600,
          "duration": 1000,
          "initialAmplitude": 0.15,
          "rateOfAmplitudeDecay": 0.5
        },
        {
          "start": 900,
          "duration": 800,
          "initialAmplitude": 0.17,
          "rateOfAmplitudeDecay": 0.5
        },
        {
          "start": 1000,
          "duration": 400,
          "initialAmplitude": 0.22,
          "rateOfAmplitudeDecay": 0.6
        }
       ]
      }
     ],
       "effects": [
        { 
		"phase": "firing",
		"name": "muzzle_flash"
  	}
  ]
}