{
  "name" : "r36_ammo",
  "type" : "Ammo",
   "projectile" : {
  "initialVelocity" : 200,
    "gravity" : 0,
    "topDownAttackEnabled" : false,
     "renderer" : {
      "type" : "sprite",
      "texture": "textures/effect/r36_round.png",
      "size": 4.0,
      "sprites": {
        "rows": 6,
        "columns": 6,
        "fps": 60,
        "type": "loop"
      },
      "blendMode": "additive",
      "depthTest": true,
      "glow": false,
      "rotations": 0.0
    }
    },
     "explosion" : {
       "power" : 1,
       "fire" : false
    }
 }