{
  "name" : "sg22",
  "type": "Gun",
  "maxAmmoCapacity" : 3,
  "compatibleAmmo" : ["ammocreative", "ammo12gauge"],
 "pelletCount" : 30,
  "pelletSpread" : 0.1,
  "damage" : 2.5,
  "rpm" :650,
  "fireModes" : ["SINGLE", "BURST"],
  "fireSound" : "sample_shotgun",
  "drawCooldownDuration" : 650,
  "aimingZoom" : 0.25,
  "gunRecoilInitialAmplitude" : 0.8,
  "shakeRecoilAmplitude" : 0.65,
  "shakeRecoilSpeed" : 3.5,
  "viewRecoilAmplitude" : 5,
  "inspectCooldownDuration": 2000,
  "muzzleFlashScale": 2,
  "phasedReloads": [
    {
      "phase": "RELOADING",
      "duration": 2000,
      "animation": "animation.sg22.reload",
      "shakeEffects": [
        {
          "start": 0,
          "duration": 1000,
          "initialAmplitude": 0.2,
          "rateOfAmplitudeDecay": 0.8
        },
        {
          "start": 250,
          "duration": 1000,
          "initialAmplitude": 0.2,
          "rateOfAmplitudeDecay": 0.5
        },
        {
          "start": 800,
          "duration": 1000,
          "initialAmplitude": 0.15,
          "rateOfAmplitudeDecay": 0.5
        },
        {
          "start": 1100,
          "duration": 600,
          "initialAmplitude": 0.2,
          "rateOfAmplitudeDecay": 0.3
        },
        {
          "start": 1600,
          "duration": 400,
          "initialAmplitude": 0.35,
          "rateOfAmplitudeDecay": 0.3
        }
      ]
    }
  ],
  "effects": [
        { 
		"phase": "firing",
		"name": "muzzle_flash_small"
  	}
  ]
}