{
    "sample_assaultrifle": {
        "sounds": [
            {
                "name": "pointblank:sample_assaultrifle",
                "stream": false
            }
        ]
    },
    "sample_shotgun": {
        "sounds": [
            {
                "name": "pointblank:sample_shotgun",
                "stream": false
            }
        ]
    },
    "sample_sniper": {
        "sounds": [
            {
                "name": "pointblank:sample_sniper",
                "stream": false
            }
        ]
    },
 "ar23_reload": {
        "sounds": [
            {
                "name": "pointblank:ar23_reload",
                "stream": false
            }
        ]
    },
"sg225_reload": {
        "sounds": [
            {
                "name": "pointblank:sg225_reload",
                "stream": false
            }
        ]
    },
"apw1_reload": {
        "sounds": [
            {
                "name": "pointblank:apw1_reload",
                "stream": false
            }
        ]
    },
"m105_reload": {
        "sounds": [
            {
                "name": "pointblank:m105_reload",
                "stream": false
            }
        ]
    },
"single_shell_reload": {
        "sounds": [
            {
                "name": "pointblank:single_shell_reload",
                "stream": false
            }
        ]
    }
}