{
	"credit": "Made with Blockbench",
	"texture_size": [64, 64],
	"textures": {
		"0": "block/dragon_egg",
		"particle": "block/dragon_egg"
	},
	"elements": [
		{
			"from": [1, 0, 1],
			"to": [15, 16, 15],
			"rotation": {"angle": 0, "axis": "y", "origin": [7, 0, 7]},
			"faces": {
				"north": {"uv": [3.5, 3.5, 7, 7.5], "texture": "#0"},
				"east": {"uv": [0, 3.5, 3.5, 7.5], "texture": "#0"},
				"south": {"uv": [10.5, 3.5, 14, 7.5], "texture": "#0"},
				"west": {"uv": [7, 3.5, 10.5, 7.5], "texture": "#0"},
				"up": {"uv": [7, 3.5, 3.5, 0], "texture": "#0"},
				"down": {"uv": [10.5, 0, 7, 3.5], "texture": "#0"}
			}
		}
	]
}