{
  "type": "create:mechanical_crafting",
  "pattern": [
    "   SS",
    "S PS ",
    "HHEG_",
    "S PS ",
    "   SS"
  ],
  "key": {
    "E": [
      {
        "item": "immersive_aircraft:engine"
      }
    ],
    "G": [
      {
        "item": "immersive_aircraft:industrial_gears"
      }
    ],
    "H": [
      {
        "item": "immersive_aircraft:hull"
      }
    ],
    "P": [
      {
        "item": "immersive_aircraft:propeller"
      }
    ],
    "S": [
      {
        "item": "immersive_aircraft:sail"
      }
    ],
    "_": [
      {
        "tag": "create:seats"
      }
    ]
  },
  "result": {
    "item": "man_of_many_planes:economy_plane"
  },
  "acceptMirrored": true
}