{
  "type": "create:mechanical_crafting",
  "pattern": [
    "   W ",
    "W  S ",
    "RRRBP",
    "W  S ",
    "   W "
  ],
  "key": {
    "B": [
      {
        "item": "immersive_aircraft:biplane"
      }
    ],
    "P": [
      {
        "item": "immersive_aircraft:propeller"
      }
    ],
    "R": [
      {
        "item": "immersive_aircraft:hull_reinforcement"
      }
    ],
    "S": [
      {
        "item": "create:andesite_scaffolding"
      }
    ],
    "W": [
      {
        "tag": "minecraft:wooden_slabs"
      }
    ]
  },
  "result": {
    "item": "man_of_many_planes:scarlet_biplane"
  },
  "acceptMirrored": true
}