{
"loader": "forge:separate_transforms",
  "gui_light": "front",
  "base": 
{
  "credit": "Made with Blockbench",
  "parent": "builtin/entity",
  "texture_size": [
    32,
    32
  ],
  "display": {
    "thirdperson_righthand": {
      "translation": [
        0,
        -6,
        0
      ]
    },
    "thirdperson_lefthand": {
      "translation": [
        0,
        -6.75,
        0
      ]
    },
    "firstperson_righthand": {
      "translation": [
        -5.75,
        -5.75,
        3
      ]
    },
    "gui": {
      "rotation": [
        0,
        90,
        0
      ],
      "translation": [
        0,
        -6.75,
        0
      ]
    },
    "fixed": {
      "rotation": [
        0,
        90,
        0
      ],
      "translation": [
        0,
        -5.5,
        -1.75
      ]
    }

  }
},
  "perspectives": {
    "gui": {
      "parent": "item/generated",
      "textures": {
        "layer0": "pointblank:item/ar23_icon"
      }
    }
  }
}