{
"loader": "forge:separate_transforms",
  "gui_light": "front",
  "base": 
{
  "credit": "Made with Blockbench",
  "parent": "builtin/entity",
  "texture_size": [
    64,
    64
  ],
  "display": {
    "thirdperson_righthand": {
      "translation": [
        0,
        -7,
        3.25
      ]
    },
    "firstperson_righthand": {
      "translation": [
        -4.25,
        -4.5,
        0
      ]
    },
    "gui": {
      "rotation": [
        0,
        90,
        0
      ],
      "translation": [
        -3.5,
        -9.25,
        0
      ]
    },
    "fixed": {
      "rotation": [
        0,
        90,
        0
      ],
      "translation": [
        -3.25,
        -7.5,
        0
      ]
    }
  }
},
  "perspectives": {
    "gui": {
      "parent": "item/generated",
      "textures": {
        "layer0": "pointblank:item/eat17_icon"
      }
    }
  }
}