{
"loader": "forge:separate_transforms",
  "gui_light": "front",
  "base": 
{
  "credit": "Made with Blockbench",
  "parent": "builtin/entity",
  "texture_size": [
    64,
    64
  ],
  "display": {
    "thirdperson_righthand": {
      "translation": [
        0,
        -6,
        -1.5
      ],
      "scale": [
        0.8,
        0.8,
        0.8
      ]
    },
    "thirdperson_lefthand": {
      "translation": [
        0,
        -6.75,
        0
      ]
    },
    "firstperson_righthand": {
      "translation": [
        -6.5,
        -7,
        4
      ]
    },
    "gui": {
      "rotation": [
        31,
        147,
        0
      ],
      "translation": [
        0,
        -4,
        0
      ],
      "scale": [
        0.7,
        0.7,
        0.7
      ]
    },
    "fixed": {
      "rotation": [
        0,
        91,
        0
      ],
      "translation": [
        0,
        -5.75,
        0
      ]
    }
  }
},
  "perspectives": {
    "gui": {
      "parent": "item/generated",
      "textures": {
        "layer0": "pointblank:item/las16_icon"
      }
    }
  }
}