{
"loader": "forge:separate_transforms",
  "gui_light": "front",
  "base": 
{
  "credit": "Made with Blockbench",
  "parent": "builtin/entity",
  "texture_size": [
    32,
    32
  ],
  "display": {
    "thirdperson_righthand": {
      "translation": [
        0,
        -7.5,
        -2.5
      ]
    },
    "thirdperson_lefthand": {
      "rotation": [
        52,
        0,
        0
      ],
      "translation": [
        0,
        -2,
        -7
      ]
    },
    "firstperson_righthand": {
      "rotation": [
        5,
        5,
        0
      ],
      "translation": [
        -4.25,
        -7,
        1.75
      ]
    },
    "gui": {
      "rotation": [
        0,
        90,
        0
      ],
      "translation": [
        0.75,
        -7.5,
        0
      ]
    },
    "fixed": {
      "rotation": [
        0,
        90,
        0
      ],
      "translation": [
        0,
        -6,
        0
      ]
    }
  }
},
  "perspectives": {
    "gui": {
      "parent": "item/generated",
      "textures": {
        "layer0": "pointblank:item/m105_icon"
      }
    }
  }
}