{
"loader": "forge:separate_transforms",
  "gui_light": "front",
  "base": 
{
  "credit": "Made with Blockbench",
  "parent": "builtin/entity",
  "texture_size": [
    32,
    32
  ],
  "display": {
    "thirdperson_righthand": {
      "translation": [
        0,
        -8.25,
        -3
      ]
    },
    "firstperson_righthand": {
      "rotation": [
        2,
        5,
        0
      ],
      "translation": [
        -3.25,
        -7.5,
        1.25
      ]
    },
    "gui": {
      "rotation": [
        0,
        90,
        0
      ],
      "translation": [
        0.75,
        -7.5,
        0
      ]
    },
    "fixed": {
      "rotation": [
        0,
        90,
        0
      ],
      "translation": [
        0,
        -6.25,
        0
      ],
      "scale": [
        0.8,
        0.8,
        0.8
      ]
    }
  }
},
  "perspectives": {
    "gui": {
      "parent": "item/generated",
      "textures": {
        "layer0": "pointblank:item/r36_icon"
      }
    }
  }
}