{
"loader": "forge:separate_transforms",
  "gui_light": "front",
  "base": 
{
  "credit": "Made with Blockbench",
  "parent": "builtin/entity",
  "texture_size": [
    32,
    32
  ],
  "display": {
    "thirdperson_righthand": {
      "translation": [
        0.25,
        -7.75,
        -2.75
      ]
    },
    "firstperson_righthand": {
      "translation": [
        -3.75,
        -5.75,
        -3.75
      ]
    },
    "firstperson_lefthand": {
      "translation": [
        -2.25,
        -7.25,
        -5.25
      ]
    },
    "fixed": {
      "rotation": [
        0,
        91,
        0
      ],
      "translation": [
        -1,
        -6,
        0
      ]
    }
  }
},
  "perspectives": {
    "gui": {
      "parent": "item/generated",
      "textures": {
        "layer0": "pointblank:item/sg22_icon"
      }
    }
  }
}