{
  "variants" : {
    "eye=empty,facing=east": {
      "model": "endrem:block/frames/ancient_portal_frame_empty",
      "y": 270
    },
    "eye=empty,facing=north": {
      "model": "endrem:block/frames/ancient_portal_frame_empty",
      "y": 180
    },
    "eye=empty,facing=south": {
      "model": "endrem:block/frames/ancient_portal_frame_empty"
    },
    "eye=empty,facing=west": {
      "model": "endrem:block/frames/ancient_portal_frame_empty",
      "y": 90
    },

    "eye=old_eye,facing=east": {
      "model": "endrem:block/frames/old_frame_filled",
      "y": 270
    },
    "eye=old_eye,facing=north": {
      "model": "endrem:block/frames/old_frame_filled",
      "y": 180
    },
    "eye=old_eye,facing=south": {
      "model": "endrem:block/frames/old_frame_filled"
    },
    "eye=old_eye,facing=west": {
      "model": "endrem:block/frames/old_frame_filled",
      "y": 90
    },

    "eye=rogue_eye,facing=east": {
      "model": "endrem:block/frames/rogue_frame_filled",
      "y": 270
    },
    "eye=rogue_eye,facing=north": {
      "model": "endrem:block/frames/rogue_frame_filled",
      "y": 180
    },
    "eye=rogue_eye,facing=south": {
      "model": "endrem:block/frames/rogue_frame_filled"
    },
    "eye=rogue_eye,facing=west": {
      "model": "endrem:block/frames/rogue_frame_filled",
      "y": 90
    },

    "eye=nether_eye,facing=east": {
      "model": "endrem:block/frames/nether_frame_filled",
      "y": 270
    },
    "eye=nether_eye,facing=north": {
      "model": "endrem:block/frames/nether_frame_filled",
      "y": 180
    },
    "eye=nether_eye,facing=south": {
      "model": "endrem:block/frames/nether_frame_filled"
    },
    "eye=nether_eye,facing=west": {
      "model": "endrem:block/frames/nether_frame_filled",
      "y": 90
    },

    "eye=cold_eye,facing=east": {
      "model": "endrem:block/frames/cold_frame_filled",
      "y": 270
    },
    "eye=cold_eye,facing=north": {
      "model": "endrem:block/frames/cold_frame_filled",
      "y": 180
    },
    "eye=cold_eye,facing=south": {
      "model": "endrem:block/frames/cold_frame_filled"
    },
    "eye=cold_eye,facing=west": {
      "model": "endrem:block/frames/cold_frame_filled",
      "y": 90
    },

    "eye=corrupted_eye,facing=east": {
      "model": "endrem:block/frames/corrupted_frame_filled",
      "y": 270
    },
    "eye=corrupted_eye,facing=north": {
      "model": "endrem:block/frames/corrupted_frame_filled",
      "y": 180
    },
    "eye=corrupted_eye,facing=south": {
      "model": "endrem:block/frames/corrupted_frame_filled"
    },
    "eye=corrupted_eye,facing=west": {
      "model": "endrem:block/frames/corrupted_frame_filled",
      "y": 90
    },

    "eye=magical_eye,facing=east": {
      "model": "endrem:block/frames/magical_frame_filled",
      "y": 270
    },
    "eye=magical_eye,facing=north": {
      "model": "endrem:block/frames/magical_frame_filled",
      "y": 180
    },
    "eye=magical_eye,facing=south": {
      "model": "endrem:block/frames/magical_frame_filled"
    },
    "eye=magical_eye,facing=west": {
      "model": "endrem:block/frames/magical_frame_filled",
      "y": 90
    },

    "eye=black_eye,facing=east": {
      "model": "endrem:block/frames/black_frame_filled",
      "y": 270
    },
    "eye=black_eye,facing=north": {
      "model": "endrem:block/frames/black_frame_filled",
      "y": 180
    },
    "eye=black_eye,facing=south": {
      "model": "endrem:block/frames/black_frame_filled"
    },
    "eye=black_eye,facing=west": {
      "model": "endrem:block/frames/black_frame_filled",
      "y": 90
    },

    "eye=lost_eye,facing=east": {
      "model": "endrem:block/frames/lost_frame_filled",
      "y": 270
    },
    "eye=lost_eye,facing=north": {
      "model": "endrem:block/frames/lost_frame_filled",
      "y": 180
    },
    "eye=lost_eye,facing=south": {
      "model": "endrem:block/frames/lost_frame_filled"
    },
    "eye=lost_eye,facing=west": {
      "model": "endrem:block/frames/lost_frame_filled",
      "y": 90
    },

    "eye=wither_eye,facing=east": {
      "model": "endrem:block/frames/wither_frame_filled",
      "y": 270
    },
    "eye=wither_eye,facing=north": {
      "model": "endrem:block/frames/wither_frame_filled",
      "y": 180
    },
    "eye=wither_eye,facing=south": {
      "model": "endrem:block/frames/wither_frame_filled"
    },
    "eye=wither_eye,facing=west": {
      "model": "endrem:block/frames/wither_frame_filled",
      "y": 90
    },

    "eye=guardian_eye,facing=east": {
      "model": "endrem:block/frames/guardian_frame_filled",
      "y": 270
    },
    "eye=guardian_eye,facing=north": {
      "model": "endrem:block/frames/guardian_frame_filled",
      "y": 180
    },
    "eye=guardian_eye,facing=south": {
      "model": "endrem:block/frames/guardian_frame_filled"
    },
    "eye=guardian_eye,facing=west": {
      "model": "endrem:block/frames/guardian_frame_filled",
      "y": 90
    },

    "eye=witch_eye,facing=east": {
      "model": "endrem:block/frames/witch_frame_filled",
      "y": 270
    },
    "eye=witch_eye,facing=north": {
      "model": "endrem:block/frames/witch_frame_filled",
      "y": 180
    },
    "eye=witch_eye,facing=south": {
      "model": "endrem:block/frames/witch_frame_filled"
    },
    "eye=witch_eye,facing=west": {
      "model": "endrem:block/frames/witch_frame_filled",
      "y": 90
    },

    "eye=cursed_eye,facing=east": {
      "model": "endrem:block/frames/cursed_frame_filled",
      "y": 270
    },
    "eye=cursed_eye,facing=north": {
      "model": "endrem:block/frames/cursed_frame_filled",
      "y": 180
    },
    "eye=cursed_eye,facing=south": {
      "model": "endrem:block/frames/cursed_frame_filled"
    },
    "eye=cursed_eye,facing=west": {
      "model": "endrem:block/frames/cursed_frame_filled",
      "y": 90
    },

    "eye=evil_eye,facing=east": {
      "model": "endrem:block/frames/evil_frame_filled",
      "y": 270
    },
    "eye=evil_eye,facing=north": {
      "model": "endrem:block/frames/evil_frame_filled",
      "y": 180
    },
    "eye=evil_eye,facing=south": {
      "model": "endrem:block/frames/evil_frame_filled"
    },
    "eye=evil_eye,facing=west": {
      "model": "endrem:block/frames/evil_frame_filled",
      "y": 90
    },

    "eye=exotic_eye,facing=east": {
      "model": "endrem:block/frames/exotic_frame_filled",
      "y": 270
    },
    "eye=exotic_eye,facing=north": {
      "model": "endrem:block/frames/exotic_frame_filled",
      "y": 180
    },
    "eye=exotic_eye,facing=south": {
      "model": "endrem:block/frames/exotic_frame_filled"
    },
    "eye=exotic_eye,facing=west": {
      "model": "endrem:block/frames/exotic_frame_filled",
      "y": 90
    },

    "eye=undead_eye,facing=east": {
      "model": "endrem:block/frames/undead_frame_filled",
      "y": 270
    },
    "eye=undead_eye,facing=north": {
      "model": "endrem:block/frames/undead_frame_filled",
      "y": 180
    },
    "eye=undead_eye,facing=south": {
      "model": "endrem:block/frames/undead_frame_filled"
    },
    "eye=undead_eye,facing=west": {
      "model": "endrem:block/frames/undead_frame_filled",
      "y": 90
    },

    "eye=cryptic_eye,facing=east": {
      "model": "endrem:block/frames/cryptic_frame_filled",
      "y": 270
    },
    "eye=cryptic_eye,facing=north": {
      "model": "endrem:block/frames/cryptic_frame_filled",
      "y": 180
    },
    "eye=cryptic_eye,facing=south": {
      "model": "endrem:block/frames/cryptic_frame_filled"
    },
    "eye=cryptic_eye,facing=west": {
      "model": "endrem:block/frames/cryptic_frame_filled",
      "y": 90
    }
  }
}