{
	"format_version": "1.8.0",
	"animations": {
		"animation.apw1.fire": {
			"loop": true,
			"animation_length": 1.3333,
			"bones": {
				"main": {
					"rotation": {
						"0.0": {
							"vector": [0, 0, 0]
						},
						"0.0417": {
							"vector": [-5, 0, 0],
							"easing": "easeInElastic"
						},
						"0.125": {
							"vector": [-5, 0, 0],
							"easing": "easeInElastic"
						},
						"1.0": {
							"vector": [0, 0, 0],
							"easing": "easeInElastic"
						}
					},
					"position": {
						"0.0": {
							"vector": [0, 0, 0]
						},
						"0.0417": {
							"vector": [0, 0, 2.9],
							"easing": "easeInElastic",
							"easingArgs": [2]
						},
						"0.125": {
							"vector": [0, 0, 2],
							"easing": "easeInElastic",
							"easingArgs": [2]
						},
						"1.0": {
							"vector": [0, 0, 0],
							"easing": "easeInElastic",
							"easingArgs": [2]
						}
					}
				},
				"bipod": {
					"rotation": {
						"0.0": {
							"vector": [0, 0, 0]
						},
						"0.0417": {
							"vector": [-30, 0, 0],
							"easing": "easeInSine"
						},
						"0.125": {
							"vector": [0, 0, 0],
							"easing": "easeInSine"
						},
						"0.2083": {
							"vector": [25, 0, 0],
							"easing": "easeInSine"
						},
						"0.2917": {
							"vector": [0, 0, 0],
							"easing": "easeInSine"
						},
						"0.4167": {
							"vector": [-7.5, 0, 0],
							"easing": "easeInSine"
						},
						"0.625": {
							"vector": [0, 0, 0],
							"easing": "easeInSine"
						}
					}
				},
				"magazine": {
					"rotation": {
						"0.0": {
							"vector": [0, 0, 0]
						},
						"0.0417": {
							"vector": [5, 0, 0],
							"easing": "easeInElastic"
						},
						"0.0833": {
							"vector": [0, 0, 0],
							"easing": "easeInElastic"
						}
					}
				},
				"trigger": {
					"rotation": {
						"0.0": {
							"vector": [0, 0, 0]
						},
						"0.0417": {
							"vector": [15, 0, 0],
							"easing": "linear"
						},
						"0.0833": {
							"vector": [0, 0, 0],
							"easing": "easeInCirc"
						}
					}
				},
				"rightarm": {
					"rotation": {
						"vector": [90, -20, 0]
					},
					"position": {
						"vector": [-0.1, -4.2, 13]
					}
				},
				"leftarm": {
					"rotation": {
						"vector": [80.57795, 37.12482, -5.71946]
					},
					"position": {
						"vector": [5.8, -5, 1.9]
					}
				},
				"slide": {
					"position": {
						"0.0": {
							"vector": [0, 0, 0]
						},
						"0.0417": {
							"vector": [0, 0, 3.4],
							"easing": "easeInElastic"
						},
						"0.125": {
							"vector": [0, 0, 0],
							"easing": "easeInElastic"
						}
					}
				},
				"Slide2": {
					"scale": {
						"0.0": {
							"vector": [1, 1, 1]
						},
						"0.0417": {
							"vector": [1, 1, 0],
							"easing": "easeInElastic"
						},
						"0.125": {
							"vector": [1, 1, 1],
							"easing": "easeInElastic"
						}
					}
				},
				"arms": {
					"position": {
						"vector": [0, 20, 0]
					}
				}
			}
		},
		"animation.apw1.idle": {
			"loop": true,
			"bones": {
				"main": {
					"rotation": {
						"vector": [0, 0, 0]
					},
					"position": {
						"vector": [0, 0, 0]
					}
				},
				"rightarm": {
					"rotation": {
						"vector": [90, -20, 0]
					},
					"position": {
						"vector": [-0.1, -4.2, 13]
					}
				},
				"leftarm": {
					"rotation": {
						"vector": [80.57795, 37.12482, -5.71946]
					},
					"position": {
						"vector": [5.8, -5, 1.9]
					}
				},
				"arms": {
					"position": {
						"vector": [0, 20, 0]
					}
				}
			}
		},
		"animation.apw1.reload": {
			"animation_length": 4,
			"bones": {
				"main": {
					"rotation": {
						"0.0": {
							"vector": [0, 0, 0]
						},
						"1.2083": {
							"vector": [5.16, 0, 0],
							"easing": "easeInElastic",
							"easingArgs": [2]
						},
						"2.0417": {
							"vector": [5.16, 0, 0],
							"easing": "easeInElastic"
						},
						"2.1667": {
							"vector": [2.16, 0, 0],
							"easing": "easeInElastic"
						},
						"3.0417": {
							"vector": [5.16, 0, 0],
							"easing": "easeInElastic"
						},
						"3.5": {
							"vector": [0, 0, 0],
							"easing": "easeInElastic"
						}
					},
					"position": {
						"0.625": {
							"vector": [0, 0, 0]
						},
						"0.6667": {
							"vector": [0, -0.7, 0],
							"easing": "easeInElastic"
						},
						"1.875": {
							"vector": [0, 0, 0],
							"easing": "easeInElastic"
						},
						"2.0417": {
							"vector": [0, 0, 0],
							"easing": "easeInElastic"
						},
						"2.0833": {
							"vector": [0, 0.4, 0],
							"easing": "easeInElastic"
						},
						"3.0417": {
							"vector": [0, 0, 0],
							"easing": "easeInElastic"
						}
					}
				},
				"magazine": {
					"position": {
						"0.0": {
							"vector": [0, 0, 0]
						},
						"0.6667": {
							"vector": [0, 0, 0]
						},
						"0.8333": {
							"vector": [0, -11, 0]
						},
						"1.75": {
							"vector": [0, -11, 0],
							"easing": "easeInCirc"
						},
						"2.0833": {
							"vector": [0, 0, 0],
							"easing": "easeInCirc"
						}
					}
				},
				"rightarm": {
					"rotation": {
						"vector": [90, -20, 0]
					},
					"position": {
						"vector": [-0.1, -4.2, 13]
					}
				},
				"leftarm": {
					"rotation": {
						"0.0": {
							"vector": [80.57795, 37.12482, -5.71946]
						},
						"3.5": {
							"vector": [80.57795, 37.12482, -5.71946]
						}
					},
					"position": {
						"0.0": {
							"vector": [5.8, -5, 1.9]
						},
						"0.4583": {
							"vector": [5.8, -6, 6.6]
						},
						"0.6667": {
							"vector": [5.8, -6, 6.6]
						},
						"0.8333": {
							"vector": [5.8, -17, 6.6]
						},
						"1.75": {
							"vector": [5.8, -17, 6.6],
							"easing": "easeInCirc"
						},
						"2.0833": {
							"vector": [5.8, -6, 6.6],
							"easing": "easeInCirc"
						},
						"3.0417": {
							"vector": [5.8, -6, 6.6],
							"easing": "easeInCirc"
						},
						"3.5": {
							"vector": [5.8, -5, 1.9]
						}
					}
				},
				"arms": {
					"position": {
						"vector": [0, 20, 0]
					}
				}
			},
			"sound_effects": {
				"0.0": {
					"effect": "apw1_reload"
				}
			}
		},
		"animation.model.inspect": {
			"loop": true,
			"animation_length": 3,
			"bones": {
				"main": {
					"rotation": {
						"0.0": {
							"vector": [0, 0, 0]
						},
						"0.5": {
							"vector": [-32.73121, -24.73906, 12.40748],
							"easing": "easeInQuart"
						},
						"0.5833": {
							"vector": [-33.23121, -24.73906, 12.40748],
							"easing": "easeInCubic"
						},
						"0.8333": {
							"vector": [-32.73121, -24.73906, 12.40748],
							"easing": "easeInQuart"
						},
						"1.0": {
							"vector": [-32.73121, -24.73906, 12.40748],
							"easing": "easeInQuart"
						},
						"1.375": {
							"vector": [-36.94413, 17.07039, 66.79751],
							"easing": "easeInQuart"
						},
						"1.4583": {
							"vector": [-37.23229, 18.26698, 65.84817],
							"easing": "easeInQuart"
						},
						"2.5417": {
							"vector": [-36.94413, 17.07039, 66.79751],
							"easing": "easeInQuart"
						},
						"2.7083": {
							"vector": [-36.94413, 17.07039, 66.79751],
							"easing": "easeInQuart"
						},
						"3.0": {
							"vector": [0, 0, 0]
						}
					}
				},
				"rightarm": {
					"rotation": {
						"0.0": {
							"vector": [90, -20, 0]
						},
						"3.0": {
							"vector": [90, -20, 0]
						}
					},
					"position": {
						"0.0": {
							"vector": [-0.1, -4.2, 13]
						},
						"3.0": {
							"vector": [-0.1, -4.2, 13]
						}
					}
				},
				"leftarm": {
					"rotation": {
						"0.0": {
							"vector": [80.57795, 37.12482, -5.71946]
						},
						"3.0": {
							"vector": [80.57795, 37.12482, -5.71946]
						}
					},
					"position": {
						"0.0": {
							"vector": [5.8, -5, 1.9]
						},
						"0.25": {
							"vector": [5.76, -28.08167, -13.11789]
						},
						"0.5": {
							"vector": [11.48576, -28.98012, -5.8576]
						},
						"1.0": {
							"vector": [11.48576, -16.98012, -5.8576]
						},
						"1.375": {
							"vector": [5.74674, -3.74575, -10.7937]
						},
						"2.5417": {
							"vector": [5.74674, -3.74575, -10.7937]
						},
						"3.0": {
							"vector": [5.8, -5, 1.9]
						}
					}
				},
				"arms": {
					"position": {
						"vector": [0, 20, 0]
					}
				}
			}
		},
		"animation.apw1.inspect": {
			"loop": true,
			"animation_length": 3,
			"bones": {
				"main": {
					"rotation": {
						"0.0": {
							"vector": [0, 0, 0]
						},
						"0.5": {
							"vector": [-32.73121, -24.73906, 12.40748],
							"easing": "easeInQuart"
						},
						"0.5833": {
							"vector": [-33.23121, -24.73906, 12.40748],
							"easing": "easeInCubic"
						},
						"0.8333": {
							"vector": [-32.73121, -24.73906, 12.40748],
							"easing": "easeInQuart"
						},
						"1.0": {
							"vector": [-32.73121, -24.73906, 12.40748],
							"easing": "easeInQuart"
						},
						"1.375": {
							"vector": [-36.94413, 17.07039, 66.79751],
							"easing": "easeInQuart"
						},
						"1.4583": {
							"vector": [-37.23229, 18.26698, 65.84817],
							"easing": "easeInQuart"
						},
						"2.5417": {
							"vector": [-36.94413, 17.07039, 66.79751],
							"easing": "easeInQuart"
						},
						"2.7083": {
							"vector": [-36.94413, 17.07039, 66.79751],
							"easing": "easeInQuart"
						},
						"3.0": {
							"vector": [0, 0, 0]
						}
					}
				},
				"rightarm": {
					"rotation": {
						"0.0": {
							"vector": [90, -20, 0]
						},
						"3.0": {
							"vector": [90, -20, 0]
						}
					},
					"position": {
						"0.0": {
							"vector": [-0.1, -4.2, 13]
						},
						"3.0": {
							"vector": [-0.1, -4.2, 13]
						}
					}
				},
				"leftarm": {
					"rotation": {
						"0.0": {
							"vector": [80.57795, 37.12482, -5.71946]
						},
						"3.0": {
							"vector": [80.57795, 37.12482, -5.71946]
						}
					},
					"position": {
						"0.0": {
							"vector": [5.8, -5, 1.9]
						},
						"0.25": {
							"vector": [5.76, -28.08167, -13.11789]
						},
						"0.5": {
							"vector": [11.48576, -28.98012, -5.8576]
						},
						"1.0": {
							"vector": [11.48576, -16.98012, -5.8576]
						},
						"1.375": {
							"vector": [5.74674, -3.74575, -10.7937]
						},
						"2.5417": {
							"vector": [5.74674, -3.74575, -10.7937]
						},
						"3.0": {
							"vector": [5.8, -5, 1.9]
						}
					}
				},
				"arms": {
					"position": {
						"vector": [0, 20, 0]
					}
				}
			}
		}
	},
	"geckolib_format_version": 2
}