{
	"format_version": "1.8.0",
	"animations": {
		"animation.ar23.idle": {
			"loop": true,
			"bones": {
				"rightarm": {
					"rotation": {
						"vector": [82.02468, -19.82169, 2.71994]
					},
					"position": {
						"vector": [-0.64984, -1.22449, 1.63962]
					}
				},
				"leftarm": {
					"rotation": {
						"vector": [78.75686, 27.0478, -5.16524]
					},
					"position": {
						"vector": [4.91881, -1.90155, -5.34036]
					}
				},
				"arms": {
					"position": {
						"vector": [0, 20, 0]
					}
				}
			}
		},
		"animation.ar23.fire": {
			"animation_length": 0.0833,
			"bones": {
				"rightarm": {
					"rotation": {
						"vector": [82.02468, -19.82169, 2.71994]
					},
					"position": {
						"vector": [-0.64984, -1.22449, 1.63962]
					}
				},
				"leftarm": {
					"rotation": {
						"vector": [78.75686, 27.0478, -5.16524]
					},
					"position": {
						"vector": [4.91881, -1.90155, -5.34036]
					}
				},
				"main": {
					"rotation": {
						"0.0": {
							"vector": [0, 0, 0]
						},
						"0.0417": {
							"vector": [-1, 0, 0],
							"easing": "linear"
						},
						"0.0833": {
							"vector": [0, 0, 0],
							"easing": "linear"
						}
					},
					"position": {
						"0.0": {
							"vector": [0, 0, 0]
						},
						"0.0417": {
							"vector": [0, 0, 0.7],
							"easing": "linear"
						},
						"0.0833": {
							"vector": [0, 0, 0],
							"easing": "linear"
						}
					}
				},
				"slide": {
					"position": {
						"0.0": {
							"vector": [0, 0, 0]
						},
						"0.0417": {
							"vector": [0, 0, 2],
							"easing": "easeInExpo"
						},
						"0.0833": {
							"vector": [0, 0, 0],
							"easing": "easeInExpo"
						}
					}
				},
				"slide2": {
					"scale": {
						"0.0": {
							"vector": [1, 1, 1]
						},
						"0.0417": {
							"vector": [1, 1, 0],
							"easing": "easeInExpo"
						},
						"0.0833": {
							"vector": [1, 1, 1],
							"easing": "easeInExpo"
						}
					}
				},
				"arms": {
					"position": {
						"vector": [0, 20, 0]
					}
				}
			}
		},
		"animation.model.inspect": {
			"animation_length": 3,
			"bones": {
				"main": {
					"rotation": {
						"0.0": {
							"vector": [0, 0, 0]
						},
						"0.5": {
							"vector": [-32.73121, -24.73906, 12.40748],
							"easing": "easeInQuart"
						},
						"0.5833": {
							"vector": [-33.23121, -24.73906, 12.40748],
							"easing": "easeInCubic"
						},
						"0.8333": {
							"vector": [-32.73121, -24.73906, 12.40748],
							"easing": "easeInQuart"
						},
						"1.0": {
							"vector": [-32.73121, -24.73906, 12.40748],
							"easing": "easeInQuart"
						},
						"1.375": {
							"vector": [-36.94413, 17.07039, 66.79751],
							"easing": "easeInQuart"
						},
						"1.4583": {
							"vector": [-37.23229, 18.26698, 65.84817],
							"easing": "easeInQuart"
						},
						"2.5417": {
							"vector": [-36.94413, 17.07039, 66.79751],
							"easing": "easeInQuart"
						},
						"2.7083": {
							"vector": [-36.94413, 17.07039, 66.79751],
							"easing": "easeInQuart"
						},
						"3.0": {
							"vector": [0, 0, 0]
						}
					},
					"position": {
						"0.0": {
							"vector": [0, 0, 0]
						},
						"0.5": {
							"vector": [0, 2, 0]
						},
						"2.7083": {
							"vector": [0, 2, 0]
						},
						"3.0": {
							"vector": [0, 0, 0],
							"easing": "easeInBack"
						}
					}
				},
				"rightarm": {
					"rotation": {
						"0.0": {
							"vector": [82.02468, -19.82169, 2.71994]
						},
						"3.0": {
							"vector": [82.02468, -19.82169, 2.71994]
						}
					},
					"position": {
						"0.0": {
							"vector": [-0.64984, -1.22449, 1.63962]
						},
						"3.0": {
							"vector": [-0.64984, -1.22449, 1.63962]
						}
					}
				},
				"leftarm": {
					"rotation": {
						"0.0": {
							"vector": [78.75686, 27.0478, -5.16524]
						},
						"3.0": {
							"vector": [78.75686, 27.0478, -5.16524]
						}
					},
					"position": {
						"0.0": {
							"vector": [4.91881, -1.90155, -5.34036]
						},
						"0.25": {
							"vector": [5.75, -14.85704, -13.77465]
						},
						"0.5": {
							"vector": [11.48576, -16.98012, -5.8576]
						},
						"1.0": {
							"vector": [11.48576, -16.98012, -5.8576]
						},
						"1.375": {
							"vector": [6.04674, -2.19686, -5.20547]
						},
						"2.6667": {
							"vector": [6.04674, -2.19686, -5.20547]
						},
						"3.0": {
							"vector": [4.91881, -1.90155, -5.34036]
						}
					}
				},
				"arms": {
					"position": {
						"vector": [0, 20, 0]
					}
				}
			}
		},
		"animation.ar23.inspect": {
			"animation_length": 3,
			"bones": {
				"main": {
					"rotation": {
						"0.0": {
							"vector": [0, 0, 0]
						},
						"0.5": {
							"vector": [-32.73121, -24.73906, 12.40748],
							"easing": "easeInQuart"
						},
						"0.5833": {
							"vector": [-33.23121, -24.73906, 12.40748],
							"easing": "easeInCubic"
						},
						"0.8333": {
							"vector": [-32.73121, -24.73906, 12.40748],
							"easing": "easeInQuart"
						},
						"1.0": {
							"vector": [-32.73121, -24.73906, 12.40748],
							"easing": "easeInQuart"
						},
						"1.375": {
							"vector": [-36.94413, 17.07039, 66.79751],
							"easing": "easeInQuart"
						},
						"1.4583": {
							"vector": [-37.23229, 18.26698, 65.84817],
							"easing": "easeInQuart"
						},
						"2.5417": {
							"vector": [-36.94413, 17.07039, 66.79751],
							"easing": "easeInQuart"
						},
						"2.7083": {
							"vector": [-36.94413, 17.07039, 66.79751],
							"easing": "easeInQuart"
						},
						"3.0": {
							"vector": [0, 0, 0]
						}
					},
					"position": {
						"0.0": {
							"vector": [0, 0, 0]
						},
						"0.5": {
							"vector": [0, 2, 0]
						},
						"2.7083": {
							"vector": [0, 2, 0]
						},
						"3.0": {
							"vector": [0, 0, 0],
							"easing": "easeInBack"
						}
					}
				},
				"rightarm": {
					"rotation": {
						"0.0": {
							"vector": [82.02468, -19.82169, 2.71994]
						},
						"3.0": {
							"vector": [82.02468, -19.82169, 2.71994]
						}
					},
					"position": {
						"0.0": {
							"vector": [-0.64984, -1.22449, 1.63962]
						},
						"3.0": {
							"vector": [-0.64984, -1.22449, 1.63962]
						}
					}
				},
				"leftarm": {
					"rotation": {
						"0.0": {
							"vector": [78.75686, 27.0478, -5.16524]
						},
						"3.0": {
							"vector": [78.75686, 27.0478, -5.16524]
						}
					},
					"position": {
						"0.0": {
							"vector": [4.91881, -1.90155, -5.34036]
						},
						"0.25": {
							"vector": [5.75, -14.85704, -13.77465]
						},
						"0.5": {
							"vector": [11.48576, -16.98012, -5.8576]
						},
						"1.0": {
							"vector": [11.48576, -16.98012, -5.8576]
						},
						"1.375": {
							"vector": [6.04674, -2.19686, -5.20547]
						},
						"2.6667": {
							"vector": [6.04674, -2.19686, -5.20547]
						},
						"3.0": {
							"vector": [4.91881, -1.90155, -5.34036]
						}
					}
				},
				"arms": {
					"position": {
						"vector": [0, 20, 0]
					}
				}
			}
		},
		"animation.ar23.reload": {
			"animation_length": 3.2917,
			"bones": {
				"main": {
					"rotation": {
						"0.0": {
							"vector": [0, 0, 0]
						},
						"1.875": {
							"vector": [0, 0, 0],
							"easing": "easeInCubic"
						},
						"2.4167": {
							"vector": [0, 0, 55],
							"easing": "easeInCubic"
						},
						"2.75": {
							"vector": [0, 0, 55],
							"easing": "easeInCubic"
						},
						"3.2917": {
							"vector": [0, 0, 0],
							"easing": "easeInCubic"
						}
					},
					"position": {
						"0.0": {
							"vector": [0, 0, 0]
						},
						"0.5833": {
							"vector": [0, 0, 0],
							"easing": "easeOutCubic"
						},
						"0.625": {
							"vector": [0, -0.3, 0],
							"easing": "easeOutCubic"
						},
						"0.9167": {
							"vector": [0, 0, 0],
							"easing": "easeOutCubic"
						},
						"1.7917": {
							"vector": [0, 0, 0],
							"easing": "easeOutCubic"
						},
						"1.8333": {
							"vector": [0, 0.4, 0],
							"easing": "easeOutCubic"
						},
						"2.125": {
							"vector": [0, 0, 0],
							"easing": "easeOutCubic"
						}
					}
				},
				"rightarm": {
					"rotation": {
						"vector": [82.02468, -19.82169, 2.71994]
					},
					"position": {
						"0.0": {
							"vector": [-0.64984, -1.22449, 1.63962]
						},
						"1.75": {
							"vector": [-0.65, -1.22, 1.64]
						},
						"2.4167": {
							"vector": [-2.45027, 2.62778, -6.13519],
							"easing": "easeInCubic"
						},
						"2.625": {
							"vector": [-2.45, 2.63, -2.34],
							"easing": "easeInCubic"
						},
						"3.0": {
							"vector": [-0.64984, -1.22449, 1.63962],
							"easing": "easeInCubic"
						}
					}
				},
				"leftarm": {
					"rotation": {
						"vector": [78.75686, 27.0478, -5.16524]
					},
					"position": {
						"0.0": {
							"vector": [4.91881, -1.90155, -5.34036]
						},
						"0.4167": {
							"vector": [11.84623, -4.21042, 7.76303],
							"easing": "easeInQuart"
						},
						"0.625": {
							"vector": [5.56795, -3.9948, 6.53953],
							"easing": "easeInQuart"
						},
						"0.9167": {
							"vector": [5.57, -17.77731, 4.10893],
							"easing": "easeInQuart"
						},
						"1.5417": {
							"vector": [5.57, -17.77731, 4.10893],
							"easing": "easeInQuart"
						},
						"1.75": {
							"vector": [5.56795, -3.9948, 6.53953],
							"easing": "easeInQuart"
						},
						"2.125": {
							"vector": [4.91881, -1.90155, -5.34036],
							"easing": "easeInQuart"
						}
					}
				},
				"magazine": {
					"position": {
						"0.0": {
							"vector": [0, 0, 0]
						},
						"0.625": {
							"vector": [0, 0, 0]
						},
						"0.9167": {
							"vector": [1, -14, 0]
						},
						"1.5417": {
							"vector": [1, -14, 0]
						},
						"1.75": {
							"vector": [0, 0, 0]
						}
					}
				},
				"slide": {
					"position": {
						"2.4167": {
							"vector": [0, 0, 0]
						},
						"2.7917": {
							"vector": [0, 0, 2.1],
							"easing": "easeInElastic"
						},
						"2.9583": {
							"vector": [0, 0, 0],
							"easing": "easeInElastic"
						}
					}
				},
				"slide2": {
					"scale": {
						"2.4167": {
							"vector": [1, 1, 1]
						},
						"2.7917": {
							"vector": [1, 1, 0],
							"easing": "easeInElastic"
						},
						"2.9583": {
							"vector": [1, 1, 1],
							"easing": "easeInElastic"
						}
					}
				},
				"arms": {
					"position": {
						"vector": [0, 20, 0]
					}
				}
			},
			"sound_effects": {
				"0.0": {
					"effect": "ar23_reload"
				}
			}
		}
	},
	"geckolib_format_version": 2
}