{
	"format_version": "1.8.0",
	"animations": {
		"animation.las16.idle": {
			"loop": true,
			"bones": {
				"rightarm": {
					"rotation": {
						"vector": [84.07764, -32.36121, 3.17805]
					},
					"position": {
						"vector": [-2.80145, -0.35082, 4.00984]
					}
				},
				"leftarm": {
					"rotation": {
						"vector": [71.88679, 33.64409, -10.27206]
					},
					"position": {
						"vector": [5.74674, -2.29686, -10.40547]
					}
				},
				"arms": {
					"position": {
						"vector": [0, 20, 0]
					}
				}
			}
		},
		"animation.model.fire": {
			"loop": true,
			"animation_length": 0.0833,
			"bones": {
				"main": {
					"rotation": {
						"0.0": {
							"vector": [0, 0, 0]
						},
						"0.0417": {
							"vector": [1.49977, -0.02618, 0.99966],
							"easing": "easeInOutBounce",
							"easingArgs": [0.5]
						},
						"0.0833": {
							"vector": [0, 0, 0],
							"easing": "easeInOutBounce",
							"easingArgs": [0.5]
						}
					},
					"position": {
						"0.0": {
							"vector": [0, 0, 0]
						},
						"0.0417": {
							"vector": [0, 0, 0.7],
							"easing": "easeInOutBounce",
							"easingArgs": [0.5]
						},
						"0.0833": {
							"vector": [0, 0, 0],
							"easing": "easeInOutBounce",
							"easingArgs": [0.5]
						}
					}
				},
				"rightarm": {
					"rotation": {
						"vector": [84.07764, -32.36121, 3.17805]
					},
					"position": {
						"vector": [-2.80145, -0.35082, 4.00984]
					}
				},
				"leftarm": {
					"rotation": {
						"vector": [71.88679, 33.64409, -10.27206]
					},
					"position": {
						"vector": [5.74674, -2.29686, -10.40547]
					}
				},
				"trigger": {
					"rotation": {
						"0.0": {
							"vector": [0, 0, 0]
						},
						"0.0417": {
							"vector": [5, 0, 0],
							"easing": "easeInElastic"
						},
						"0.0833": {
							"vector": [0, 0, 0],
							"easing": "easeInElastic"
						}
					},
					"position": {
						"0.0": {
							"vector": [0, 0, 0]
						},
						"0.0417": {
							"vector": [0, 0.00872, 0.09962],
							"easing": "easeInElastic"
						},
						"0.0833": {
							"vector": [0, 0, 0],
							"easing": "easeInElastic"
						}
					}
				},
				"arms": {
					"position": {
						"vector": [0, 20, 0]
					}
				}
			}
		},
		"animation.las16.reload": {
			"animation_length": 3.4167,
			"bones": {
				"main": {
					"rotation": {
						"0.0": {
							"vector": [0, 0, 0]
						},
						"0.5": {
							"vector": [0, 0, 62.5],
							"easing": "easeInExpo"
						},
						"2.875": {
							"vector": [0, 0, 62.5],
							"easing": "easeInExpo"
						},
						"3.4167": {
							"vector": [0, 0, 0],
							"easing": "easeInExpo"
						}
					},
					"position": {
						"0.0": {
							"vector": [0, 0, 0]
						},
						"0.5417": {
							"vector": [0.13852, -0.2661, 0],
							"easing": "easeInCirc"
						},
						"0.6667": {
							"vector": [0.00383, -0.0013, 0],
							"easing": "easeInCirc"
						},
						"1.25": {
							"vector": [0.00383, -0.0013, 0],
							"easing": "easeInCirc"
						},
						"1.2917": {
							"vector": [-0.26245, -0.3621, 0],
							"easing": "easeInCirc"
						},
						"1.4583": {
							"vector": [0.00383, -0.0013, 0],
							"easing": "easeInCirc"
						},
						"1.5417": {
							"vector": [-0.04617, 0.0887, 0],
							"easing": "easeInCirc"
						},
						"1.625": {
							"vector": [0.00383, -0.0013, 0],
							"easing": "easeInCirc"
						},
						"2.6667": {
							"vector": [0, 0, 0],
							"easing": "easeInCirc"
						},
						"2.7083": {
							"vector": [-0.44351, -0.23087, 0],
							"easing": "easeInCirc"
						},
						"2.875": {
							"vector": [0.00383, -0.0013, 0],
							"easing": "easeInQuint"
						},
						"3.4167": {
							"vector": [0, 0, 0],
							"easing": "easeInExpo"
						}
					}
				},
				"magcase": {
					"rotation": {
						"0.75": {
							"vector": [0, 0, 0]
						},
						"1.0": {
							"vector": [0, 0, -35],
							"easing": "easeInElastic",
							"easingArgs": [2]
						},
						"2.8333": {
							"vector": [0, 0, -35],
							"easing": "easeInElastic",
							"easingArgs": [2]
						},
						"3.0": {
							"vector": [0, 0, 0],
							"easing": "easeInOutCirc"
						}
					}
				},
				"magazine": {
					"rotation": {
						"0.0": {
							"vector": [-4.46523, 1.86086, 0.22049]
						},
						"1.625": {
							"vector": [-4.46523, 1.86086, 0.22049]
						},
						"2.0417": {
							"vector": [71.88679, 33.64409, -10.27206],
							"easing": "easeInSine"
						},
						"2.4167": {
							"vector": [-32.94581, 72.03614, -124.26563],
							"easing": "easeInSine"
						},
						"2.625": {
							"vector": [-4.46523, 1.86086, 0.22049]
						},
						"2.75": {
							"vector": [-4.46523, 1.86086, 0.22049]
						}
					},
					"position": {
						"1.25": {
							"vector": [0, 0, 0]
						},
						"1.4167": {
							"vector": [0, 72, 0],
							"easing": "easeInElastic",
							"easingArgs": [2]
						},
						"1.625": {
							"vector": [-0.64007, -3.16014, -11.06362],
							"easing": "step",
							"easingArgs": [2]
						},
						"2.0417": {
							"vector": [-0.64007, -3.16014, -11.06362],
							"easing": "easeInSine"
						},
						"2.2083": {
							"vector": [7.66249, 6.06444, -14.79141],
							"easing": "easeInSine"
						},
						"2.4167": {
							"vector": [4.64863, 7.92679, -2.21245],
							"easing": "easeInSine"
						},
						"2.5417": {
							"vector": [0.34748, 4.12961, -1.84004]
						},
						"2.625": {
							"vector": [0.57139, 1.23169, -1.7859],
							"easing": "easeInSine"
						},
						"2.75": {
							"vector": [0, 0, 0]
						}
					}
				},
				"rightarm": {
					"rotation": {
						"vector": [84.07764, -32.36121, 3.17805]
					},
					"position": {
						"vector": [-2.80145, -0.35082, 4.00984]
					}
				},
				"leftarm": {
					"rotation": {
						"0.0": {
							"vector": [71.88679, 33.64409, -10.27206]
						},
						"2.0417": {
							"vector": [71.88679, 33.64409, -10.27206],
							"easing": "easeInSine"
						},
						"2.4167": {
							"vector": [-32.94581, 72.03614, -124.26563],
							"easing": "easeInSine"
						},
						"2.625": {
							"vector": [34.55419, 72.03614, -124.26563],
							"easing": "easeInSine"
						},
						"2.75": {
							"vector": [34.55419, 72.03614, -124.26563],
							"easing": "easeInSine"
						},
						"3.0833": {
							"vector": [71.88679, 33.64409, -10.27206],
							"easing": "easeInSine"
						}
					},
					"position": {
						"0.0": {
							"vector": [5.74674, -2.29686, -10.40547]
						},
						"2.0417": {
							"vector": [5.75, -2.3, -10.41],
							"easing": "easeInSine"
						},
						"2.2083": {
							"vector": [9.13406, 8.93892, -17.54312],
							"easing": "easeInSine"
						},
						"2.4167": {
							"vector": [5.75, 9.29111, -7.30417],
							"easing": "easeInSine"
						},
						"2.5417": {
							"vector": [1.95678, 11.14985, -5.50275]
						},
						"2.625": {
							"vector": [-0.76517, 8.94808, -4.73055],
							"easing": "easeInSine"
						},
						"2.75": {
							"vector": [-0.76517, 7.44808, -4.73055],
							"easing": "easeInSine"
						},
						"2.8333": {
							"vector": [0.13283, 9.88645, -7.82856]
						},
						"2.9167": {
							"vector": [9.13406, 8.93892, -17.54312],
							"easing": "easeInSine"
						},
						"3.0": {
							"vector": [9.96981, 2.28414, -16.9104]
						},
						"3.0833": {
							"vector": [5.74674, -2.29686, -10.40547],
							"easing": "easeInSine"
						}
					}
				},
				"arms": {
					"position": {
						"vector": [0, 20, 0]
					}
				}
			}
		},
		"animation.model.inspect": {
			"animation_length": 3,
			"bones": {
				"main": {
					"rotation": {
						"0.0": {
							"vector": [0, 0, 0]
						},
						"0.5": {
							"vector": [-32.73121, -24.73906, 12.40748],
							"easing": "easeInQuart"
						},
						"0.5833": {
							"vector": [-33.23121, -24.73906, 12.40748],
							"easing": "easeInCubic"
						},
						"0.8333": {
							"vector": [-32.73121, -24.73906, 12.40748],
							"easing": "easeInQuart"
						},
						"1.0": {
							"vector": [-32.73121, -24.73906, 12.40748],
							"easing": "easeInQuart"
						},
						"1.375": {
							"vector": [-36.94413, 17.07039, 66.79751],
							"easing": "easeInQuart"
						},
						"1.4583": {
							"vector": [-37.23229, 18.26698, 65.84817],
							"easing": "easeInQuart"
						},
						"2.5417": {
							"vector": [-36.94413, 17.07039, 66.79751],
							"easing": "easeInQuart"
						},
						"2.7083": {
							"vector": [-36.94413, 17.07039, 66.79751],
							"easing": "easeInQuart"
						},
						"3.0": {
							"vector": [0, 0, 0]
						}
					}
				},
				"rightarm": {
					"rotation": {
						"0.0": {
							"vector": [84.07764, -32.36121, 3.17805]
						},
						"3.0": {
							"vector": [84.07764, -32.36121, 3.17805]
						}
					},
					"position": {
						"0.0": {
							"vector": [-2.80145, -0.35082, 4.00984]
						},
						"3.0": {
							"vector": [-2.80145, -0.35082, 4.00984]
						}
					}
				},
				"leftarm": {
					"rotation": {
						"0.0": {
							"vector": [71.88679, 33.64409, -10.27206]
						},
						"3.0": {
							"vector": [71.88679, 33.64409, -10.27206]
						}
					},
					"position": {
						"0.0": {
							"vector": [5.74674, -2.29686, -10.40547]
						},
						"0.25": {
							"vector": [5.75, -14.85704, -13.77465]
						},
						"0.5": {
							"vector": [11.48576, -16.98012, -5.8576]
						},
						"1.0": {
							"vector": [11.48576, -16.98012, -5.8576]
						},
						"1.375": {
							"vector": [5.74674, -2.29686, -10.40547]
						},
						"3.0": {
							"vector": [5.74674, -2.29686, -10.40547]
						}
					}
				},
				"arms": {
					"position": {
						"vector": [0, 20, 0]
					}
				}
			}
		}
	},
	"geckolib_format_version": 2
}