{
	"format_version": "1.8.0",
	"animations": {
		"animation.r36.idle": {
			"loop": true,
			"bones": {
				"gun": {
					"rotation": {
						"vector": [-2.4905, -0.21782, -4.99527]
					}
				},
				"rightarm": {
					"rotation": {
						"vector": [77.07362, -14.63639, 3.31914]
					},
					"position": {
						"vector": [0.08923, -0.51721, 7.41523]
					}
				},
				"leftarm": {
					"rotation": {
						"vector": [47.94398, -3.43137, -54.34181]
					},
					"position": {
						"vector": [5.75456, -0.32496, -7.59765]
					}
				}
			}
		},
		"animation.r36.idle_empty": {
			"loop": true,
			"bones": {
				"gun": {
					"rotation": {
						"vector": [-2.4905, -0.21782, -4.99527]
					}
				},
				"rightarm": {
					"rotation": {
						"vector": [77.07362, -14.63639, 3.31914]
					},
					"position": {
						"vector": [0.08923, -0.51721, 7.41523]
					}
				},
				"leftarm": {
					"rotation": {
						"vector": [47.94398, -3.43137, -54.34181]
					},
					"position": {
						"vector": [5.75456, -0.32496, -7.59765]
					}
				},
				"slide": {
					"position": {
						"vector": [0, 0, 3.6]
					}
				}
			}
		},
		"animation.model.fire": {
			"loop": true,
			"animation_length": 0.7917,
			"bones": {
				"gun": {
					"rotation": {
						"0.0": {
							"vector": [-2.4905, -0.21782, -4.99527]
						},
						"0.2222": {
							"vector": [-14.97824, -1.76578, 0.57503],
							"easing": "easeInElastic"
						},
						"0.8056": {
							"vector": [-2.4905, -0.21782, -4.99527],
							"easing": "easeInElastic"
						}
					},
					"position": {
						"0.0": {
							"vector": [0, 0, 0]
						},
						"0.0833": {
							"vector": [-0.15626, 1.65635, 6.22918],
							"easing": "easeInElastic"
						},
						"0.8056": {
							"vector": [0, 0, 0],
							"easing": "easeInElastic"
						}
					}
				},
				"rightarm": {
					"rotation": {
						"vector": [77.07362, -14.63639, 3.31914]
					},
					"position": {
						"vector": [0.08923, -0.51721, 7.41523]
					}
				},
				"leftarm": {
					"rotation": {
						"vector": [47.94398, -3.43137, -54.34181]
					},
					"position": {
						"vector": [5.75456, -0.32496, -7.59765]
					}
				},
				"slide": {
					"position": {
						"0.0": {
							"vector": [0, 0, 0]
						},
						"0.0833": {
							"vector": [0, 0, 3.6],
							"easing": "easeInElastic",
							"easingArgs": [0.5]
						},
						"0.3333": {
							"vector": [0, 0, 0],
							"easing": "easeInCubic"
						}
					}
				},
				"arms": {
					"position": {
						"vector": [0, 20, 0]
					}
				}
			}
		},
		"animation.model.inspect": {
			"loop": true,
			"animation_length": 6.125,
			"bones": {
				"gun": {
					"rotation": {
						"0.0": {
							"vector": [-2.4905, -0.21782, -4.99527]
						},
						"0.8333": {
							"vector": [-28.0475, -35.17983, -3.24783],
							"easing": "easeInElastic",
							"easingArgs": [0.5]
						},
						"2.0": {
							"vector": [-34.55779, -33.9751, -0.5871],
							"easing": "easeInOutBack",
							"easingArgs": [0.2]
						},
						"2.25": {
							"vector": [-34.55779, -33.9751, -0.5871],
							"easing": "easeInOutBack",
							"easingArgs": [0.2]
						},
						"3.1667": {
							"vector": [-31.47106, 36.7988, 82.84743],
							"easing": "easeInElastic",
							"easingArgs": [0.5]
						},
						"5.0": {
							"vector": [-31.95866, 34.07603, 77.69848],
							"easing": "easeInOutElastic",
							"easingArgs": [0.2]
						},
						"6.0": {
							"vector": [-2.4905, -0.21782, -4.99527],
							"easing": "easeInElastic",
							"easingArgs": [0.2]
						}
					},
					"position": {
						"0.0": {
							"vector": [0, 0, 0]
						},
						"0.8333": {
							"vector": [-0.15992, 2.22984, 0.04728],
							"easing": "easeInElastic",
							"easingArgs": [0.5]
						},
						"2.125": {
							"vector": [-0.19298, 2.67576, 0.06459],
							"easing": "easeInElastic"
						},
						"2.25": {
							"vector": [-0.19298, 2.67576, 0.06459],
							"easing": "easeInElastic"
						},
						"5.0": {
							"vector": [-0.20765, 2.76093, 0.11603],
							"easing": "easeInOutElastic",
							"easingArgs": [0.2]
						},
						"6.0": {
							"vector": [0, 0, 0],
							"easing": "easeInElastic",
							"easingArgs": [0.2]
						}
					}
				},
				"rightarm": {
					"rotation": {
						"0.0": {
							"vector": [77.07362, -14.63639, 3.31914]
						},
						"6.0": {
							"vector": [77.07362, -14.63639, 3.31914],
							"easing": "easeInElastic",
							"easingArgs": [0.2]
						}
					},
					"position": {
						"0.0": {
							"vector": [0.08923, -0.51721, 7.41523]
						},
						"6.0": {
							"vector": [0.08923, -0.51721, 7.41523],
							"easing": "easeInElastic",
							"easingArgs": [0.2]
						}
					}
				},
				"leftarm": {
					"rotation": {
						"0.0": {
							"vector": [47.94398, -3.43137, -54.34181]
						},
						"3.1667": {
							"vector": [24.58209, -21.86952, -148.25161],
							"easing": "easeInElastic",
							"easingArgs": [0.5]
						},
						"5.0": {
							"vector": [18.99651, -17.14982, -146.49979],
							"easing": "easeInOutElastic",
							"easingArgs": [0.2]
						},
						"6.0": {
							"vector": [47.94398, -3.43137, -54.34181],
							"easing": "easeInElastic",
							"easingArgs": [0.2]
						}
					},
					"position": {
						"0.0": {
							"vector": [5.75456, -0.32496, -7.59765]
						},
						"0.8333": {
							"vector": [13.00702, -6.2924, 2.77623],
							"easing": "easeInQuad"
						},
						"2.25": {
							"vector": [13.00702, -6.2924, 2.77623],
							"easing": "easeInElastic"
						},
						"3.1667": {
							"vector": [6.38092, 10.91414, -6.72867],
							"easing": "easeInElastic",
							"easingArgs": [0.5]
						},
						"5.0": {
							"vector": [6.18092, 9.91414, -7.72867],
							"easing": "easeInElastic",
							"easingArgs": [0.5]
						},
						"5.5": {
							"vector": [10.8039, 2.32364, -7.11376],
							"easing": "easeInElastic"
						},
						"6.0": {
							"vector": [5.75456, -0.32496, -7.59765],
							"easing": "easeInElastic",
							"easingArgs": [0.2]
						}
					}
				},
				"arms": {
					"position": {
						"vector": [0, 20, 0]
					}
				}
			}
		},
		"animation.r36.reload": {
			"loop": true,
			"animation_length": 2.25,
			"bones": {
				"gun": {
					"rotation": {
						"0.0": {
							"vector": [-2.4905, -0.21782, -4.99527]
						},
						"0.4583": {
							"vector": [-17.33306, -19.77822, -12.20391],
							"easing": "easeInElastic",
							"easingArgs": [0.2]
						},
						"0.5": {
							"vector": [-17.33306, -19.77822, -12.20391],
							"easing": "easeInElastic",
							"easingArgs": [0.2]
						},
						"0.6667": {
							"vector": [-15.33306, -19.77822, -12.20391]
						},
						"1.0417": {
							"vector": [-17.33306, -19.77822, -12.20391],
							"easing": "easeInElastic",
							"easingArgs": [0.2]
						},
						"1.2917": {
							"vector": [-17.33306, -19.77822, -12.20391],
							"easing": "easeInElastic",
							"easingArgs": [0.2]
						},
						"1.5": {
							"vector": [-21.46002, -22.79566, -13.35126],
							"easing": "easeInElastic"
						},
						"1.75": {
							"vector": [-15.33306, -19.77822, -12.20391]
						},
						"2.2083": {
							"vector": [-2.4905, -0.21782, -4.99527],
							"easing": "easeInElastic",
							"easingArgs": [0.5]
						}
					},
					"position": {
						"0.0": {
							"vector": [0, 0, 0]
						},
						"0.4583": {
							"vector": [0, 4, 0],
							"easing": "easeInElastic",
							"easingArgs": [0.2]
						},
						"0.5": {
							"vector": [0, 4, 0],
							"easing": "easeInElastic",
							"easingArgs": [0.2]
						},
						"0.625": {
							"vector": [0, 3.1, 0],
							"easing": "easeInElastic"
						},
						"0.9167": {
							"vector": [0, 4, 0],
							"easing": "easeInElastic",
							"easingArgs": [0.2]
						},
						"1.375": {
							"vector": [0, 4, 0],
							"easing": "easeInElastic",
							"easingArgs": [0.2]
						},
						"1.5": {
							"vector": [0, 5.1, 0],
							"easing": "easeInElastic"
						},
						"1.7083": {
							"vector": [0, 5.1, 0],
							"easing": "easeInElastic"
						},
						"2.25": {
							"vector": [0, 0, 0],
							"easing": "easeInElastic"
						}
					}
				},
				"mag": {
					"rotation": {
						"vector": [0, 0, 0]
					},
					"position": {
						"0.0": {
							"vector": [0, 0, 0]
						},
						"0.5": {
							"vector": [0, 0, 0]
						},
						"1.125": {
							"vector": [-3.97843, -18.23412, 7.18951],
							"easing": "easeInElastic"
						},
						"1.4167": {
							"vector": [0, 0, 0],
							"easing": "easeInElastic",
							"easingArgs": [0.2]
						}
					}
				},
				"rightarm": {
					"rotation": {
						"vector": [77.07362, -14.63639, 3.31914]
					},
					"position": {
						"vector": [0.08923, -0.51721, 7.41523]
					}
				},
				"leftarm": {
					"rotation": {
						"0.0": {
							"vector": [47.94398, -3.43137, -54.34181]
						},
						"2.25": {
							"vector": [47.94398, -3.43137, -54.34181],
							"easing": "easeInElastic"
						}
					},
					"position": {
						"0.0": {
							"vector": [5.75456, -0.32496, -7.59765]
						},
						"0.4583": {
							"vector": [4.60783, -3.71173, -0.65798],
							"easing": "easeInElastic",
							"easingArgs": [0.2]
						},
						"0.5": {
							"vector": [4.60783, -3.71173, -0.65798],
							"easing": "easeInElastic",
							"easingArgs": [0.2]
						},
						"1.125": {
							"vector": [0.63157, -21.94412, 6.52951],
							"easing": "easeInElastic"
						},
						"1.4167": {
							"vector": [4.60783, -3.71173, -0.65798],
							"easing": "easeInElastic",
							"easingArgs": [0.2]
						},
						"2.25": {
							"vector": [5.75456, -0.32496, -7.59765],
							"easing": "easeInElastic"
						}
					}
				},
				"arms": {
					"position": {
						"vector": [0, 20, 0]
					}
				}
			}
		},
		"animation.r36.reloadempty": {
			"loop": true,
			"animation_length": 3.25,
			"bones": {
				"gun": {
					"rotation": {
						"0.0": {
							"vector": [-2.4905, -0.21782, -4.99527]
						},
						"0.4583": {
							"vector": [-17.33306, -19.77822, -12.20391],
							"easing": "easeInElastic",
							"easingArgs": [0.2]
						},
						"0.5": {
							"vector": [-17.33306, -19.77822, -12.20391],
							"easing": "easeInElastic",
							"easingArgs": [0.2]
						},
						"0.6667": {
							"vector": [-15.33306, -19.77822, -12.20391]
						},
						"1.0417": {
							"vector": [-17.33306, -19.77822, -12.20391],
							"easing": "easeInElastic",
							"easingArgs": [0.2]
						},
						"1.2917": {
							"vector": [-17.33306, -19.77822, -12.20391],
							"easing": "easeInElastic",
							"easingArgs": [0.2]
						},
						"1.5": {
							"vector": [-21.46002, -22.79566, -13.35126],
							"easing": "easeInElastic"
						},
						"1.75": {
							"vector": [-15.33306, -19.77822, -12.20391]
						},
						"2.1667": {
							"vector": [-17.01182, 0.50219, 41.41759],
							"easing": "easeInElastic",
							"easingArgs": [0.5]
						},
						"2.75": {
							"vector": [-15.84276, 0.32027, 29.6906],
							"easing": "easeInQuad"
						},
						"3.2083": {
							"vector": [-2.4905, -0.21782, -4.99527],
							"easing": "easeInElastic",
							"easingArgs": [0.5]
						}
					},
					"position": {
						"0.0": {
							"vector": [0, 0, 0]
						},
						"0.4583": {
							"vector": [0, 4, 0],
							"easing": "easeInElastic",
							"easingArgs": [0.2]
						},
						"0.5": {
							"vector": [0, 4, 0],
							"easing": "easeInElastic",
							"easingArgs": [0.2]
						},
						"0.625": {
							"vector": [0, 3.1, 0],
							"easing": "easeInElastic"
						},
						"0.9167": {
							"vector": [0, 4, 0],
							"easing": "easeInElastic",
							"easingArgs": [0.2]
						},
						"1.375": {
							"vector": [0, 4, 0],
							"easing": "easeInElastic",
							"easingArgs": [0.2]
						},
						"1.5": {
							"vector": [0, 5.1, 0],
							"easing": "easeInElastic"
						},
						"1.7083": {
							"vector": [0, 5.1, 0],
							"easing": "easeInElastic"
						},
						"2.1667": {
							"vector": [4, 2.12, 0],
							"easing": "easeInElastic",
							"easingArgs": [0.5]
						},
						"2.4167": {
							"vector": [3.39535, 1.66861, 0.96118],
							"easing": "easeInQuad"
						},
						"3.25": {
							"vector": [0, 0, 0],
							"easing": "easeInElastic"
						}
					}
				},
				"mag": {
					"rotation": {
						"vector": [0, 0, 0]
					},
					"position": {
						"0.0": {
							"vector": [0, 0, 0]
						},
						"0.5": {
							"vector": [0, 0, 0]
						},
						"1.125": {
							"vector": [-3.97843, -18.23412, 7.18951],
							"easing": "easeInElastic"
						},
						"1.4167": {
							"vector": [0, 0, 0],
							"easing": "easeInElastic",
							"easingArgs": [0.2]
						}
					}
				},
				"rightarm": {
					"rotation": {
						"0.0": {
							"vector": [77.07362, -14.63639, 3.31914]
						},
						"1.875": {
							"vector": [77.07, -14.64, 3.32]
						}
					},
					"position": {
						"0.0": {
							"vector": [0.08923, -0.51721, 7.41523]
						},
						"1.875": {
							"vector": [0.09, -0.52, 7.42]
						},
						"2.2917": {
							"vector": [-2.418, 1.19904, -6.41057],
							"easing": "easeInElastic",
							"easingArgs": [0.2]
						},
						"2.5": {
							"vector": [-2.53161, 2.37048, -2.58671],
							"easing": "easeInElastic"
						},
						"2.875": {
							"vector": [0.09, -0.52, 7.42],
							"easing": "easeInElastic",
							"easingArgs": [0.2]
						}
					}
				},
				"leftarm": {
					"rotation": {
						"0.0": {
							"vector": [47.94398, -3.43137, -54.34181]
						},
						"2.4167": {
							"vector": [47.94398, -3.43137, -54.34181],
							"easing": "easeInElastic"
						}
					},
					"position": {
						"0.0": {
							"vector": [5.75456, -0.32496, -7.59765]
						},
						"0.4583": {
							"vector": [4.60783, -3.71173, -0.65798],
							"easing": "easeInElastic",
							"easingArgs": [0.2]
						},
						"0.5": {
							"vector": [4.60783, -3.71173, -0.65798],
							"easing": "easeInElastic",
							"easingArgs": [0.2]
						},
						"1.125": {
							"vector": [0.63157, -21.94412, 6.52951],
							"easing": "easeInElastic"
						},
						"1.4167": {
							"vector": [4.60783, -3.71173, -0.65798],
							"easing": "easeInElastic",
							"easingArgs": [0.2]
						},
						"1.5417": {
							"vector": [4.60783, -3.71173, -0.65798],
							"easing": "easeInElastic",
							"easingArgs": [0.2]
						},
						"2.4167": {
							"vector": [5.75456, -0.32496, -7.59765],
							"easing": "easeInElastic"
						}
					}
				},
				"slide": {
					"rotation": {
						"vector": [0, 0, 0]
					},
					"position": {
						"1.75": {
							"vector": [0, 0, 0]
						},
						"2.2917": {
							"vector": [0, 0, 0],
							"easing": "easeInElastic"
						},
						"2.5": {
							"vector": [0, 0, 3.6],
							"easing": "easeInElastic"
						},
						"2.6667": {
							"vector": [0, 0, 0],
							"easing": "easeInQuad"
						}
					}
				},
				"arms": {
					"position": {
						"vector": [0, 20, 0]
					}
				}
			}
		}
	},
	"geckolib_format_version": 2
}