{
	"format_version": "1.8.0",
	"animations": {
		"animation.model.inspect": {
			"loop": false,
			"animation_length": 4.26667,
			"bones": {
				"main": {
					"rotation": {
						"0.0": {
							"vector": [0, 0, 0]
						},
						"0.1667": {
							"vector": [-8.41746, -13.59608, -21.21259],
							"easing": "linear"
						},
						"0.3": {
							"vector": [-8.39812, -20.10111, -31.77688]
						},
						"0.4333": {
							"vector": [-9.55676, -20.88889, -28.55629]
						},
						"0.5333": {
							"vector": [-8.77652, -21.21647, -30.72851]
						},
						"0.7667": {
							"vector": [-9.4227, -20.94881, -28.93303]
						},
						"1.0": {
							"vector": [-3.1216, -20.98207, -46.44405]
						},
						"1.1333": {
							"vector": [-4.564, -20.73064, -42.44007]
						},
						"1.2333": {
							"vector": [-4.86325, -20.9153, -41.60203]
						},
						"1.3333": {
							"vector": [-4.58308, -20.97575, -42.38574]
						},
						"1.4667": {
							"vector": [-4.01131, -21.08802, -43.97908]
						},
						"1.6": {
							"vector": [-4.38767, -21.01662, -42.9316]
						},
						"1.7": {
							"vector": [-4.18847, -21.05622, -43.48691],
							"easing": "linear"
						},
						"2.0333": {
							"vector": [-16.91438, 5.38499, 54.40399],
							"easing": "linear"
						},
						"2.1667": {
							"vector": [-15.22513, 5.80082, 60.04554]
						},
						"2.3": {
							"vector": [-15.70981, 5.86025, 59.48558]
						},
						"2.4333": {
							"vector": [-15.93602, 7.03904, 62.69373]
						},
						"2.5667": {
							"vector": [-15.60896, 7.75082, 65.23442]
						},
						"2.7333": {
							"vector": [-15.71675, 7.52491, 64.42194]
						},
						"2.9": {
							"vector": [-15.56389, 7.84019, 65.55973]
						},
						"3.1": {
							"vector": [-15.61778, 7.73186, 65.16659]
						},
						"3.2667": {
							"vector": [-15.9801, 6.93689, 62.33342]
						},
						"3.4": {
							"vector": [-8.86998, 2.42135, 33.56191]
						},
						"3.5333": {
							"vector": [0, -1.75, -2.75]
						},
						"3.7": {
							"vector": [0, 0, 0]
						}
					},
					"position": {
						"0.0": {
							"vector": [0, 0, 0]
						},
						"0.3": {
							"vector": [-0.475, 1.475, -8.7]
						},
						"0.4": {
							"vector": [-0.195, 1, -7.7]
						},
						"0.5333": {
							"vector": [-0.03, 0.725, -7.7]
						},
						"0.7": {
							"vector": [0, 1.125, -7.7]
						},
						"0.9": {
							"vector": [0.125, 1.4, -8.275]
						},
						"1.2": {
							"vector": [-0.02, 1.475, -8]
						},
						"1.4": {
							"vector": [0.11, 1.425, -8.175]
						},
						"1.6667": {
							"vector": [0.275, 1.25, -7.975]
						},
						"1.8": {
							"vector": [-0.13, -1.19, -8.65]
						},
						"1.9667": {
							"vector": [-0.545, -1.325, -11.15]
						},
						"2.1333": {
							"vector": [-0.415, -1.395, -10.545]
						},
						"2.2667": {
							"vector": [-0.525, -1.455, -9.17]
						},
						"2.4": {
							"vector": [-0.49, -1.43, -9.85]
						},
						"2.5667": {
							"vector": [-0.455, -1.5, -9.24]
						},
						"2.7667": {
							"vector": [-0.53, -1.5, -9.27]
						},
						"3.0": {
							"vector": [-0.49, -1.41, -9.3]
						},
						"3.2333": {
							"vector": [-0.545, -1.325, -9.325]
						},
						"3.3667": {
							"vector": [-1.005, -0.61, -7.41]
						},
						"3.6333": {
							"vector": [0, 0, 0]
						}
					}
				},
				"leftarm": {
					"rotation": {
						"0.0": {
							"vector": [0, 0, 0]
						},
						"0.1667": {
							"vector": [-25.79913, -4.2641, 3.67151]
						},
						"0.7667": {
							"vector": [-25.79913, -4.2641, 3.67151]
						},
						"1.0": {
							"vector": [-26.87469, -11.14104, 13.87187]
						},
						"1.7333": {
							"vector": [-26.87469, -11.14104, 13.87187]
						},
						"2.0333": {
							"vector": [-20, 0, -45]
						},
						"3.3": {
							"vector": [-20, 0, -45]
						},
						"3.5667": {
							"vector": [0, 0, 0]
						}
					},
					"position": {
						"0.0": {
							"vector": [0, 0, 0]
						},
						"0.1667": {
							"vector": [1.85559, -10.96093, 7.98652]
						},
						"0.7667": {
							"vector": [1.85559, -10.96093, 7.98652]
						},
						"1.0": {
							"vector": [-2.40319, -14.56413, 8.87877]
						},
						"1.7333": {
							"vector": [-2.40319, -14.56413, 8.87877]
						},
						"2.0333": {
							"vector": [10.04841, 3.20572, 4.75519]
						},
						"3.3": {
							"vector": [10.04841, 3.20572, 4.75519]
						},
						"3.5667": {
							"vector": [0, 0, 0]
						}
					}
				}
			}
		},
		"animation.model.draw": {
			"loop": false,
			"animation_length": 1.2,
			"bones": {
				"main": {
					"rotation": {
						"0.0": {
							"vector": [32.09413, -54.38778, -8.29667]
						},
						"0.4": {
							"vector": [1.77698, -9.99529, -4.30852]
						},
						"0.55": {
							"vector": [0.58201, -1.04064, 2.6563]
						},
						"0.7": {
							"vector": [0.32388, 0.39763, -2.15014]
						},
						"0.8": {
							"vector": [0, 0, 0]
						}
					},
					"position": {
						"0.0": {
							"vector": [0, -17.3, 0]
						},
						"0.25": {
							"vector": [0, -7.41, -4.07]
						},
						"0.4": {
							"vector": [-0.4, -1.2, -2.75]
						},
						"0.5": {
							"vector": [0.4, 0, -2.6]
						},
						"0.65": {
							"vector": [0.16, -0.15, 0.275]
						},
						"0.75": {
							"vector": [0, 0, 0]
						}
					}
				},
				"leftarm": {
					"rotation": {
						"0.0": {
							"vector": [0, 0, 0]
						},
						"0.2": {
							"vector": [1, 0, -22]
						},
						"0.4": {
							"vector": [0, 0, 0]
						}
					},
					"position": {
						"0.0": {
							"vector": [0, 0, 0]
						},
						"0.2": {
							"vector": [3.53901, 3.6754, 5.59783]
						},
						"0.4": {
							"vector": [0, 0, 0]
						}
					}
				}
			}
		},
		"animation.model.reload": {
			"loop": false,
			"animation_length": 2.43333,
			"bones": {
				"main": {
					"rotation": {
						"0.0": {
							"vector": [0, 0, 0]
						},
						"0.1": {
							"vector": [-0.31307, -1.96359, -4.12296]
						},
						"0.2333": {
							"vector": [-0.91507, -1.11805, 0.06459]
						},
						"0.4": {
							"vector": [-1.30843, -1.95067, -12.75752]
						},
						"0.4667": {
							"vector": [-1.20436, -1.76652, -15.76385]
						},
						"0.5667": {
							"vector": [-2.19585, -0.66407, -4.28449]
						},
						"0.7": {
							"vector": [-2.14317, -1.32459, -8.51311]
						},
						"0.8": {
							"vector": [-2.14816, -0.78765, -7.53237]
						},
						"0.9333": {
							"vector": [-2.69761, -0.98041, -6.02393]
						},
						"1.0667": {
							"vector": [-4.67386, -0.8213, -10.3749]
						},
						"1.2333": {
							"vector": [-6.23581, -3.98344, -23.74375]
						},
						"1.3667": {
							"vector": [-7.00598, -2.73019, -19.607]
						},
						"1.4667": {
							"vector": [-6.88866, -3.46835, -21.53465]
						},
						"1.5667": {
							"vector": [-6.94778, -3.3479, -20.54017]
						},
						"1.6667": {
							"vector": [-7.00095, -2.97831, -19.57646]
						},
						"1.7667": {
							"vector": [-6.51297, -4.14014, -27.25791]
						},
						"1.9": {
							"vector": [-6.38771, -2.38499, -16.11998]
						},
						"2.0333": {
							"vector": [-4.89308, -3.01544, -17.66888]
						},
						"2.1667": {
							"vector": [-2.4459, 0.74023, -8.93047]
						},
						"2.3": {
							"vector": [0, 0, 0]
						}
					},
					"position": {
						"0.0": {
							"vector": [0, 0, 0]
						},
						"0.2": {
							"vector": [-0.65, -0.875, -3.725]
						},
						"0.3333": {
							"vector": [-0.805, -0.63, -3]
						},
						"0.4333": {
							"vector": [-0.305, -0.395, -1.925]
						},
						"0.5333": {
							"vector": [-0.45, -2.12, -2.67]
						},
						"0.6667": {
							"vector": [-0.6, -1.92, -3.145]
						},
						"0.8": {
							"vector": [-0.375, -1.345, -3.1]
						},
						"0.9667": {
							"vector": [-0.72, -1.49, -3.65]
						},
						"1.1": {
							"vector": [-1.455, -1.69, -3.325]
						},
						"1.2667": {
							"vector": [-1.2, -1.565, -3.455]
						},
						"1.4667": {
							"vector": [-1.325, -1.115, -4.125]
						},
						"1.5667": {
							"vector": [-1.435, -1.1, -3.86]
						},
						"1.6667": {
							"vector": [-1.195, -1.09, -3.595]
						},
						"1.7667": {
							"vector": [-1.265, -0.065, -3.12]
						},
						"1.8667": {
							"vector": [-0.985, -0.815, -3.47]
						},
						"2.1": {
							"vector": [-0.58, -1.095, -0.055]
						},
						"2.2333": {
							"vector": [0, 0, 0]
						}
					}
				},
				"leftarm": {
					"rotation": {
						"0.0": {
							"vector": [0, 0, 0]
						},
						"0.2": {
							"vector": [-11.82939, 3.6767, -3.38085]
						},
						"0.3": {
							"vector": [-11.82939, 3.6767, -3.38085]
						},
						"0.3667": {
							"vector": [-11.62431, -0.26612, 0.0924]
						},
						"0.4333": {
							"vector": [-11.64488, 0.48573, -0.56726]
						},
						"0.5333": {
							"vector": [-11.64488, 0.48573, -0.56726]
						},
						"0.6": {
							"vector": [-22.35614, -0.85285, 0.91928]
						},
						"0.7": {
							"vector": [14.94865, 7.61686, -1.28828]
						},
						"1.1333": {
							"vector": [14.94865, 7.61686, -1.28828]
						},
						"1.3": {
							"vector": [-20.79696, -9.70273, 11.75063]
						},
						"1.3667": {
							"vector": [-20.88097, -10.18026, 12.33503]
						},
						"1.4667": {
							"vector": [-26.63097, -10.18026, 12.33503]
						},
						"1.5667": {
							"vector": [-25.43297, -9.8762, 11.00948]
						},
						"1.6333": {
							"vector": [-25.82586, -11.58671, 13.50527]
						},
						"1.7": {
							"vector": [-26.55266, -12.42436, 14.7701]
						},
						"1.7667": {
							"vector": [-23.83331, -11.53331, 13.54366]
						},
						"1.9": {
							"vector": [-23.83331, -11.53331, 13.54366]
						},
						"2.1667": {
							"vector": [0, 0, 0]
						}
					},
					"position": {
						"0.0": {
							"vector": [0, 0, 0]
						},
						"0.1": {
							"vector": [4.5406, -2.73838, 7.76069]
						},
						"0.2": {
							"vector": [4.25137, -6.07187, 18.26467]
						},
						"0.3": {
							"vector": [4.25137, -6.07187, 18.26467]
						},
						"0.3667": {
							"vector": [1.96317, -8.17068, 13.95366]
						},
						"0.4333": {
							"vector": [1.96317, -8.17068, 9.77866]
						},
						"0.5333": {
							"vector": [1.96, -12.795, 9.78]
						},
						"0.6": {
							"vector": [3.26, -21.14, 2.355]
						},
						"0.7": {
							"vector": [1.085, -24.015, 15.035]
						},
						"1.1333": {
							"vector": [1.085, -24.015, 15.035]
						},
						"1.3": {
							"vector": [-0.995, -18.06, 8.64]
						},
						"1.3667": {
							"vector": [-1.49, -17.585, 8.64]
						},
						"1.4667": {
							"vector": [-1.29, -19.755, 7.765]
						},
						"1.5667": {
							"vector": [-1.29, -18.55, 7.77]
						},
						"1.6333": {
							"vector": [-3.09, -19.175, 6.645]
						},
						"1.7": {
							"vector": [-3.365, -17.17, 6.65]
						},
						"1.7667": {
							"vector": [-2.96, -12.145, 7.8]
						},
						"1.9": {
							"vector": [-2.96, -12.145, 7.8]
						},
						"2.0333": {
							"vector": [2.195, -8.82, 3.9]
						},
						"2.1667": {
							"vector": [0, 0, 0]
						}
					}
				},
				"magazine": {
					"rotation": {
						"0.0": {
							"vector": [0, 0, 0]
						},
						"0.4333": {
							"vector": [0, 0, 0]
						},
						"0.5333": {
							"vector": [0, 0, 0]
						},
						"0.6": {
							"vector": [-19.78747, 11.27212, -7.98045]
						},
						"0.7": {
							"vector": [-6.17956, 7.79615, -9.34672]
						},
						"1.1333": {
							"vector": [-6.17956, 7.79615, -9.34672]
						},
						"1.3": {
							"vector": [-9.5, -1, 3.5]
						},
						"1.3667": {
							"vector": [-9.47425, 0.27348, 2.01994]
						},
						"1.4667": {
							"vector": [-12.38524, -2.47881, -0.81779]
						},
						"1.5667": {
							"vector": [-5.00512, -3.0657, -3.50759]
						},
						"1.6333": {
							"vector": [0, 0, 0]
						},
						"1.7": {
							"vector": [0, 0, 0]
						},
						"1.7667": {
							"vector": [0, 0, 0]
						}
					},
					"position": {
						"0.0": {
							"vector": [0, 0, 0]
						},
						"0.4333": {
							"vector": [0, 0, 0]
						},
						"0.5333": {
							"vector": [0, -5.9, 0]
						},
						"0.6": {
							"vector": [1.23, -13.07, -4.375]
						},
						"0.7": {
							"vector": [2.875, -22.625, 0]
						},
						"1.1333": {
							"vector": [2.875, -22.625, 0]
						},
						"1.3": {
							"vector": [1.275, -6.075, -0.825]
						},
						"1.3667": {
							"vector": [1.275, -5.825, -0.825]
						},
						"1.4667": {
							"vector": [0.855, -6.855, -0.22]
						},
						"1.5667": {
							"vector": [0.685, -5.775, -0.22]
						},
						"1.6333": {
							"vector": [0, -5.9, 0]
						},
						"1.7": {
							"vector": [0, -4.05, 0]
						},
						"1.7667": {
							"vector": [0, 0, 0]
						}
					}
				}
			},
			"sound_effects": {
				"0.1": {
					"effect": "rifle_magout"
				},
				"0.6333": {
					"effect": "foley_start"
				},
				"1.1667": {
					"effect": "rifle_magin"
				},
				"1.8": {
					"effect": "foley_end"
				}
			}
		},
		"animation.model.reloadempty": {
			"loop": false,
			"animation_length": 3.86667,
			"bones": {
				"main": {
					"rotation": {
						"0.0": {
							"vector": [0, 0, 0]
						},
						"0.1333": {
							"vector": [0.64781, -1.92317, 2.11906]
						},
						"0.2333": {
							"vector": [0.41366, -1.1717, -1.74913]
						},
						"0.3333": {
							"vector": [0.14724, -0.88341, 1.90982]
						},
						"0.4333": {
							"vector": [0.03052, -0.73939, -2.1845]
						},
						"0.5333": {
							"vector": [-0.21768, -1.34131, 0.09715]
						},
						"0.6333": {
							"vector": [-0.31307, -1.96359, -4.12296]
						},
						"0.7667": {
							"vector": [-0.91507, -1.11805, 0.06459]
						},
						"0.9333": {
							"vector": [-1.30843, -1.95067, -12.75752]
						},
						"1.0": {
							"vector": [-1.20436, -1.76652, -15.76385]
						},
						"1.1": {
							"vector": [-2.19585, -0.66407, -4.28449]
						},
						"1.2333": {
							"vector": [-2.14317, -1.32459, -8.51311]
						},
						"1.3333": {
							"vector": [-2.14816, -0.78765, -7.53237]
						},
						"1.4667": {
							"vector": [-2.69761, -0.98041, -6.02393]
						},
						"1.6": {
							"vector": [-4.67386, -0.8213, -10.3749]
						},
						"1.7667": {
							"vector": [-6.23581, -3.98344, -23.74375]
						},
						"1.9": {
							"vector": [-7.00598, -2.73019, -19.607]
						},
						"2.0": {
							"vector": [-6.88866, -3.46835, -21.53465]
						},
						"2.1": {
							"vector": [-6.94778, -3.3479, -20.54017]
						},
						"2.2": {
							"vector": [-7.00095, -2.97831, -19.57646]
						},
						"2.3": {
							"vector": [-6.51297, -4.14014, -27.25791]
						},
						"2.4333": {
							"vector": [-5.88771, -2.38499, -16.11998]
						},
						"2.5667": {
							"vector": [-3.45755, 0.06607, -12.23912]
						},
						"2.6667": {
							"vector": [-2.93692, -0.99688, -13.43604]
						},
						"2.7667": {
							"vector": [-3.05833, -1.5198, -9.10185]
						},
						"2.8333": {
							"vector": [-2.23973, -1.6554, -11.64917]
						},
						"2.9333": {
							"vector": [-2.56026, -0.24864, -8.71902]
						},
						"3.0333": {
							"vector": [-2.53308, -0.32837, -10.21679]
						},
						"3.1667": {
							"vector": [-1.57883, 1.30264, -1.45277]
						},
						"3.3": {
							"vector": [0, 0, 0]
						}
					},
					"position": {
						"0.0": {
							"vector": [0, 0, 0]
						},
						"0.1": {
							"vector": [-0.31, -0.15, -2.635]
						},
						"0.2667": {
							"vector": [-0.135, -0.36, -2.105]
						},
						"0.3333": {
							"vector": [-0.26, -0.43, -1.99]
						},
						"0.4": {
							"vector": [-0.28, -0.5, -0.73]
						},
						"0.5667": {
							"vector": [-0.39, -1.085, -2.23]
						},
						"0.7": {
							"vector": [-0.57, -1.22, -2.73]
						},
						"0.8667": {
							"vector": [-0.805, -0.63, -3.35]
						},
						"0.9667": {
							"vector": [-0.305, -0.395, -1.925]
						},
						"1.0667": {
							"vector": [-0.45, -2.12, -2.67]
						},
						"1.2": {
							"vector": [-0.6, -1.92, -3.145]
						},
						"1.3333": {
							"vector": [-0.375, -1.345, -3.1]
						},
						"1.5": {
							"vector": [-0.72, -1.49, -3.65]
						},
						"1.6333": {
							"vector": [-1.455, -1.69, -3.325]
						},
						"1.8": {
							"vector": [-1.2, -1.565, -3.455]
						},
						"2.0": {
							"vector": [-1.325, -1.115, -4.125]
						},
						"2.1": {
							"vector": [-1.435, -1.1, -3.86]
						},
						"2.2": {
							"vector": [-1.195, -1.09, -3.595]
						},
						"2.3": {
							"vector": [-1.265, -0.065, -3.12]
						},
						"2.4": {
							"vector": [-0.985, -0.815, -3.47]
						},
						"2.5667": {
							"vector": [-0.13, -1.22, -3.47]
						},
						"2.7": {
							"vector": [0.02, -0.82, -3.47]
						},
						"2.8": {
							"vector": [-0.08, -0.82, -4.645]
						},
						"2.9333": {
							"vector": [0.12, -0.97, -3.895]
						},
						"3.1": {
							"vector": [0.02, -1.095, -1.905]
						},
						"3.2333": {
							"vector": [0, 0, 0]
						}
					}
				},
				"leftarm": {
					"rotation": {
						"0.0": {
							"vector": [0, 0, 0]
						},
						"0.1333": {
							"vector": [-2.40721, 1.30397, -2.93506]
						},
						"0.5": {
							"vector": [-2.40721, 1.30397, -2.93506]
						},
						"0.7333": {
							"vector": [-11.82939, 3.6767, -3.38085]
						},
						"0.8333": {
							"vector": [-11.82939, 3.6767, -3.38085]
						},
						"0.9": {
							"vector": [-11.62431, -0.26612, 0.0924]
						},
						"0.9667": {
							"vector": [-11.64488, 0.48573, -0.56726]
						},
						"1.0667": {
							"vector": [-11.64488, 0.48573, -0.56726]
						},
						"1.1333": {
							"vector": [-22.35614, -0.85285, 0.91928]
						},
						"1.2333": {
							"vector": [14.94865, 7.61686, -1.28828]
						},
						"1.6667": {
							"vector": [14.94865, 7.61686, -1.28828]
						},
						"1.8333": {
							"vector": [-20.79696, -9.70273, 11.75063]
						},
						"1.9": {
							"vector": [-20.88097, -10.18026, 12.33503]
						},
						"2.0": {
							"vector": [-26.63097, -10.18026, 12.33503]
						},
						"2.1": {
							"vector": [-25.43297, -9.8762, 11.00948]
						},
						"2.1667": {
							"vector": [-25.82586, -11.58671, 13.50527]
						},
						"2.2333": {
							"vector": [-26.55266, -12.42436, 14.7701]
						},
						"2.3": {
							"vector": [-23.83331, -11.53331, 13.54366]
						},
						"2.4333": {
							"vector": [-23.83331, -11.53331, 13.54366]
						},
						"2.6333": {
							"vector": [-2.40721, 1.30397, -2.93506]
						},
						"3.0": {
							"vector": [-2.40721, 1.30397, -2.93506]
						},
						"3.2": {
							"vector": [0, 0, 0]
						}
					},
					"position": {
						"0.0": {
							"vector": [0, 0, 0]
						},
						"0.1333": {
							"vector": [1.675, 0, 4.025]
						},
						"0.5": {
							"vector": [1.675, 0, 4.025]
						},
						"0.6333": {
							"vector": [4.5406, -2.73838, 7.76069]
						},
						"0.7333": {
							"vector": [4.25137, -6.07187, 18.26467]
						},
						"0.8333": {
							"vector": [4.25137, -6.07187, 18.26467]
						},
						"0.9": {
							"vector": [1.96317, -8.17068, 13.95366]
						},
						"0.9667": {
							"vector": [1.96317, -8.17068, 9.77866]
						},
						"1.0667": {
							"vector": [1.96, -12.795, 9.78]
						},
						"1.1333": {
							"vector": [3.26, -21.14, 2.355]
						},
						"1.2333": {
							"vector": [1.085, -24.015, 15.035]
						},
						"1.6667": {
							"vector": [1.085, -24.015, 15.035]
						},
						"1.8333": {
							"vector": [-0.995, -18.06, 8.64]
						},
						"1.9": {
							"vector": [-1.49, -17.585, 8.64]
						},
						"2.0": {
							"vector": [-1.29, -19.755, 7.765]
						},
						"2.1": {
							"vector": [-1.29, -18.55, 7.77]
						},
						"2.1667": {
							"vector": [-3.09, -19.175, 6.645]
						},
						"2.2333": {
							"vector": [-3.365, -17.17, 6.65]
						},
						"2.3": {
							"vector": [-2.96, -12.145, 7.8]
						},
						"2.4333": {
							"vector": [-2.96, -12.145, 7.8]
						},
						"2.6333": {
							"vector": [1.675, 0, 4.025]
						},
						"3.0": {
							"vector": [1.675, 0, 4.025]
						},
						"3.2": {
							"vector": [0, 0, 0]
						}
					}
				},
				"magazine": {
					"rotation": {
						"0.0": {
							"vector": [0, 0, 0]
						},
						"0.9667": {
							"vector": [0, 0, 0]
						},
						"1.0667": {
							"vector": [0, 0, 0]
						},
						"1.1333": {
							"vector": [-19.78747, 11.27212, -7.98045]
						},
						"1.2333": {
							"vector": [-6.17956, 7.79615, -9.34672]
						},
						"1.6667": {
							"vector": [-6.17956, 7.79615, -9.34672]
						},
						"1.8333": {
							"vector": [-9.5, -1, 3.5]
						},
						"1.9": {
							"vector": [-9.47425, 0.27348, 2.01994]
						},
						"2.0": {
							"vector": [-12.38524, -2.47881, -0.81779]
						},
						"2.1": {
							"vector": [-5.00512, -3.0657, -3.50759]
						},
						"2.1667": {
							"vector": [0, 0, 0]
						},
						"2.2333": {
							"vector": [0, 0, 0]
						},
						"2.3": {
							"vector": [0, 0, 0]
						}
					},
					"position": {
						"0.0": {
							"vector": [0, 0, 0]
						},
						"0.9667": {
							"vector": [0, 0, 0]
						},
						"1.0667": {
							"vector": [0, -5.9, 0]
						},
						"1.1333": {
							"vector": [1.23, -13.07, -4.375]
						},
						"1.2333": {
							"vector": [2.875, -22.625, 0]
						},
						"1.6667": {
							"vector": [2.875, -22.625, 0]
						},
						"1.8333": {
							"vector": [1.275, -6.075, -0.825]
						},
						"1.9": {
							"vector": [1.275, -5.825, -0.825]
						},
						"2.0": {
							"vector": [0.855, -6.855, -0.22]
						},
						"2.1": {
							"vector": [0.685, -5.775, -0.22]
						},
						"2.1667": {
							"vector": [0, -5.9, 0]
						},
						"2.2333": {
							"vector": [0, -4.05, 0]
						},
						"2.3": {
							"vector": [0, 0, 0]
						}
					}
				},
				"bolt1": {
					"rotation": {
						"0.0": {
							"vector": [0, 0, 0]
						},
						"0.3": {
							"vector": [0, 0, 0]
						}
					},
					"position": {
						"0.0": {
							"vector": [0, 0, 0]
						},
						"0.3": {
							"vector": [0, 0, 0]
						},
						"0.4": {
							"vector": [0, 0, 12.775]
						},
						"2.7667": {
							"vector": [0, 0, 12.775]
						},
						"2.8667": {
							"vector": [0, 0, 0]
						}
					}
				},
				"bolt2": {
					"rotation": {
						"0.0": {
							"vector": [0, 0, 0]
						},
						"0.1667": {
							"vector": [0, 0, 0]
						},
						"0.2333": {
							"vector": [0, 0, 75]
						},
						"0.3": {
							"vector": [0, 0, 75]
						},
						"2.8667": {
							"vector": [0, 0, 75]
						},
						"3.0": {
							"vector": [0, 0, 0]
						}
					},
					"position": {
						"0.0": {
							"vector": [0, 0, 0]
						},
						"0.1667": {
							"vector": [0, 0, 0]
						}
					}
				},
				"rightarm": {
					"rotation": {
						"0.0": {
							"vector": [0, 0, 0]
						},
						"0.1667": {
							"vector": [-13.14323, 11.52517, 39.95488]
						},
						"0.2": {
							"vector": [-19.95801, 21.95469, 38.62144]
						},
						"0.2333": {
							"vector": [-26.41545, 28.55457, 39.67801]
						},
						"0.3": {
							"vector": [-26.41545, 28.55457, 39.67801]
						},
						"0.4": {
							"vector": [-52.91168, 29.7452, 37.08921]
						},
						"0.4667": {
							"vector": [-52.91168, 29.7452, 37.08921]
						},
						"0.6333": {
							"vector": [0, 0, 0]
						},
						"2.5333": {
							"vector": [0, 0, 0]
						},
						"2.7": {
							"vector": [-52.91168, 29.7452, 37.08921]
						},
						"2.7667": {
							"vector": [-52.91168, 29.7452, 37.08921]
						},
						"2.8667": {
							"vector": [-26.41545, 28.55457, 39.67801]
						},
						"2.9": {
							"vector": [-23.32215, 25.73041, 38.71814]
						},
						"3.0": {
							"vector": [-13.14323, 11.52517, 39.95488]
						},
						"3.1333": {
							"vector": [0, 0, 0]
						}
					},
					"position": {
						"0.0": {
							"vector": [0, 0, 0]
						},
						"0.0667": {
							"vector": [-6.515, 0.43, -6.28]
						},
						"0.1667": {
							"vector": [-8.175, 0.775, -8.6]
						},
						"0.2": {
							"vector": [-8.37, 1.005, -10.53]
						},
						"0.2333": {
							"vector": [-8.57, 2.88, -12.45]
						},
						"0.3": {
							"vector": [-8.57, 2.88, -12.45]
						},
						"0.4": {
							"vector": [-12.57, -0.595, -8.5]
						},
						"0.4667": {
							"vector": [-12.57, -0.595, -8.5]
						},
						"0.5667": {
							"vector": [-5.03, -6.515, -4.2]
						},
						"0.6333": {
							"vector": [0, 0, 0]
						},
						"2.5333": {
							"vector": [0, 0, 0]
						},
						"2.6": {
							"vector": [-9.805, -0.3, -2.65]
						},
						"2.7": {
							"vector": [-12.57, -0.595, -8.5]
						},
						"2.7667": {
							"vector": [-12.57, -0.595, -8.5]
						},
						"2.8667": {
							"vector": [-8.57, 2.88, -12.45]
						},
						"2.9333": {
							"vector": [-9.445, 1.83, -10.53]
						},
						"3.0": {
							"vector": [-8.175, 0.775, -8.6]
						},
						"3.0667": {
							"vector": [-4.09, 0.39, -0.025]
						},
						"3.1333": {
							"vector": [0, 0, 0]
						}
					}
				},
				"bullet": {
					"position": {
						"0.0": {
							"vector": [0, -1, 0]
						},
						"1.4667": {
							"vector": [0, -1, 0]
						},
						"1.5": {
							"vector": [0, 0, 0]
						}
					}
				}
			},
			"sound_effects": {
				"0.1": {
					"effect": "boltback"
				},
				"0.5333": {
					"effect": "rifle_magout"
				},
				"1.0667": {
					"effect": "foley_start"
				},
				"1.7": {
					"effect": "rifle_magin"
				},
				"2.5333": {
					"effect": "boltforward"
				},
				"2.9333": {
					"effect": "foley_end"
				}
			}
		},
		"animation.model.fire": {
			"loop": false,
			"animation_length": 1.23333,
			"bones": {
				"main": {
					"rotation": {
						"0.0": {
							"vector": [0, 0, 0]
						},
						"0.0667": {
							"vector": [-8.70704, -2.00287, -6.82365]
						},
						"0.1667": {
							"vector": [-4.92074, -2.12162, -7.81848]
						},
						"0.2667": {
							"vector": [-4.74028, -1.62322, 0.57363]
						},
						"0.3667": {
							"vector": [-3.44584, -0.94265, 0.6289]
						},
						"0.4667": {
							"vector": [-2.34571, -1.11494, 6.6727]
						},
						"0.5667": {
							"vector": [-2.82745, -0.92926, 4.35413]
						},
						"0.6333": {
							"vector": [-2.36097, -0.02597, 6.36667]
						},
						"0.7333": {
							"vector": [-2.33311, -0.30634, 3.92401]
						},
						"0.8333": {
							"vector": [-1.70472, -1.37749, 3.16024]
						},
						"0.9333": {
							"vector": [-1.24192, -1.11967, -1.13748]
						},
						"1.0333": {
							"vector": [0, 0, 0]
						}
					},
					"position": {
						"0.0": {
							"vector": [0, 0, 0]
						},
						"0.0667": {
							"vector": [-0.375, -0.9, 6.575]
						},
						"0.2333": {
							"vector": [-0.34, -0.65, 5.135]
						},
						"0.4": {
							"vector": [-0.29, -0.305, 3.255]
						},
						"0.5333": {
							"vector": [-0.22, -0.23, 2.98]
						},
						"0.6": {
							"vector": [-0.22, -0.23, 5.33]
						},
						"0.7": {
							"vector": [-0.18, -0.32, 3.7]
						},
						"0.8333": {
							"vector": [-0.65, -0.455, 1.855]
						},
						"0.9667": {
							"vector": [0, 0, 0]
						}
					}
				},
				"bullet1": {
					"rotation": {
						"0.0": {
							"vector": [0, 0, 0]
						},
						"0.3667": {
							"vector": [0, 0, 0]
						},
						"0.4": {
							"vector": [-8.25, 17.5, 0]
						},
						"0.5": {
							"vector": [7.15693, 49.42141, -39.46974]
						},
						"0.6667": {
							"vector": [34.04085, 59.18532, -29.8048]
						},
						"0.7": {
							"vector": [34.04085, 59.18532, -29.8048]
						},
						"0.8": {
							"vector": [0, 0, 0]
						}
					},
					"position": {
						"0.0": {
							"vector": [0, 0, 0]
						},
						"0.3667": {
							"vector": [-0.10225, 4.99349, -0.23358]
						},
						"0.4": {
							"vector": [-1.3717, 5.92082, 0.82248]
						},
						"0.4667": {
							"vector": [-9.79792, 9.47065, 0.88356]
						},
						"0.5": {
							"vector": [-22.56403, 11.27775, 0.90952],
							"easing": "easeInSine"
						},
						"0.6667": {
							"vector": [-56.43327, 0.40704, 0.83514],
							"easing": "easeOutSine"
						},
						"0.7": {
							"vector": [-56.47, -5.59, 35.02],
							"easing": "easeOutSine"
						},
						"0.7667": {
							"vector": [-0.23, -7.6, 35.51]
						},
						"0.8": {
							"vector": [0, 0, 0]
						}
					},
					"scale": {
						"0.0": {
							"vector": [1, 1, 1]
						},
						"0.6667": {
							"vector": [1, 1, 1]
						},
						"0.7": {
							"vector": [0, 0, 0]
						},
						"0.8": {
							"vector": [0, 0, 0]
						}
					}
				},
				"rightarm": {
					"rotation": {
						"0.0": {
							"vector": [0, 0, 0]
						},
						"0.3": {
							"vector": [-13.14323, 11.52517, 39.95488]
						},
						"0.3333": {
							"vector": [-19.95801, 21.95469, 38.62144]
						},
						"0.3667": {
							"vector": [-26.41545, 28.55457, 39.67801]
						},
						"0.4667": {
							"vector": [-26.41545, 28.55457, 39.67801]
						},
						"0.5667": {
							"vector": [-52.91168, 29.7452, 37.08921]
						},
						"0.6667": {
							"vector": [-52.91168, 29.7452, 37.08921]
						},
						"0.7667": {
							"vector": [-26.41545, 28.55457, 39.67801]
						},
						"0.8": {
							"vector": [-23.32215, 25.73041, 38.71814]
						},
						"0.9": {
							"vector": [-13.14323, 11.52517, 39.95488]
						},
						"1.0333": {
							"vector": [0, 0, 0]
						}
					},
					"position": {
						"0.0": {
							"vector": [0, 0, 0]
						},
						"0.1667": {
							"vector": [-6.515, 0.43, -6.28]
						},
						"0.3": {
							"vector": [-8.175, 0.775, -8.6]
						},
						"0.3333": {
							"vector": [-8.37, 1.005, -10.53]
						},
						"0.3667": {
							"vector": [-8.57, 2.88, -12.45]
						},
						"0.4667": {
							"vector": [-8.57, 2.88, -12.45]
						},
						"0.5667": {
							"vector": [-12.57, -0.595, -8.5]
						},
						"0.6667": {
							"vector": [-12.57, -0.595, -8.5]
						},
						"0.7667": {
							"vector": [-8.57, 2.88, -12.45]
						},
						"0.8333": {
							"vector": [-9.445, 1.83, -10.53]
						},
						"0.9": {
							"vector": [-8.175, 0.775, -8.6]
						},
						"0.9667": {
							"vector": [-4.09, 0.39, -0.025]
						},
						"1.0333": {
							"vector": [0, 0, 0]
						}
					}
				},
				"leftarm": {
					"rotation": {
						"0.0": {
							"vector": [0, 0, 0]
						},
						"0.1667": {
							"vector": [0, 0, 0]
						},
						"0.2333": {
							"vector": [-2.39444, 3.03311, -2.45687]
						},
						"0.7333": {
							"vector": [-2.39444, 3.03311, -2.45687]
						},
						"0.8667": {
							"vector": [0, 0, 0]
						}
					},
					"position": {
						"0.0": {
							"vector": [0, 0, 0]
						},
						"0.1667": {
							"vector": [0, 0, 0]
						},
						"0.2333": {
							"vector": [1.725, 0, 0]
						},
						"0.7333": {
							"vector": [1.725, 0, 0]
						},
						"0.8667": {
							"vector": [0, 0, 0]
						}
					}
				},
				"bolt1": {
					"rotation": {
						"0.0": {
							"vector": [0, 0, 0]
						},
						"0.4667": {
							"vector": [0, 0, 0]
						}
					},
					"position": {
						"0.0": {
							"vector": [0, 0, 0]
						},
						"0.4667": {
							"vector": [0, 0, 0]
						},
						"0.5667": {
							"vector": [0, 0, 12.775]
						},
						"0.6667": {
							"vector": [0, 0, 12.775]
						},
						"0.7667": {
							"vector": [0, 0, 0]
						}
					}
				},
				"bolt2": {
					"rotation": {
						"0.0": {
							"vector": [0, 0, 0]
						},
						"0.3": {
							"vector": [0, 0, 0]
						},
						"0.3667": {
							"vector": [0, 0, 75]
						},
						"0.4": {
							"vector": [0, 0, 75]
						},
						"0.7667": {
							"vector": [0, 0, 75]
						},
						"0.9": {
							"vector": [0, 0, 0]
						}
					},
					"position": {
						"0.0": {
							"vector": [0, 0, 0]
						},
						"0.3": {
							"vector": [0, 0, 0]
						}
					}
				},
				"bullet": {
					"rotation": {
						"0.0": {
							"vector": [0, 0, 0]
						},
						"0.5333": {
							"vector": [0, 0, 0]
						},
						"0.5667": {
							"vector": [-8.25, 17.5, 0]
						},
						"0.6667": {
							"vector": [7.15693, 49.42141, -39.46974]
						},
						"0.8333": {
							"vector": [34.04085, 59.18532, -29.8048]
						},
						"0.8667": {
							"vector": [34.04085, 59.18532, -29.8048]
						},
						"0.9667": {
							"vector": [0, 0, 0]
						}
					},
					"position": {
						"0.0": {
							"vector": [0, 0, 0]
						},
						"0.5333": {
							"vector": [-0.10225, 3.99349, -0.23358]
						},
						"0.5667": {
							"vector": [-1.3717, 4.92082, 0.82248]
						},
						"0.6333": {
							"vector": [-9.79792, 9.47065, 0.88356]
						},
						"0.6667": {
							"vector": [-22.56403, 11.27775, 0.90952],
							"easing": "easeInSine"
						},
						"0.8333": {
							"vector": [-56.43327, 0.40704, 0.83514],
							"easing": "easeOutSine"
						},
						"0.8667": {
							"vector": [-56.47, -5.59, 35.02],
							"easing": "easeOutSine"
						},
						"0.9333": {
							"vector": [-0.23, -7.6, 35.51]
						},
						"0.9667": {
							"vector": [0, 0, 0]
						}
					},
					"scale": {
						"0.0": {
							"vector": [1, 1, 1]
						},
						"0.8333": {
							"vector": [1, 1, 1]
						},
						"0.8667": {
							"vector": [0, 0, 0]
						},
						"0.9667": {
							"vector": [0, 0, 0]
						}
					}
				}
			},
			"sound_effects": {
				"0.2667": {
					"effect": "boltback"
				},
				"0.5667": {
					"effect": "boltforward"
				}
			}
		}
	},
	"geckolib_format_version": 2
}