{
	"format_version": "1.8.0",
	"animations": {
		"animation.model.prepare": {
			"loop": false,
			"animation_length": 0.75,
			"bones": {
				"main": {
					"rotation": {
						"0.0": {
							"vector": [0, 0, 0]
						},
						"0.25": {
							"vector": [-6.72953, -6.59638, -33.47016]
						}
					},
					"position": {
						"0.0": {
							"vector": [0, 0, 0]
						},
						"0.25": {
							"vector": [-1.15, -1.525, -6.325]
						}
					}
				},
				"leftarm": {
					"rotation": {
						"0.0": {
							"vector": [0, 0, 0]
						},
						"0.2": {
							"vector": [4.04413, -8.05565, 0.15192]
						}
					},
					"position": {
						"0.0": {
							"vector": [0, 0, 0]
						},
						"0.2": {
							"vector": [-5.53884, -4.65373, 19.63745]
						}
					}
				},
				"gun": {
					"rotation": {
						"0.0": {
							"vector": [0, 0, 0]
						},
						"0.25": {
							"vector": [8.42447, 1.7317, -47.71025]
						}
					},
					"position": {
						"0.0": {
							"vector": [0, 0, 0]
						},
						"0.2": {
							"vector": [1.54768, 2.31933, -0.45389]
						}
					}
				}
			},
			"sound_effects": {
				"0.0": {
					"effect": "foley_start"
				}
			}
		},
		"animation.model.preparealt": {
			"loop": false,
			"animation_length": 0.75,
			"bones": {
				"main": {
					"rotation": {
						"0.0": {
							"vector": [0, 0, 0]
						},
						"0.25": {
							"vector": [-6.52539, -6.79837, -35.22041]
						}
					},
					"position": {
						"0.0": {
							"vector": [0, 0, 0]
						},
						"0.2": {
							"vector": [-1.15, -1.52, -2.63]
						}
					}
				},
				"leftarm": {
					"rotation": {
						"0.0": {
							"vector": [0, 0, 0]
						},
						"0.2": {
							"vector": [-8.13399, 8.38314, 58.24975]
						}
					},
					"position": {
						"0.0": {
							"vector": [0, 0, 0]
						},
						"0.2": {
							"vector": [-16.80227, -3.96336, 1.291]
						}
					}
				},
				"gun": {
					"rotation": {
						"0.0": {
							"vector": [0, 0, 0]
						},
						"0.25": {
							"vector": [0, 0, 90.25]
						}
					},
					"position": {
						"0.0": {
							"vector": [0, 0, 0]
						},
						"0.25": {
							"vector": [-11.53244, 6.97602, 0.53526]
						}
					}
				}
			},
			"sound_effects": {
				"0.0": {
					"effect": "foley_start"
				}
			}
		},
		"animation.model.chamberload": {
			"loop": false,
			"animation_length": 2.05,
			"bones": {
				"main": {
					"rotation": {
						"0.0": {
							"vector": [-6.52539, -6.79837, -35.22041]
						},
						"0.1": {
							"vector": [-6.46191, -7.22616, -35.73567]
						},
						"0.2": {
							"vector": [-7.74014, -6.28204, -25.00475]
						},
						"0.3": {
							"vector": [-6.95113, -7.14606, -31.74557]
						},
						"0.4": {
							"vector": [-7.11565, -6.55612, -30.18132]
						},
						"0.5": {
							"vector": [-6.98152, -6.49108, -31.27258]
						},
						"0.65": {
							"vector": [-6.52661, -6.24782, -33.47921]
						},
						"0.75": {
							"vector": [-7.20856, -5.64802, -27.43793]
						},
						"0.9": {
							"vector": [-6.77191, -5.8151, -31.93756]
						},
						"1.0": {
							"vector": [-6.65445, -6.14498, -33.35433]
						},
						"1.075": {
							"vector": [-7.64894, -4.70803, -22.84892]
						},
						"1.15": {
							"vector": [-6.74096, -5.86435, -32.34985]
						},
						"1.275": {
							"vector": [-6.58077, -3.57666, -34.2521]
						},
						"1.45": {
							"vector": [-6.72953, -6.59638, -33.47016],
							"easing": "easeInSine"
						}
					},
					"position": {
						"0.0": {
							"vector": [-1.15, -1.52, -2.63]
						},
						"0.125": {
							"vector": [-0.825, -2.395, -2.63]
						},
						"0.225": {
							"vector": [-1.15, -1.52, 0.145]
						},
						"0.4": {
							"vector": [-1.15, -1.52, -1.395]
						},
						"0.55": {
							"vector": [-1.15, -1.52, -3.305]
						},
						"0.7": {
							"vector": [-1.15, -1.67, -2.66]
						},
						"0.8": {
							"vector": [-1.15, -1.855, -3.95]
						},
						"1.0": {
							"vector": [-1.15, -1.775, -3.21]
						},
						"1.15": {
							"vector": [-1.15, -2.65, -5.045]
						},
						"1.25": {
							"vector": [1.225, -4.415, -1.505]
						},
						"1.45": {
							"vector": [-1.15, -1.525, -6.325]
						}
					}
				},
				"leftarm": {
					"rotation": {
						"0.0": {
							"vector": [-8.13399, 8.38314, 58.24975]
						},
						"0.1": {
							"vector": [-8.13399, 8.38314, 58.24975]
						},
						"0.175": {
							"vector": [-21.88399, 8.38314, 58.24975]
						},
						"1.0": {
							"vector": [-21.88399, 8.38314, 58.24975]
						},
						"1.075": {
							"vector": [-8.13399, 8.38314, 58.24975]
						},
						"1.15": {
							"vector": [-8.13399, 8.38314, 58.24975]
						},
						"1.375": {
							"vector": [-2.27643, -11.44806, 2.29565]
						},
						"1.45": {
							"vector": [4.04413, -8.05565, 0.15192]
						}
					},
					"position": {
						"0.0": {
							"vector": [-16.80227, -3.96336, 1.291]
						},
						"0.1": {
							"vector": [-16.80227, -3.96336, 1.291]
						},
						"0.175": {
							"vector": [-17.79075, -5.84511, 6.83605]
						},
						"1.0": {
							"vector": [-17.79075, -5.84511, 6.83605]
						},
						"1.075": {
							"vector": [-16.80227, -3.96336, 1.291]
						},
						"1.15": {
							"vector": [-16.80227, -3.96336, 1.291]
						},
						"1.375": {
							"vector": [-6.2273, -3.75939, 18.06816]
						},
						"1.45": {
							"vector": [-5.53884, -4.65373, 19.63745]
						}
					}
				},
				"gun": {
					"rotation": {
						"0.0": {
							"vector": [0, 0, 90.25]
						},
						"0.15": {
							"vector": [0, 0, 90.25]
						},
						"0.375": {
							"vector": [-0.25, 0.5, 90.25]
						},
						"1.15": {
							"vector": [0, 0, 90.25]
						},
						"1.45": {
							"vector": [8.42447, 1.7317, -47.71025],
							"easing": "linear"
						}
					},
					"position": {
						"0.0": {
							"vector": [-11.53244, 6.97602, 0.53526]
						},
						"0.125": {
							"vector": [-11.53244, 6.97602, 0.53526]
						},
						"1.15": {
							"vector": [-11.53244, 6.97602, 0.53526]
						},
						"1.4": {
							"vector": [-0.09367, 1.49686, -0.16579],
							"easing": "linear"
						},
						"1.45": {
							"vector": [1.54768, 2.31933, -0.45389],
							"easing": "linear"
						}
					}
				},
				"pump": {
					"rotation": {
						"0.0": {
							"vector": [0, 0, 0]
						},
						"1.075": {
							"vector": [0, 0, 0]
						}
					},
					"position": {
						"0.0": {
							"vector": [0, 0, 0]
						},
						"0.1": {
							"vector": [0, 0, 0]
						},
						"0.175": {
							"vector": [0, 0, 10.4]
						},
						"1.0": {
							"vector": [0, 0, 10.4]
						},
						"1.075": {
							"vector": [0, 0, 0]
						}
					}
				},
				"action": {
					"rotation": {
						"0.0": {
							"vector": [0, 0, 0]
						},
						"1.075": {
							"vector": [0, 0, 0]
						}
					},
					"position": {
						"0.0": {
							"vector": [0, 0, 0]
						},
						"0.1": {
							"vector": [0, 0, 0]
						},
						"0.175": {
							"vector": [0, 0, 8.3]
						},
						"1.0": {
							"vector": [0, 0, 8.3]
						},
						"1.075": {
							"vector": [0, 0, 0]
						}
					}
				},
				"rightarm": {
					"rotation": {
						"0.0": {
							"vector": [0, 0, 0]
						},
						"0.35": {
							"vector": [-5.65753, -3.93689, 1.61223]
						},
						"0.5": {
							"vector": [-15.86107, -22.47475, 44.32722]
						},
						"0.6": {
							"vector": [-9.36107, -22.47475, 44.32722]
						},
						"0.7": {
							"vector": [-9.06087, -21.31128, 47.3435]
						},
						"0.8": {
							"vector": [-11.98698, -14.37067, 52.83321]
						},
						"0.9": {
							"vector": [-11.98698, -14.37067, 52.83321]
						},
						"1.025": {
							"vector": [-11.17411, -9.23447, 41.16689]
						},
						"1.45": {
							"vector": [0, 0, 0]
						}
					},
					"position": {
						"0.0": {
							"vector": [0, 0, 0]
						},
						"0.1": {
							"vector": [-5.19, 0.715, 0.12]
						},
						"0.2": {
							"vector": [-15.1218, 1.89357, 14.31425]
						},
						"0.35": {
							"vector": [-7.07381, 7.97459, -7.67109]
						},
						"0.45": {
							"vector": [-10.40752, 9.02489, -19.53388]
						},
						"0.5": {
							"vector": [-10.78157, 10.10304, -25.67985]
						},
						"0.6": {
							"vector": [-9.72348, 11.45499, -26.15093]
						},
						"0.7": {
							"vector": [-9.34761, 11.38896, -25.66573]
						},
						"0.8": {
							"vector": [-9.26965, 9.16803, -26.59285]
						},
						"0.9": {
							"vector": [-9.26965, 9.16803, -26.59285]
						},
						"0.975": {
							"vector": [-10.36132, 11.15883, -13.5074]
						},
						"1.1": {
							"vector": [-11.41194, 8.95091, -1.62195]
						},
						"1.45": {
							"vector": [0, 0, 0]
						}
					}
				},
				"shell": {
					"rotation": {
						"0.0": {
							"vector": [0, 0, 0]
						},
						"0.2": {
							"vector": [-13.5, 0, 0]
						},
						"0.5": {
							"vector": [-5.30408, -17.65438, -0.52979]
						},
						"0.6": {
							"vector": [1.54954, -11.87057, -2.24114]
						},
						"0.7": {
							"vector": [0.24443, -11.54581, 5.41128]
						},
						"0.8": {
							"vector": [12.28068, -5.03058, 2.35329]
						},
						"1.0": {
							"vector": [12.28068, -5.03058, 2.35329]
						},
						"1.1": {
							"vector": [0, 0, 0]
						}
					},
					"position": {
						"0.0": {
							"vector": [0, 0, 28]
						},
						"0.05": {
							"vector": [0, -7.9, 36.1]
						},
						"0.2": {
							"vector": [3.44294, -12.58368, 36.80056]
						},
						"0.35": {
							"vector": [-9.49251, -3.69301, 20.40323]
						},
						"0.5": {
							"vector": [-3.56542, 2.29791, 8.5668]
						},
						"0.6": {
							"vector": [-2.27699, 3.30244, 8.18202]
						},
						"0.7": {
							"vector": [-2.02699, 3.30244, 7.90702]
						},
						"0.8": {
							"vector": [-0.4668, 3.38709, 6.20071]
						},
						"1.0": {
							"vector": [-0.4668, 3.38709, 6.20071]
						},
						"1.1": {
							"vector": [0, 0, 28]
						}
					}
				}
			},
			"sound_effects": {
				"0.15": {
					"effect": "pump1"
				},
				"0.6": {
					"effect": "shell_chamber"
				},
				"1.05": {
					"effect": "pump2"
				},
				"1.15": {
					"effect": "foley_start"
				}
			}
		},
		"animation.model.iterativeload": {
			"loop": false,
			"animation_length": 0.65,
			"bones": {
				"main": {
					"rotation": {
						"0.0": {
							"vector": [-6.72953, -6.59638, -33.47016]
						},
						"0.1667": {
							"vector": [-5.03862, -5.77126, -33.31486]
						},
						"0.2667": {
							"vector": [-5.03862, -5.77126, -33.31486]
						},
						"0.3667": {
							"vector": [-5.06907, -6.50464, -37.02578]
						},
						"0.4333": {
							"vector": [-4.94201, -7.39721, -35.73568]
						},
						"0.5": {
							"vector": [-5.17455, -7.38321, -37.54794]
						},
						"0.6667": {
							"vector": [-6.72953, -6.59638, -33.47016]
						}
					},
					"position": {
						"0.0": {
							"vector": [-1.15, -1.525, -6.325]
						},
						"0.1": {
							"vector": [-1.3, -1.67, -5.53]
						},
						"0.2667": {
							"vector": [-0.925, -1.47, -5.88]
						},
						"0.3333": {
							"vector": [-1.075, -1.47, -6.03]
						},
						"0.4": {
							"vector": [-1.08, -1.47, -5.855]
						},
						"0.4667": {
							"vector": [-1.08, -1.47, -5.555]
						},
						"0.5667": {
							"vector": [-1.11, -1.5, -6.67]
						},
						"0.6667": {
							"vector": [-1.15, -1.525, -6.325]
						}
					}
				},
				"leftarm": {
					"rotation": {
						"0.0": {
							"vector": [4.04413, -8.05565, 0.15192]
						},
						"0.1": {
							"vector": [19.14842, 15.8579, 2.23251],
							"easing": "easeInSine"
						},
						"0.2667": {
							"vector": [19.22261, -1.23796, 2.91652]
						},
						"0.4": {
							"vector": [-12.70319, -18.33383, 3.60053]
						},
						"0.5": {
							"vector": [-11.98329, -20.75817, 1.31932]
						},
						"0.5667": {
							"vector": [-3.35006, -21.20881, -0.92908]
						},
						"0.6": {
							"vector": [-0.72529, -10.51757, -3.62576]
						},
						"0.6667": {
							"vector": [4.04413, -8.05565, 0.15192]
						}
					},
					"position": {
						"0.0": {
							"vector": [-5.53884, -4.65373, 19.63745]
						},
						"0.1": {
							"vector": [7.80526, -5.09226, 43.45727]
						},
						"0.2667": {
							"vector": [-1.59303, -7.68677, 35.57915]
						},
						"0.4": {
							"vector": [-4.13765, -10.21331, 20.19837]
						},
						"0.5": {
							"vector": [-4.13765, -10.21331, 20.19837]
						},
						"0.5667": {
							"vector": [-6.25256, -8.15332, 21.16549]
						},
						"0.6": {
							"vector": [-4.49992, -5.13809, 20.60967]
						},
						"0.6667": {
							"vector": [-5.53884, -4.65373, 19.63745]
						}
					}
				},
				"shell": {
					"rotation": {
						"0.0": {
							"vector": [0, 0, 0]
						},
						"0.4": {
							"vector": [-34.99446, 10.91087, 1.22182]
						},
						"0.5": {
							"vector": [-35, 0, 0]
						},
						"0.6": {
							"vector": [-24, 0, 0]
						},
						"0.6667": {
							"vector": [0, 0, 0]
						}
					},
					"position": {
						"0.0": {
							"vector": [0, 0, 28]
						},
						"0.0667": {
							"vector": [1.08652, -19.96484, 22.2518]
						},
						"0.2667": {
							"vector": [-1.29017, -13.48642, 11.62394]
						},
						"0.4": {
							"vector": [1.175, -4.75, 6.9]
						},
						"0.5": {
							"vector": [0, -4.4, 6.425]
						},
						"0.5667": {
							"vector": [0, -3.125, 5.525]
						},
						"0.6667": {
							"vector": [0, 0, 0]
						}
					}
				},
				"gun": {
					"rotation": {
						"0.0": {
							"vector": [8.42447, 1.7317, -47.71025]
						},
						"0.6667": {
							"vector": [8.42447, 1.7317, -47.71025]
						}
					},
					"position": {
						"0.0": {
							"vector": [1.54768, 2.31933, -0.45389]
						},
						"0.6667": {
							"vector": [1.54768, 2.31933, -0.45389]
						}
					}
				},
				"chamber": {
					"rotation": {
						"0.0": {
							"vector": [0, 0, 0]
						},
						"0.3667": {
							"vector": [0, 0, 0]
						},
						"0.4667": {
							"vector": [-4.5, 0, 0]
						},
						"0.5": {
							"vector": [-6.25, 0, 0]
						},
						"0.5667": {
							"vector": [-11.75, 0, 0]
						},
						"0.6": {
							"vector": [-15, 0, 0]
						},
						"0.6667": {
							"vector": [0, 0, 0]
						}
					},
					"position": {
						"0.0": {
							"vector": [0, 0, 0]
						},
						"0.3667": {
							"vector": [0, 0, 0]
						}
					}
				}
			},
			"sound_effects": {
				"0.3667": {
					"effect": "shell"
				}
			}
		},
		"animation.model.finish": {
			"loop": false,
			"animation_length": 0.75,
			"bones": {
				"main": {
					"rotation": {
						"0.0": {
							"vector": [-6.72953, -6.59638, -33.47016]
						},
						"0.2": {
							"vector": [0.45894, -0.32654, -3.37191]
						},
						"0.35": {
							"vector": [0.25943, 0.28397, 2.2624]
						},
						"0.5": {
							"vector": [0, 0, 0]
						}
					},
					"position": {
						"0.0": {
							"vector": [-1.15, -1.525, -6.325]
						},
						"0.15": {
							"vector": [-0.57, -0.76, 0.74]
						},
						"0.3": {
							"vector": [0, 0, -1.6]
						},
						"0.4": {
							"vector": [0, 0, 0]
						}
					}
				},
				"leftarm": {
					"rotation": {
						"0.0": {
							"vector": [4.04413, -8.05565, 0.15192]
						},
						"0.1": {
							"vector": [11.26063, -3.6961, -0.99456]
						},
						"0.2": {
							"vector": [1.37769, -0.19994, -1.63034]
						},
						"0.35": {
							"vector": [0, 0, 0]
						}
					},
					"position": {
						"0.0": {
							"vector": [-5.53884, -4.65373, 19.63745]
						},
						"0.2": {
							"vector": [-1.86069, -1.53498, 4.67509]
						},
						"0.35": {
							"vector": [0, 0, 0]
						}
					}
				},
				"gun": {
					"rotation": {
						"0.0": {
							"vector": [8.42447, 1.7317, -47.71025]
						},
						"0.35": {
							"vector": [0, 0, 0]
						}
					},
					"position": {
						"0.0": {
							"vector": [1.54768, 2.31933, -0.45389]
						},
						"0.25": {
							"vector": [0, 0, 0]
						}
					}
				}
			},
			"sound_effects": {
				"0.0": {
					"effect": "foley_end"
				}
			}
		},
		"animation.model.fire": {
			"loop": false,
			"animation_length": 0.675,
			"bones": {
				"main": {
					"rotation": {
						"0.0": {
							"vector": [0, 0, 0]
						},
						"0.05": {
							"vector": [-8.70704, -2.00287, -6.82365]
						},
						"0.175": {
							"vector": [-4.73303, -1.97055, -6.0739]
						},
						"0.225": {
							"vector": [-4.60652, -1.80399, -2.32556]
						},
						"0.3": {
							"vector": [-4.38312, -0.94992, 5.14611]
						},
						"0.375": {
							"vector": [-3.70511, -0.81923, 0.79288]
						},
						"0.475": {
							"vector": [-1.24175, -0.61979, 2.35169]
						},
						"0.575": {
							"vector": [-0.61934, 0.1901, 0.17584]
						},
						"0.675": {
							"vector": [0, 0, 0]
						}
					},
					"position": {
						"0.0": {
							"vector": [0, 0, 0]
						},
						"0.05": {
							"vector": [-0.375, -0.9, 6.575]
						},
						"0.125": {
							"vector": [-0.63, -0.4, 3.375]
						},
						"0.225": {
							"vector": [-0.39, -0.44, 4.06]
						},
						"0.3": {
							"vector": [-0.155, -0.475, 3.95]
						},
						"0.45": {
							"vector": [-0.06, -0.19, 1.48]
						},
						"0.625": {
							"vector": [0, 0, 0]
						}
					}
				},
				"pump": {
					"rotation": {
						"0.0": {
							"vector": [0, 0, 0]
						},
						"0.2": {
							"vector": [0, 0, 0]
						},
						"0.525": {
							"vector": [0, 0, 0]
						}
					},
					"position": {
						"0.0": {
							"vector": [0, 0, 0]
						},
						"0.2": {
							"vector": [0, 0, 0]
						},
						"0.275": {
							"vector": [0, 0, 12.5]
						},
						"0.45": {
							"vector": [0, 0, 12.5]
						},
						"0.525": {
							"vector": [0, 0, 0]
						}
					}
				},
				"action": {
					"rotation": {
						"0.0": {
							"vector": [0, 0, 0]
						},
						"0.2": {
							"vector": [0, 0, 0]
						},
						"0.525": {
							"vector": [0, 0, 0]
						}
					},
					"position": {
						"0.0": {
							"vector": [0, 0, 0]
						},
						"0.2": {
							"vector": [0, 0, 0]
						},
						"0.275": {
							"vector": [0, 0, 8.6]
						},
						"0.45": {
							"vector": [0, 0, 8.6]
						},
						"0.525": {
							"vector": [0, 0, 0]
						}
					}
				},
				"shell": {
					"rotation": {
						"0.0": {
							"vector": [0, 0, 0]
						},
						"0.2": {
							"vector": [0, 0, 0]
						},
						"0.25": {
							"vector": [11.25, 0, 0]
						},
						"0.3": {
							"vector": [1.04852, 17.49725, 0.31528]
						},
						"0.35": {
							"vector": [40.13672, -11.72631, -51.54685]
						},
						"0.4": {
							"vector": [77.01537, 30.7905, -125.02275]
						},
						"0.5": {
							"vector": [0, 0, 0]
						},
						"0.6": {
							"vector": [0, 0, 0]
						}
					},
					"position": {
						"0.0": {
							"vector": [0, 0, 0]
						},
						"0.2": {
							"vector": [0, 0, 0]
						},
						"0.25": {
							"vector": [-0.075, 3.45, 7.05]
						},
						"0.3": {
							"vector": [-1.87, 3.55, 9]
						},
						"0.35": {
							"vector": [-22.37, 4.175, 7.05]
						},
						"0.4": {
							"vector": [-58.615, -14.15, 7.05]
						},
						"0.45": {
							"vector": [-58.62, -42.175, 7.05]
						},
						"0.5": {
							"vector": [3.105, -42.18, 35.15]
						},
						"0.55": {
							"vector": [0.125, -0.79, 25.455]
						},
						"0.6": {
							"vector": [0, 0, 0]
						}
					},
					"scale": {
						"0.0": {
							"vector": [1, 1, 1]
						},
						"0.2": {
							"vector": [1, 1, 1]
						},
						"0.45": {
							"vector": [1, 1, 1]
						},
						"0.5": {
							"vector": [0.2625, 0.19, 0.0575]
						},
						"0.55": {
							"vector": [0.2625, 0.19, 0.0575]
						},
						"0.6": {
							"vector": [1, 1, 1]
						}
					}
				},
				"leftarm": {
					"rotation": {
						"0.0": {
							"vector": [0, 0, 0]
						},
						"0.2": {
							"vector": [0, 0, 0]
						},
						"0.275": {
							"vector": [-13.59079, 2.94012, -2.73376]
						},
						"0.45": {
							"vector": [-13.59079, 2.94012, -2.73376]
						},
						"0.525": {
							"vector": [0, 0, 0]
						}
					},
					"position": {
						"0.0": {
							"vector": [0, 0, 0]
						},
						"0.2": {
							"vector": [0, 0, 0]
						},
						"0.275": {
							"vector": [3.29358, -2.47138, 8.13577]
						},
						"0.45": {
							"vector": [3.29358, -2.47138, 8.13577]
						},
						"0.525": {
							"vector": [0, 0, 0]
						}
					}
				}
			},
			"sound_effects": {
				"0.05": {
					"effect": "pump1"
				},
				"0.375": {
					"effect": "pump2"
				}
			}
		},
		"animation.model.draw": {
			"loop": false,
			"animation_length": 1.2,
			"bones": {
				"main": {
					"rotation": {
						"0.0": {
							"vector": [32.09413, -54.38778, -8.29667]
						},
						"0.4": {
							"vector": [1.77698, -9.99529, -4.30852]
						},
						"0.55": {
							"vector": [0.58201, -1.04064, 2.6563]
						},
						"0.7": {
							"vector": [0.32388, 0.39763, -2.15014]
						},
						"0.8": {
							"vector": [0, 0, 0]
						}
					},
					"position": {
						"0.0": {
							"vector": [0, -17.3, 0]
						},
						"0.25": {
							"vector": [0, -7.41, -4.07]
						},
						"0.4": {
							"vector": [-0.4, -1.2, -2.75]
						},
						"0.5": {
							"vector": [0.4, 0, -2.6]
						},
						"0.65": {
							"vector": [0.16, -0.15, 0.6]
						},
						"0.75": {
							"vector": [0, 0, 0]
						}
					}
				},
				"leftarm": {
					"rotation": {
						"0.0": {
							"vector": [0, 0, 0]
						},
						"0.2": {
							"vector": [1, 0, -22]
						},
						"0.4": {
							"vector": [0, 0, 0]
						}
					},
					"position": {
						"0.0": {
							"vector": [0, 0, 0]
						},
						"0.2": {
							"vector": [3.53901, 3.6754, 5.59783]
						},
						"0.4": {
							"vector": [0, 0, 0]
						}
					}
				}
			}
		},
		"animation.model.inspect": {
			"loop": false,
			"animation_length": 4.26667,
			"bones": {
				"main": {
					"rotation": {
						"0.0": {
							"vector": [0, 0, 0]
						},
						"0.1667": {
							"vector": [-8.41746, -13.59608, -21.21259],
							"easing": "linear"
						},
						"0.3": {
							"vector": [-8.39812, -20.10111, -31.77688]
						},
						"0.4333": {
							"vector": [-9.55676, -20.88889, -28.55629]
						},
						"0.5333": {
							"vector": [-8.77652, -21.21647, -30.72851]
						},
						"0.7667": {
							"vector": [-9.4227, -20.94881, -28.93303]
						},
						"1.0": {
							"vector": [-3.1216, -20.98207, -46.44405]
						},
						"1.1333": {
							"vector": [-4.564, -20.73064, -42.44007]
						},
						"1.2333": {
							"vector": [-4.86325, -20.9153, -41.60203]
						},
						"1.3333": {
							"vector": [-4.58308, -20.97575, -42.38574]
						},
						"1.4667": {
							"vector": [-4.01131, -21.08802, -43.97908]
						},
						"1.6": {
							"vector": [-4.38767, -21.01662, -42.9316]
						},
						"1.7": {
							"vector": [-4.18847, -21.05622, -43.48691],
							"easing": "linear"
						},
						"2.0333": {
							"vector": [-16.91438, 5.38499, 54.40399],
							"easing": "linear"
						},
						"2.1667": {
							"vector": [-15.22513, 5.80082, 60.04554]
						},
						"2.3": {
							"vector": [-15.70981, 5.86025, 59.48558]
						},
						"2.4333": {
							"vector": [-15.93602, 7.03904, 62.69373]
						},
						"2.5667": {
							"vector": [-15.60896, 7.75082, 65.23442]
						},
						"2.7333": {
							"vector": [-15.71675, 7.52491, 64.42194]
						},
						"2.9": {
							"vector": [-15.56389, 7.84019, 65.55973]
						},
						"3.1": {
							"vector": [-15.61778, 7.73186, 65.16659]
						},
						"3.2667": {
							"vector": [-15.9801, 6.93689, 62.33342]
						},
						"3.4": {
							"vector": [-8.86998, 2.42135, 33.56191]
						},
						"3.5333": {
							"vector": [0, -1.75, -2.75]
						},
						"3.7": {
							"vector": [0, 0, 0]
						}
					},
					"position": {
						"0.0": {
							"vector": [0, 0, 0]
						},
						"0.3": {
							"vector": [-0.475, 1.475, -11.7]
						},
						"0.4": {
							"vector": [-0.195, 1, -10.7]
						},
						"0.5333": {
							"vector": [-0.03, 0.725, -10.7]
						},
						"0.7": {
							"vector": [0, 1.125, -10.7]
						},
						"0.9": {
							"vector": [0.125, 1.4, -11.275]
						},
						"1.2": {
							"vector": [-0.02, 1.475, -11]
						},
						"1.4": {
							"vector": [0.11, 1.425, -11.175]
						},
						"1.6667": {
							"vector": [0.275, 1.25, -10.975]
						},
						"1.8": {
							"vector": [-0.13, -1.19, -11.65]
						},
						"1.9667": {
							"vector": [-0.545, -1.325, -10.15]
						},
						"2.1333": {
							"vector": [-0.415, -1.395, -9.545]
						},
						"2.2667": {
							"vector": [-0.525, -1.455, -8.17]
						},
						"2.4": {
							"vector": [-0.49, -1.43, -8.85]
						},
						"2.5667": {
							"vector": [-0.455, -1.5, -8.24]
						},
						"2.7667": {
							"vector": [-0.53, -1.5, -8.27]
						},
						"3.0": {
							"vector": [-0.49, -1.41, -8.3]
						},
						"3.2333": {
							"vector": [-0.545, -1.325, -8.325]
						},
						"3.3667": {
							"vector": [-1.005, -0.61, -6.41]
						},
						"3.6333": {
							"vector": [0, 0, 0]
						}
					}
				},
				"leftarm": {
					"rotation": {
						"0.0": {
							"vector": [0, 0, 0]
						},
						"0.1667": {
							"vector": [94.34183, 65.03608, 48.49136]
						},
						"1.7333": {
							"vector": [94.34183, 65.03608, 48.49136]
						},
						"2.0333": {
							"vector": [-20, 0, -45]
						},
						"3.3": {
							"vector": [-20, 0, -45]
						},
						"3.5667": {
							"vector": [0, 0, 0]
						}
					},
					"position": {
						"0.0": {
							"vector": [0, 0, 0]
						},
						"0.1667": {
							"vector": [6.23986, -46.20851, 24.64864]
						},
						"1.7333": {
							"vector": [6.23986, -46.20851, 24.64864]
						},
						"2.0333": {
							"vector": [8.825, 8.55, 14.98]
						},
						"3.3": {
							"vector": [8.825, 8.55, 14.98]
						},
						"3.5667": {
							"vector": [0, 0, 0]
						}
					}
				},
				"rightarm": {
					"rotation": {
						"0.0": {
							"vector": [0, 0, 0]
						},
						"0.1667": {
							"vector": [0, 0, 0]
						},
						"1.7333": {
							"vector": [0, 0, 0]
						},
						"2.0333": {
							"vector": [0.09396, 19.47939, 4.39424]
						},
						"3.3": {
							"vector": [0.09396, 19.47939, 4.39424]
						},
						"3.5667": {
							"vector": [0, 0, 0]
						}
					},
					"position": {
						"0.0": {
							"vector": [0, 0, 0]
						},
						"0.1667": {
							"vector": [0, 0, 0]
						},
						"1.7333": {
							"vector": [0, 0, 0]
						},
						"2.0333": {
							"vector": [6.85, 1.45, 2.025]
						},
						"3.3": {
							"vector": [6.85, 1.45, 2.025]
						},
						"3.5667": {
							"vector": [0, 0, 0]
						}
					}
				}
			}
		}
	},
	"geckolib_format_version": 2
}