{
	"format_version": "1.8.0",
	"animations": {
		"animation.sg22.idle": {
			"loop": true,
			"bones": {
				"main": {
					"rotation": {
						"vector": [0, 0, 0]
					},
					"position": {
						"vector": [0, 0, 0]
					}
				},
				"rightarm": {
					"rotation": {
						"vector": [0, 0, 0],
						"easing": "easeInElastic"
					},
					"position": {
						"vector": [-0.26105, -0.51321, 1.91532],
						"easing": "easeInElastic"
					}
				},
				"leftarm": {
					"rotation": {
						"vector": [0, 0, 0]
					},
					"position": {
						"vector": [0, 0, 0]
					}
				}
			}
		},
		"animation.sg22.fire": {
			"loop": true,
			"animation_length": 0.5,
			"bones": {
				"main": {
					"rotation": {
						"0.0": {
							"vector": [0, 0, 0]
						},
						"0.0833": {
							"vector": [-15, 0, 0],
							"easing": "easeInElastic"
						},
						"0.5": {
							"vector": [0, 0, 0],
							"easing": "easeInElastic"
						}
					},
					"position": {
						"0.0": {
							"vector": [0, 0, 0]
						},
						"0.1667": {
							"vector": [0, -0.26025, 5.12993],
							"easing": "easeInElastic"
						},
						"0.5": {
							"vector": [0, 0, 0],
							"easing": "easeInElastic"
						}
					}
				},
				"rightarm": {
					"rotation": {
						"0.0": {
							"vector": [0, 0, 0],
							"easing": "easeInElastic"
						},
						"0.0833": {
							"vector": [-5, 0, 0],
							"easing": "easeInElastic"
						},
						"0.5": {
							"vector": [0, 0, 0],
							"easing": "easeInElastic"
						}
					},
					"position": {
						"0.0": {
							"vector": [-0.26105, -0.51321, 1.91532],
							"easing": "easeInElastic"
						},
						"0.1667": {
							"vector": [-0.65164, -1.44944, 4.73591],
							"easing": "easeInElastic"
						},
						"0.5": {
							"vector": [-0.26105, -0.51321, 1.91532],
							"easing": "easeInElastic"
						}
					}
				},
				"leftarm": {
					"rotation": {
						"0.0": {
							"vector": [0, 0, 0]
						},
						"0.3333": {
							"vector": [0, 0, -5],
							"easing": "easeInElastic"
						},
						"0.4583": {
							"vector": [0, 0, 0],
							"easing": "easeInElastic"
						}
					},
					"position": {
						"0.0": {
							"vector": [0, 0, 0]
						},
						"0.0833": {
							"vector": [-1.55206, 0.48902, -4.72779],
							"easing": "easeInElastic"
						},
						"0.4583": {
							"vector": [0, 0, 0],
							"easing": "easeInElastic"
						}
					}
				},
				"disarticulation": {
					"rotation": {
						"0.0": {
							"vector": [0, 0, 0]
						},
						"0.5": {
							"vector": [0, 0, 0],
							"easing": "easeInElastic"
						}
					}
				}
			}
		},
		"animation.sg22.reload": {
			"loop": true,
			"animation_length": 2,
			"bones": {
				"main": {
					"rotation": {
						"0.0": {
							"vector": [0, 0, 0]
						},
						"0.7917": {
							"vector": [33.16584, -9.88744, -7.68615],
							"easing": "easeInElastic",
							"easingArgs": [0.2]
						},
						"1.625": {
							"vector": [33.16584, -9.88744, -7.68615],
							"easing": "easeInElastic",
							"easingArgs": [0.2]
						},
						"2.0": {
							"vector": [0, 0, 0],
							"easing": "easeInElastic"
						}
					},
					"position": {
						"0.0": {
							"vector": [0, 0, 0]
						},
						"0.3333": {
							"vector": [1.68, 0.09, 1.17],
							"easing": "easeInElastic"
						},
						"0.7917": {
							"vector": [2.34311, -0.77048, 1.62963],
							"easing": "easeInElastic",
							"easingArgs": [0.2]
						},
						"0.875": {
							"vector": [2.34, -0.67, 1.63],
							"easing": "easeInElastic"
						},
						"1.0417": {
							"vector": [2.34, -0.77, 1.63],
							"easing": "easeInElastic"
						},
						"1.125": {
							"vector": [2.34, -0.67, 1.63],
							"easing": "easeInElastic"
						},
						"1.25": {
							"vector": [2.34, -0.77, 1.63],
							"easing": "easeInElastic"
						},
						"1.3333": {
							"vector": [2.34, -0.67, 1.63],
							"easing": "easeInElastic"
						},
						"1.5": {
							"vector": [2.34, -0.77, 1.63],
							"easing": "easeInElastic"
						},
						"1.625": {
							"vector": [2.34311, -0.77048, 1.62963],
							"easing": "easeInElastic",
							"easingArgs": [0.2]
						},
						"2.0": {
							"vector": [0, 0, 0],
							"easing": "easeInElastic"
						}
					}
				},
				"disarticulation": {
					"rotation": {
						"0.0": {
							"vector": [0, 0, 0]
						},
						"0.25": {
							"vector": [0, 0, 0]
						},
						"0.75": {
							"vector": [52.5, 0, 0],
							"easing": "easeInElastic"
						},
						"1.7917": {
							"vector": [52.5, 0, 0],
							"easing": "easeInElastic"
						},
						"1.875": {
							"vector": [0, 0, 0],
							"easing": "linear"
						}
					},
					"position": {
						"0.0": {
							"vector": [0, 0, 0]
						},
						"0.25": {
							"vector": [0, 0, 0]
						},
						"1.875": {
							"vector": [0, 0, 0],
							"easing": "linear"
						}
					}
				},
				"rightarm": {
					"rotation": {
						"vector": [0, 0, 0],
						"easing": "easeInElastic"
					},
					"position": {
						"vector": [-0.26105, -0.51321, 1.91532],
						"easing": "easeInElastic"
					}
				},
				"leftarm": {
					"rotation": {
						"0.0": {
							"vector": [0, 0, 0]
						},
						"0.75": {
							"vector": [-25.06912, 7.48313, -17.11748],
							"easing": "easeInElastic",
							"easingArgs": [0.2]
						},
						"0.8333": {
							"vector": [-21.53757, 8.73003, -14.71761],
							"easing": "easeInElastic"
						},
						"1.0": {
							"vector": [-25.06912, 7.48313, -17.11748],
							"easing": "easeInElastic",
							"easingArgs": [0.2]
						},
						"1.1667": {
							"vector": [-21.53757, 8.73003, -14.71761],
							"easing": "easeInElastic"
						},
						"1.3333": {
							"vector": [-25.06912, 7.48313, -17.11748],
							"easing": "easeInElastic",
							"easingArgs": [0.2]
						},
						"1.5": {
							"vector": [-21.53757, 8.73003, -14.71761],
							"easing": "easeInElastic"
						},
						"1.625": {
							"vector": [-25.06912, 7.48313, -17.11748],
							"easing": "easeInElastic",
							"easingArgs": [0.2]
						},
						"1.9167": {
							"vector": [0, 0, 0],
							"easing": "easeInElastic",
							"easingArgs": [0.2]
						}
					},
					"position": {
						"0.0": {
							"vector": [0, 0, 0]
						},
						"0.75": {
							"vector": [-6.01863, 3.67432, 0.12595],
							"easing": "easeInElastic",
							"easingArgs": [0.2]
						},
						"0.8333": {
							"vector": [-6.02, 3.87, 0.13],
							"easing": "easeInElastic"
						},
						"1.0": {
							"vector": [-6.01863, 3.67432, 0.12595],
							"easing": "easeInElastic",
							"easingArgs": [0.2]
						},
						"1.1667": {
							"vector": [-6.02, 3.87, 0.13],
							"easing": "easeInElastic"
						},
						"1.3333": {
							"vector": [-6.01863, 3.67432, 0.12595],
							"easing": "easeInElastic",
							"easingArgs": [0.2]
						},
						"1.5": {
							"vector": [-6.02, 3.87, 0.13],
							"easing": "easeInElastic"
						},
						"1.625": {
							"vector": [-6.01863, 3.67432, 0.12595],
							"easing": "easeInElastic",
							"easingArgs": [0.2]
						},
						"1.9167": {
							"vector": [0, 0, 0],
							"easing": "easeInElastic",
							"easingArgs": [0.2]
						}
					}
				}
			},
			"sound_effects": {
				"0.71": {
					"effect": "single_shell_reload"
				}
			}
		},
		"animation.sg22.inspect": {
			"loop": true,
			"animation_length": 3.25,
			"bones": {
				"main": {
					"rotation": {
						"0.0": {
							"vector": [0, 0, 0]
						},
						"0.9167": {
							"vector": [-32.5, -27.5, 0],
							"easing": "easeInElastic"
						},
						"1.25": {
							"vector": [-33.28694, -29.53814, 1.64786],
							"easing": "linear"
						},
						"1.875": {
							"vector": [-27.2717, 33.16668, 77.12434],
							"easing": "easeInElastic"
						},
						"2.5833": {
							"vector": [-19.08008, 38.61408, 91.03685],
							"easing": "easeInElastic"
						},
						"3.25": {
							"vector": [0, 0, 0],
							"easing": "easeInElastic"
						}
					},
					"position": {
						"0.0": {
							"vector": [0, 0, 0]
						},
						"0.9167": {
							"vector": [-1.5, 0, 0],
							"easing": "easeInElastic"
						},
						"1.25": {
							"vector": [-1.5, 0, 0],
							"easing": "linear"
						},
						"1.875": {
							"vector": [-1.5, 0, 0],
							"easing": "linear"
						},
						"2.5833": {
							"vector": [-0.3, -0.1, 0],
							"easing": "easeInSine"
						},
						"3.25": {
							"vector": [0, 0, 0],
							"easing": "easeInElastic"
						}
					}
				},
				"leftarm": {
					"position": {
						"0.0": {
							"vector": [0, 0, 0]
						},
						"0.5": {
							"vector": [0, 0, 11]
						},
						"2.5": {
							"vector": [0, 0, 11],
							"easing": "easeInElastic"
						},
						"3.25": {
							"vector": [0, 0, 0],
							"easing": "easeInElastic"
						}
					}
				}
			}
		}
	},
	"geckolib_format_version": 2
}