{
	"format_version": "1.8.0",
	"animations": {
		"animation.sg225.idle": {
			"loop": true,
			"bones": {
				"rightarm": {
					"rotation": {
						"vector": [85.24133, -17.43127, -1.5741]
					},
					"position": {
						"vector": [-0.48917, -1.76116, 7.38641]
					}
				},
				"leftarm": {
					"rotation": {
						"vector": [87.03654, 32.46527, -1.59176]
					},
					"position": {
						"vector": [5, -1, -2.6]
					}
				},
				"arms": {
					"position": {
						"vector": [0, 20, 0]
					}
				}
			}
		},
		"animation.sg225.fire": {
			"animation_length": 0.2083,
			"bones": {
				"rightarm": {
					"rotation": {
						"vector": [85.24133, -17.43127, -1.5741]
					},
					"position": {
						"vector": [-0.48917, -1.76116, 7.38641]
					}
				},
				"leftarm": {
					"rotation": {
						"vector": [87.03654, 32.46527, -1.59176]
					},
					"position": {
						"vector": [5, -1, -2.6]
					}
				},
				"main": {
					"rotation": {
						"0.0": {
							"vector": [0, 0, 0]
						},
						"0.0417": {
							"vector": [-1.5, 0, 0],
							"easing": "easeInElastic"
						},
						"0.2083": {
							"vector": [0, 0, 0],
							"easing": "easeInElastic"
						}
					},
					"position": {
						"0.0": {
							"vector": [0, 0, 0]
						},
						"0.0417": {
							"vector": [0, 0, 1.3],
							"easing": "easeInElastic"
						},
						"0.2083": {
							"vector": [0, 0, 0],
							"easing": "easeInElastic"
						}
					}
				},
				"slide2": {
					"scale": {
						"0.0": {
							"vector": [1, 1, 1]
						},
						"0.0417": {
							"vector": [1, 1, 0],
							"easing": "easeInCirc"
						},
						"0.0833": {
							"vector": [1, 1, 1],
							"easing": "easeInCirc"
						}
					}
				},
				"trigger": {
					"position": {
						"0.0": {
							"vector": [0, 0, 0.3],
							"easing": "easeInExpo"
						},
						"0.0417": {
							"vector": [0, 0, 0],
							"easing": "easeInCubic"
						},
						"0.1667": {
							"vector": [0, 0, 0],
							"easing": "easeInExpo"
						}
					}
				},
				"slide": {
					"position": {
						"0.0": {
							"vector": [0, 0, 0]
						},
						"0.0417": {
							"vector": [0, 0, 2.9],
							"easing": "easeInCirc"
						},
						"0.0833": {
							"vector": [0, 0, 0],
							"easing": "easeInCirc"
						}
					}
				},
				"arms": {
					"position": {
						"vector": [0, 20, 0]
					}
				}
			}
		},
		"animation.sg225.reload": {
			"animation_length": 2.5,
			"bones": {
				"main": {
					"rotation": {
						"0.0": {
							"vector": [0, 0, 0]
						},
						"0.2917": {
							"vector": [-15, -12.5, 0],
							"easing": "easeInSine"
						},
						"2.0417": {
							"vector": [-15, -12.5, 0],
							"easing": "easeInSine"
						},
						"2.5": {
							"vector": [0, 0, 0],
							"easing": "easeInSine"
						}
					},
					"position": {
						"0.0": {
							"vector": [0, 0, 0]
						},
						"0.1667": {
							"vector": [0, 1.5, 0]
						},
						"0.2917": {
							"vector": [0, 1.6, 0]
						},
						"0.5833": {
							"vector": [0, 1.5, 0]
						},
						"0.9167": {
							"vector": [0, 1.5, 0],
							"easing": "easeInElastic"
						},
						"1.0833": {
							"vector": [0, 0.9, 0],
							"easing": "linear"
						},
						"1.625": {
							"vector": [0, 1.5, 0],
							"easing": "easeInElastic"
						},
						"1.8333": {
							"vector": [0, 1.5, 0],
							"easing": "linear"
						},
						"1.9583": {
							"vector": [0, 2.3, 0]
						},
						"2.25": {
							"vector": [0, 0, 0],
							"easing": "linear"
						}
					}
				},
				"magazine": {
					"position": {
						"0.0": {
							"vector": [0, 0, 0]
						},
						"0.9167": {
							"vector": [0, 0, 0],
							"easing": "easeInQuad"
						},
						"1.1667": {
							"vector": [0, -10.62518, 2.84701],
							"easing": "easeInQuad"
						},
						"1.625": {
							"vector": [0, -10.62518, 2.84701],
							"easing": "easeInQuad"
						},
						"1.8333": {
							"vector": [0, 0, 0],
							"easing": "easeInQuad"
						}
					}
				},
				"rightarm": {
					"rotation": {
						"vector": [85.24133, -17.43127, -1.5741]
					},
					"position": {
						"vector": [-0.48917, -1.76116, 7.38641]
					}
				},
				"leftarm": {
					"rotation": {
						"0.0": {
							"vector": [87.03654, 32.46527, -1.59176]
						},
						"0.2917": {
							"vector": [87.03654, 32.46527, -1.59176]
						},
						"0.5833": {
							"vector": [85.35435, 57.4145, -3.91686]
						},
						"1.8333": {
							"vector": [85.35435, 57.4145, -3.91686]
						},
						"1.9583": {
							"vector": [85.35435, 57.4145, -3.91686]
						},
						"2.4167": {
							"vector": [87.03654, 32.46527, -1.59176]
						}
					},
					"position": {
						"0.0": {
							"vector": [5, -1, -2.6]
						},
						"0.2917": {
							"vector": [5, -1, -2.6],
							"easing": "easeInSine"
						},
						"0.5833": {
							"vector": [5.61708, -4.55264, 0.75529],
							"easing": "easeInSine"
						},
						"0.9167": {
							"vector": [5.61708, -4.55264, 0.75529],
							"easing": "easeInSine"
						},
						"1.1667": {
							"vector": [5.62, -14.20926, 3.34819],
							"easing": "easeInSine"
						},
						"1.625": {
							"vector": [5.62, -14.20926, 3.34819],
							"easing": "easeInSine"
						},
						"1.8333": {
							"vector": [5.61708, -4.55264, 0.75529],
							"easing": "easeInSine"
						},
						"1.9583": {
							"vector": [5.61708, -4.55264, 0.75529],
							"easing": "easeInSine"
						},
						"2.4167": {
							"vector": [5, -1, -2.6],
							"easing": "easeInSine"
						}
					}
				},
				"arms": {
					"position": {
						"vector": [0, 20, 0]
					}
				}
			},
			"sound_effects": {
				"0.0": {
					"effect": "sg225_reload"
				}
			}
		},
		"animation.model.inspect": {
			"animation_length": 3,
			"bones": {
				"handle": {
					"rotation": {
						"0.0": {
							"vector": [0, 0, 0]
						},
						"0.375": {
							"vector": [0, 0, 0],
							"easing": "easeInElastic"
						},
						"0.5833": {
							"vector": [0, 0, -25],
							"easing": "easeInElastic"
						},
						"1.0833": {
							"vector": [0, 0, 0],
							"easing": "easeInElastic"
						},
						"1.25": {
							"vector": [0, 0, 0],
							"easing": "easeInElastic"
						},
						"1.375": {
							"vector": [0, 0, 17.5],
							"easing": "easeInElastic"
						},
						"1.9583": {
							"vector": [0, 0, 0],
							"easing": "easeInElastic"
						}
					}
				},
				"main": {
					"rotation": {
						"0.0": {
							"vector": [0, 0, 0]
						},
						"0.5": {
							"vector": [-32.73121, -24.73906, 12.40748],
							"easing": "easeInQuart"
						},
						"0.5833": {
							"vector": [-33.23121, -24.73906, 12.40748],
							"easing": "easeInCubic"
						},
						"0.8333": {
							"vector": [-32.73121, -24.73906, 12.40748],
							"easing": "easeInQuart"
						},
						"1.0": {
							"vector": [-32.73121, -24.73906, 12.40748],
							"easing": "easeInQuart"
						},
						"1.375": {
							"vector": [-36.94413, 17.07039, 66.79751],
							"easing": "easeInQuart"
						},
						"1.4583": {
							"vector": [-37.23229, 18.26698, 65.84817],
							"easing": "easeInQuart"
						},
						"2.5417": {
							"vector": [-36.94413, 17.07039, 66.79751],
							"easing": "easeInQuart"
						},
						"2.7083": {
							"vector": [-36.94413, 17.07039, 66.79751],
							"easing": "easeInQuart"
						},
						"3.0": {
							"vector": [0, 0, 0]
						}
					}
				},
				"rightarm": {
					"rotation": {
						"0.0": {
							"vector": [85.24133, -17.43127, -1.5741]
						},
						"3.0": {
							"vector": [85.24133, -17.43127, -1.5741]
						}
					},
					"position": {
						"0.0": {
							"vector": [-0.48917, -1.76116, 7.38641]
						},
						"3.0": {
							"vector": [-0.48917, -1.76116, 7.38641]
						}
					}
				},
				"leftarm": {
					"rotation": {
						"0.0": {
							"vector": [87.03654, 32.46527, -1.59176]
						},
						"3.0": {
							"vector": [87.03654, 32.46527, -1.59176]
						}
					},
					"position": {
						"0.0": {
							"vector": [5, -1, -2.6]
						},
						"0.25": {
							"vector": [5.76, -28.08167, -13.11789]
						},
						"0.5": {
							"vector": [11.48576, -28.98012, -5.8576]
						},
						"1.0": {
							"vector": [11.48576, -16.98012, -5.8576]
						},
						"1.375": {
							"vector": [4.95426, -0.29713, -7.65913]
						},
						"2.5417": {
							"vector": [4.95426, -0.29713, -7.65913]
						},
						"3.0": {
							"vector": [5, -1, -2.6]
						}
					}
				},
				"arms": {
					"position": {
						"vector": [0, 20, 0]
					}
				}
			}
		},
		"animation.sg225.inspect": {
			"animation_length": 3,
			"bones": {
				"handle": {
					"rotation": {
						"0.0": {
							"vector": [0, 0, 0]
						},
						"0.375": {
							"vector": [0, 0, 0],
							"easing": "easeInElastic"
						},
						"0.5833": {
							"vector": [0, 0, -25],
							"easing": "easeInElastic"
						},
						"1.0833": {
							"vector": [0, 0, 0],
							"easing": "easeInElastic"
						},
						"1.25": {
							"vector": [0, 0, 0],
							"easing": "easeInElastic"
						},
						"1.375": {
							"vector": [0, 0, 17.5],
							"easing": "easeInElastic"
						},
						"1.9583": {
							"vector": [0, 0, 0],
							"easing": "easeInElastic"
						}
					}
				},
				"main": {
					"rotation": {
						"0.0": {
							"vector": [0, 0, 0]
						},
						"0.5": {
							"vector": [-32.73121, -24.73906, 12.40748],
							"easing": "easeInQuart"
						},
						"0.5833": {
							"vector": [-33.23121, -24.73906, 12.40748],
							"easing": "easeInCubic"
						},
						"0.8333": {
							"vector": [-32.73121, -24.73906, 12.40748],
							"easing": "easeInQuart"
						},
						"1.0": {
							"vector": [-32.73121, -24.73906, 12.40748],
							"easing": "easeInQuart"
						},
						"1.375": {
							"vector": [-36.94413, 17.07039, 66.79751],
							"easing": "easeInQuart"
						},
						"1.4583": {
							"vector": [-37.23229, 18.26698, 65.84817],
							"easing": "easeInQuart"
						},
						"2.5417": {
							"vector": [-36.94413, 17.07039, 66.79751],
							"easing": "easeInQuart"
						},
						"2.7083": {
							"vector": [-36.94413, 17.07039, 66.79751],
							"easing": "easeInQuart"
						},
						"3.0": {
							"vector": [0, 0, 0]
						}
					}
				},
				"rightarm": {
					"rotation": {
						"0.0": {
							"vector": [85.24133, -17.43127, -1.5741]
						},
						"3.0": {
							"vector": [85.24133, -17.43127, -1.5741]
						}
					},
					"position": {
						"0.0": {
							"vector": [-0.48917, -1.76116, 7.38641]
						},
						"3.0": {
							"vector": [-0.48917, -1.76116, 7.38641]
						}
					}
				},
				"leftarm": {
					"rotation": {
						"0.0": {
							"vector": [87.03654, 32.46527, -1.59176]
						},
						"3.0": {
							"vector": [87.03654, 32.46527, -1.59176]
						}
					},
					"position": {
						"0.0": {
							"vector": [5, -1, -2.6]
						},
						"0.25": {
							"vector": [5.76, -28.08167, -13.11789]
						},
						"0.5": {
							"vector": [11.48576, -28.98012, -5.8576]
						},
						"1.0": {
							"vector": [11.48576, -16.98012, -5.8576]
						},
						"1.375": {
							"vector": [4.95426, -0.29713, -7.65913]
						},
						"2.5417": {
							"vector": [4.95426, -0.29713, -7.65913]
						},
						"3.0": {
							"vector": [5, -1, -2.6]
						}
					}
				},
				"arms": {
					"position": {
						"vector": [0, 20, 0]
					}
				}
			}
		}
	},
	"geckolib_format_version": 2
}