{
	"credit": "Made with Blockbench",
	"parent": "block/block",
	"ambientocclusion": false,
	"textures": {
		"particle": "block/dragon_egg",
		"all": "block/dragon_egg"
	},
	"elements": [
		{
			"from": [1, 1, 1],
			"to": [15, 9, 15],
			"faces": {
				"north": {"uv": [1, 7, 15, 15], "texture": "#all"},
				"east": {"uv": [1, 7, 15, 15], "texture": "#all"},
				"south": {"uv": [1, 7, 15, 15], "texture": "#all"},
				"west": {"uv": [1, 7, 15, 15], "texture": "#all"},
				"up": {"uv": [1, 1, 15, 15], "texture": "#all"},
				"down": {"uv": [1, 1, 15, 15], "texture": "#all"}
			}
		},
		{
			"from": [2, 0, 2],
			"to": [14, 14, 14],
			"faces": {
				"north": {"uv": [2, 1, 14, 16], "texture": "#all"},
				"east": {"uv": [2, 1, 14, 16], "texture": "#all"},
				"south": {"uv": [2, 1, 14, 16], "texture": "#all"},
				"west": {"uv": [2, 1, 14, 16], "texture": "#all"},
				"up": {"uv": [2, 2, 14, 14], "texture": "#all"},
				"down": {"uv": [2, 2, 14, 14], "texture": "#all"}
			}
		},
		{
			"from": [4, 14, 4],
			"to": [12, 17, 12],
			"faces": {
				"north": {"uv": [4, 0, 12, 3], "texture": "#all"},
				"east": {"uv": [4, 0, 12, 3], "texture": "#all"},
				"south": {"uv": [4, 0, 12, 3], "texture": "#all"},
				"west": {"uv": [4, 0, 12, 3], "texture": "#all"},
				"up": {"uv": [4, 4, 12, 12], "texture": "#all"},
				"down": {"uv": [4, 4, 12, 12], "texture": "#all"}
			}
		}
	]
}