{
	"format_version": "1.12.0",
	"minecraft:geometry": [
		{
			"description": {
				"identifier": "geometry.unknown",
				"texture_width": 32,
				"texture_height": 32,
				"visible_bounds_width": 4,
				"visible_bounds_height": 3,
				"visible_bounds_offset": [0, 0.5, 0]
			},
			"bones": [
				{
					"name": "main",
					"pivot": [1.10716, 4.8018, 7.8483]
				},
				{
					"name": "trigger",
					"parent": "main",
					"pivot": [1.26113, 4.3, 9.6],
					"cubes": [
						{
							"origin": [1.16113, 3.5, 9.4],
							"size": [0.2, 1.2, 0.4],
							"uv": {
								"north": {"uv": [27, 25], "uv_size": [0.5, 1]},
								"east": {"uv": [26, 27], "uv_size": [0.5, 1]},
								"south": {"uv": [27, 26], "uv_size": [0.5, 1]},
								"west": {"uv": [27, 27], "uv_size": [0.5, 1]},
								"up": {"uv": [23, 28], "uv_size": [0.5, 0.5]},
								"down": {"uv": [28, 23.5], "uv_size": [0.5, -0.5]}
							}
						}
					]
				},
				{
					"name": "bipod",
					"parent": "main",
					"pivot": [1.3, 3.7, -1.4]
				},
				{
					"name": "bipodR",
					"parent": "bipod",
					"pivot": [0.3596, 3.98647, -1.35],
					"rotation": [0, 0, 12.5],
					"cubes": [
						{
							"origin": [-0.3552, 0.28984, -1.66],
							"size": [0.3, 3.95, 0.62],
							"pivot": [-0.1927, 1.41704, -1.35],
							"rotation": [0, 0, 15],
							"uv": {
								"north": {"uv": [8, 22], "uv_size": [0.5, 4]},
								"east": {"uv": [9, 22], "uv_size": [0.5, 4]},
								"south": {"uv": [16, 22], "uv_size": [0.5, 4]},
								"west": {"uv": [17, 22], "uv_size": [0.5, 4]},
								"up": {"uv": [12, 28], "uv_size": [0.5, 0.5]},
								"down": {"uv": [28, 12.5], "uv_size": [0.5, -0.5]}
							}
						},
						{
							"origin": [-0.87157, -0.31453, -2.2],
							"size": [0.8, 0.2, 1.7],
							"uv": {
								"north": {"uv": [27, 12], "uv_size": [1, 0.5]},
								"east": {"uv": [26, 0], "uv_size": [1.5, 0.5]},
								"south": {"uv": [14, 27], "uv_size": [1, 0.5]},
								"west": {"uv": [1, 26], "uv_size": [1.5, 0.5]},
								"up": {"uv": [21, 23], "uv_size": [1, 1.5]},
								"down": {"uv": [0, 25.5], "uv_size": [1, -1.5]}
							}
						},
						{
							"origin": [-0.85157, 0.10101, -0.80024],
							"size": [0.76, 0.2, 0.7],
							"pivot": [-0.43887, 0.48, 0.195],
							"rotation": [27.5, 0, 0],
							"uv": {
								"north": {"uv": [15, 27], "uv_size": [1, 0.5]},
								"east": {"uv": [14, 28], "uv_size": [0.5, 0.5]},
								"south": {"uv": [27, 15], "uv_size": [1, 0.5]},
								"west": {"uv": [28, 14], "uv_size": [0.5, 0.5]},
								"up": {"uv": [27, 16], "uv_size": [1, 0.5]},
								"down": {"uv": [17, 27.5], "uv_size": [1, -0.5]}
							}
						},
						{
							"origin": [-0.85157, 0.10101, -2.59976],
							"size": [0.76, 0.2, 0.7],
							"pivot": [-0.43887, 0.48, -2.895],
							"rotation": [-27.5, 0, 0],
							"uv": {
								"north": {"uv": [27, 17], "uv_size": [1, 0.5]},
								"east": {"uv": [15, 28], "uv_size": [0.5, 0.5]},
								"south": {"uv": [18, 27], "uv_size": [1, 0.5]},
								"west": {"uv": [28, 15], "uv_size": [0.5, 0.5]},
								"up": {"uv": [27, 18], "uv_size": [1, 0.5]},
								"down": {"uv": [19, 27.5], "uv_size": [1, -0.5]}
							}
						},
						{
							"origin": [-0.67157, -0.11453, -2],
							"size": [0.4, 0.5, 1.3],
							"uv": {
								"north": {"uv": [13, 28], "uv_size": [0.5, 0.5]},
								"east": {"uv": [25, 23], "uv_size": [1.5, 0.5]},
								"south": {"uv": [28, 13], "uv_size": [0.5, 0.5]},
								"west": {"uv": [25, 24], "uv_size": [1.5, 0.5]},
								"up": {"uv": [25, 25], "uv_size": [0.5, 1.5]},
								"down": {"uv": [0, 27.5], "uv_size": [0.5, -1.5]}
							}
						}
					]
				},
				{
					"name": "bidopL",
					"parent": "bipod",
					"pivot": [2.1404, 3.98647, -1.35],
					"rotation": [0, 0, -12.5],
					"cubes": [
						{
							"origin": [2.5552, 0.28984, -1.66],
							"size": [0.3, 3.95, 0.62],
							"pivot": [2.6927, 1.41704, -1.35],
							"rotation": [0, 0, -15],
							"uv": {
								"north": {"uv": [18, 22], "uv_size": [0.5, 4]},
								"east": {"uv": [22, 21], "uv_size": [0.5, 4]},
								"south": {"uv": [4, 23], "uv_size": [0.5, 4]},
								"west": {"uv": [5, 23], "uv_size": [0.5, 4]},
								"up": {"uv": [16, 28], "uv_size": [0.5, 0.5]},
								"down": {"uv": [28, 16.5], "uv_size": [0.5, -0.5]}
							}
						},
						{
							"origin": [2.57157, -0.31453, -2.2],
							"size": [0.8, 0.2, 1.7],
							"uv": {
								"north": {"uv": [27, 19], "uv_size": [1, 0.5]},
								"east": {"uv": [26, 1], "uv_size": [1.5, 0.5]},
								"south": {"uv": [20, 27], "uv_size": [1, 0.5]},
								"west": {"uv": [26, 2], "uv_size": [1.5, 0.5]},
								"up": {"uv": [1, 24], "uv_size": [1, 1.5]},
								"down": {"uv": [2, 25.5], "uv_size": [1, -1.5]}
							}
						},
						{
							"origin": [2.59157, 0.10101, -0.80024],
							"size": [0.76, 0.2, 0.7],
							"pivot": [2.93887, 0.48, 0.195],
							"rotation": [27.5, 0, 0],
							"uv": {
								"north": {"uv": [27, 20], "uv_size": [1, 0.5]},
								"east": {"uv": [17, 28], "uv_size": [0.5, 0.5]},
								"south": {"uv": [21, 27], "uv_size": [1, 0.5]},
								"west": {"uv": [28, 17], "uv_size": [0.5, 0.5]},
								"up": {"uv": [27, 21], "uv_size": [1, 0.5]},
								"down": {"uv": [22, 27.5], "uv_size": [1, -0.5]}
							}
						},
						{
							"origin": [2.59157, 0.10101, -2.59976],
							"size": [0.76, 0.2, 0.7],
							"pivot": [2.93887, 0.48, -2.895],
							"rotation": [-27.5, 0, 0],
							"uv": {
								"north": {"uv": [27, 22], "uv_size": [1, 0.5]},
								"east": {"uv": [18, 28], "uv_size": [0.5, 0.5]},
								"south": {"uv": [23, 27], "uv_size": [1, 0.5]},
								"west": {"uv": [28, 18], "uv_size": [0.5, 0.5]},
								"up": {"uv": [27, 23], "uv_size": [1, 0.5]},
								"down": {"uv": [24, 27.5], "uv_size": [1, -0.5]}
							}
						},
						{
							"origin": [2.77157, -0.11453, -2],
							"size": [0.4, 0.5, 1.3],
							"uv": {
								"north": {"uv": [19, 28], "uv_size": [0.5, 0.5]},
								"east": {"uv": [26, 3], "uv_size": [1.5, 0.5]},
								"south": {"uv": [28, 19], "uv_size": [0.5, 0.5]},
								"west": {"uv": [26, 4], "uv_size": [1.5, 0.5]},
								"up": {"uv": [3, 26], "uv_size": [0.5, 1.5]},
								"down": {"uv": [26, 6.5], "uv_size": [0.5, -1.5]}
							}
						}
					]
				},
				{
					"name": "muzzleflash",
					"parent": "main",
					"pivot": [0.06113, 8.4, 11.5],
					"cubes": [
						{
							"origin": [1.06113, 5.4, -20.5],
							"size": [1, 1, 1],
							"inflate": -0.4,
							"uv": {
								"north": {"uv": [0, 0], "uv_size": [1, 1]},
								"east": {"uv": [0, 0], "uv_size": [1, 1]},
								"south": {"uv": [0, 0], "uv_size": [1, 1]},
								"west": {"uv": [0, 0], "uv_size": [1, 1]},
								"up": {"uv": [1, 1], "uv_size": [-1, -1]},
								"down": {"uv": [1, 1], "uv_size": [-1, -1]}
							}
						}
					]
				},
				{
					"name": "scope",
					"parent": "main",
					"pivot": [1.06113, 9.4, 6.5],
					"cubes": [
						{
							"origin": [0.7, 8.4, 10.5],
							"size": [1, 1, 1],
							"inflate": -0.4,
							"uv": {
								"north": {"uv": [0, 0], "uv_size": [1, 1]},
								"east": {"uv": [0, 0], "uv_size": [1, 1]},
								"south": {"uv": [0, 0], "uv_size": [1, 1]},
								"west": {"uv": [0, 0], "uv_size": [1, 1]},
								"up": {"uv": [1, 1], "uv_size": [-1, -1]},
								"down": {"uv": [1, 1], "uv_size": [-1, -1]}
							}
						}
					]
				},
				{
					"name": "scope_model",
					"parent": "main",
					"pivot": [1.06113, 9.4, 6.5],
					"cubes": [
						{
							"origin": [0.66113, 8, 4.9],
							"size": [1.2, 1.2, 2.5],
							"uv": {
								"north": {"uv": [24, 7], "uv_size": [1, 1]},
								"east": {"uv": [20, 4], "uv_size": [2.5, 1]},
								"south": {"uv": [24, 8], "uv_size": [1, 1]},
								"west": {"uv": [20, 20], "uv_size": [2.5, 1]},
								"up": {"uv": [21, 0], "uv_size": [1, 2.5]},
								"down": {"uv": [1, 23.5], "uv_size": [1, -2.5]}
							}
						},
						{
							"origin": [0.76113, 8.1, 7.4],
							"size": [1, 1, 3.1],
							"uv": {
								"north": {"uv": [10, 24], "uv_size": [1, 1]},
								"east": {"uv": [18, 13], "uv_size": [3, 1]},
								"south": {"uv": [24, 13], "uv_size": [1, 1]},
								"west": {"uv": [19, 9], "uv_size": [3, 1]},
								"up": {"uv": [19, 14], "uv_size": [1, 3]},
								"down": {"uv": [19, 20], "uv_size": [1, -3]}
							}
						},
						{
							"origin": [1.06113, 7.4, 7.8],
							"size": [0.4, 0.8, 1.3],
							"uv": {
								"north": {"uv": [18, 26], "uv_size": [0.5, 1]},
								"east": {"uv": [23, 0], "uv_size": [1.5, 1]},
								"south": {"uv": [19, 26], "uv_size": [0.5, 1]},
								"west": {"uv": [23, 1], "uv_size": [1.5, 1]},
								"up": {"uv": [14, 25], "uv_size": [0.5, 1.5]},
								"down": {"uv": [25, 15.5], "uv_size": [0.5, -1.5]}
							}
						},
						{
							"origin": [0.72113, 8.06, 9.9],
							"size": [1.08, 1.08, 0.9],
							"uv": {
								"north": {"uv": [24, 20], "uv_size": [1, 1]},
								"east": {"uv": [24, 21], "uv_size": [1, 1]},
								"south": {"uv": [23, 24], "uv_size": [1, 1]},
								"west": {"uv": [24, 24], "uv_size": [1, 1]},
								"up": {"uv": [25, 0], "uv_size": [1, 1]},
								"down": {"uv": [25, 2], "uv_size": [1, -1]}
							}
						},
						{
							"origin": [0.96113, 9.1, 8.8],
							"size": [0.6, 0.6, 0.6],
							"uv": {
								"north": {"uv": [1, 28], "uv_size": [0.5, 0.5]},
								"east": {"uv": [28, 1], "uv_size": [0.5, 0.5]},
								"south": {"uv": [2, 28], "uv_size": [0.5, 0.5]},
								"west": {"uv": [28, 2], "uv_size": [0.5, 0.5]},
								"up": {"uv": [3, 28], "uv_size": [0.5, 0.5]},
								"down": {"uv": [28, 3.5], "uv_size": [0.5, -0.5]}
							}
						}
					]
				},
				{
					"name": "muzzle",
					"parent": "main",
					"pivot": [1.06113, 5.1, -20.5],
					"cubes": [
						{
							"origin": [1.26113, 5.6, -20.1],
							"size": [0, 0, 0],
							"uv": {
								"north": {"uv": [0, 0], "uv_size": [0, 0]},
								"east": {"uv": [0, 0], "uv_size": [0, 0]},
								"south": {"uv": [0, 0], "uv_size": [0, 0]},
								"west": {"uv": [0, 0], "uv_size": [0, 0]},
								"up": {"uv": [0, 0], "uv_size": [0, 0]},
								"down": {"uv": [0, 0], "uv_size": [0, 0]}
							}
						}
					]
				},
				{
					"name": "magazine",
					"parent": "main",
					"pivot": [1.26113, 3.05, 6.7],
					"cubes": [
						{
							"origin": [0.76113, 1.5, 5.2],
							"size": [1, 3.1, 3],
							"uv": {
								"north": {"uv": [20, 0], "uv_size": [1, 3]},
								"east": {"uv": [10, 9], "uv_size": [3, 3]},
								"south": {"uv": [4, 20], "uv_size": [1, 3]},
								"west": {"uv": [12, 6], "uv_size": [3, 3]},
								"up": {"uv": [5, 23], "uv_size": [1, -3]},
								"down": {"uv": [12, 23], "uv_size": [1, -3]}
							}
						}
					]
				},
				{
					"name": "arms",
					"parent": "main",
					"pivot": [-11.5625, -37.2509, 13.18696]
				},
				{
					"name": "rightarm",
					"parent": "arms",
					"pivot": [-2, -14, 2],
					"cubes": [
						{
							"origin": [-4, -20, 0],
							"size": [4, 12, 4],
							"uv": {
								"north": {"uv": [0, 0], "uv_size": [4, 12]},
								"east": {"uv": [4, 0], "uv_size": [4, 12]},
								"south": {"uv": [8, 0], "uv_size": [4, 12]},
								"west": {"uv": [0, 12], "uv_size": [4, 12]},
								"up": {"uv": [16, 6], "uv_size": [4, 4]},
								"down": {"uv": [16, 14], "uv_size": [4, -4]}
							}
						}
					]
				},
				{
					"name": "leftarm",
					"parent": "arms",
					"pivot": [-2, -14, 2],
					"cubes": [
						{
							"origin": [-4, -20, 0],
							"size": [4, 12, 4],
							"uv": {
								"north": {"uv": [12, 0], "uv_size": [4, 12]},
								"east": {"uv": [4, 12], "uv_size": [4, 12]},
								"south": {"uv": [8, 12], "uv_size": [4, 12]},
								"west": {"uv": [12, 12], "uv_size": [4, 12]},
								"up": {"uv": [16, 14], "uv_size": [4, 4]},
								"down": {"uv": [16, 22], "uv_size": [4, -4]}
							}
						}
					]
				},
				{
					"name": "slide",
					"parent": "main",
					"pivot": [0.00613, 5.5, 5.3],
					"cubes": [
						{
							"origin": [0.36113, 5.305, 5.105],
							"size": [0.2, 0.39, 0.39],
							"uv": {
								"north": {"uv": [6, 28], "uv_size": [0.5, 0.5]},
								"east": {"uv": [28, 6], "uv_size": [0.5, 0.5]},
								"south": {"uv": [7, 28], "uv_size": [0.5, 0.5]},
								"west": {"uv": [28, 7], "uv_size": [0.5, 0.5]},
								"up": {"uv": [8, 28], "uv_size": [0.5, 0.5]},
								"down": {"uv": [28, 8.5], "uv_size": [0.5, -0.5]}
							}
						},
						{
							"origin": [-0.53887, 5.34, 5.14],
							"size": [1.1, 0.32, 0.32],
							"uv": {
								"north": {"uv": [27, 8], "uv_size": [1, 0.5]},
								"east": {"uv": [5, 28], "uv_size": [0.5, 0.5]},
								"south": {"uv": [27, 9], "uv_size": [1, 0.5]},
								"west": {"uv": [28, 5], "uv_size": [0.5, 0.5]},
								"up": {"uv": [27, 10], "uv_size": [1, 0.5]},
								"down": {"uv": [11, 27.5], "uv_size": [1, -0.5]}
							}
						},
						{
							"origin": [-0.55387, 5.305, 5.105],
							"size": [0.2, 0.39, 0.39],
							"uv": {
								"north": {"uv": [9, 28], "uv_size": [0.5, 0.5]},
								"east": {"uv": [28, 9], "uv_size": [0.5, 0.5]},
								"south": {"uv": [10, 28], "uv_size": [0.5, 0.5]},
								"west": {"uv": [28, 10], "uv_size": [0.5, 0.5]},
								"up": {"uv": [11, 28], "uv_size": [0.5, 0.5]},
								"down": {"uv": [28, 11.5], "uv_size": [0.5, -0.5]}
							}
						}
					]
				},
				{
					"name": "Slide2",
					"parent": "main",
					"pivot": [0.56113, 5.5, 9.05],
					"cubes": [
						{
							"origin": [0.56113, 5.235, 4.885],
							"size": [0, 0.53, 4.13],
							"uv": {
								"north": {"uv": [0, 0], "uv_size": [0, 0.5]},
								"east": {"uv": [21, 19], "uv_size": [4, 0.5]},
								"south": {"uv": [0, 0], "uv_size": [0, 0.5]},
								"west": {"uv": [22, 2], "uv_size": [4, 0.5]},
								"up": {"uv": [0, 0], "uv_size": [0, 4]},
								"down": {"uv": [0, 4], "uv_size": [0, -4]}
							}
						}
					]
				},
				{
					"name": "gun",
					"parent": "main",
					"pivot": [1.10716, 4.8018, 7.8483],
					"cubes": [
						{
							"origin": [0.66113, 4.195, -3.6],
							"size": [1.2, 2.505, 5.9],
							"uv": {
								"north": {"uv": [20, 17], "uv_size": [1, 2.5]},
								"east": {"uv": [0, 6], "uv_size": [6, 2.5]},
								"south": {"uv": [19, 20], "uv_size": [1, 2.5]},
								"west": {"uv": [6, 6], "uv_size": [6, 2.5]},
								"up": {"uv": [15, 2], "uv_size": [1, 6]},
								"down": {"uv": [16, 8], "uv_size": [1, -6]}
							}
						},
						{
							"origin": [0.76113, 5.1, -14.6],
							"size": [1, 1, 11.1],
							"uv": {
								"north": {"uv": [24, 6], "uv_size": [1, 1]},
								"east": {"uv": [9, 0], "uv_size": [11, 1]},
								"south": {"uv": [7, 24], "uv_size": [1, 1]},
								"west": {"uv": [9, 1], "uv_size": [11, 1]},
								"up": {"uv": [4, 9], "uv_size": [1, 11]},
								"down": {"uv": [5, 20], "uv_size": [1, -11]}
							}
						},
						{
							"origin": [0.71113, 2.8, 16.1],
							"size": [1.1, 3.8, 0.5],
							"uv": {
								"north": {"uv": [17, 2], "uv_size": [1, 4]},
								"east": {"uv": [3, 22], "uv_size": [0.5, 4]},
								"south": {"uv": [0, 18], "uv_size": [1, 4]},
								"west": {"uv": [6, 22], "uv_size": [0.5, 4]},
								"up": {"uv": [24, 26], "uv_size": [1, 0.5]},
								"down": {"uv": [26, 25.5], "uv_size": [1, -0.5]}
							}
						},
						{
							"origin": [0.67613, 5.4, 9.5],
							"size": [1.17, 1.3, 2.9],
							"pivot": [1.06113, 6.05, 12.65],
							"rotation": [22.5, 0, 0],
							"uv": {
								"north": {"uv": [14, 23], "uv_size": [1, 1.5]},
								"east": {"uv": [16, 14], "uv_size": [3, 1.5]},
								"south": {"uv": [15, 23], "uv_size": [1, 1.5]},
								"west": {"uv": [16, 16], "uv_size": [3, 1.5]},
								"up": {"uv": [20, 14], "uv_size": [1, 3]},
								"down": {"uv": [15, 23], "uv_size": [1, -3]}
							}
						},
						{
							"origin": [0.71113, 4.52647, 13.05637],
							"size": [1.1, 0.7, 1.4],
							"pivot": [1.06113, 4.72647, 13.15637],
							"rotation": [-62.5, 0, 0],
							"uv": {
								"north": {"uv": [2, 27], "uv_size": [1, 0.5]},
								"east": {"uv": [21, 25], "uv_size": [1.5, 0.5]},
								"south": {"uv": [4, 27], "uv_size": [1, 0.5]},
								"west": {"uv": [25, 21], "uv_size": [1.5, 0.5]},
								"up": {"uv": [20, 23], "uv_size": [1, 1.5]},
								"down": {"uv": [23, 21.5], "uv_size": [1, -1.5]}
							}
						},
						{
							"origin": [0.72113, 3.245, 13.6],
							"size": [1.08, 1, 2.6],
							"pivot": [1.06113, 3.445, 14.5],
							"rotation": [-15, 0, 0],
							"uv": {
								"north": {"uv": [10, 25], "uv_size": [1, 1]},
								"east": {"uv": [21, 6], "uv_size": [2.5, 1]},
								"south": {"uv": [25, 10], "uv_size": [1, 1]},
								"west": {"uv": [21, 7], "uv_size": [2.5, 1]},
								"up": {"uv": [2, 21], "uv_size": [1, 2.5]},
								"down": {"uv": [10, 23.5], "uv_size": [1, -2.5]}
							}
						},
						{
							"origin": [0.72113, 4.38, 10.265],
							"size": [1.08, 0.675, 3.29],
							"uv": {
								"north": {"uv": [5, 27], "uv_size": [1, 0.5]},
								"east": {"uv": [22, 9], "uv_size": [3.5, 0.5]},
								"south": {"uv": [27, 5], "uv_size": [1, 0.5]},
								"west": {"uv": [22, 11], "uv_size": [3.5, 0.5]},
								"up": {"uv": [3, 18], "uv_size": [1, 3.5]},
								"down": {"uv": [16, 21.5], "uv_size": [1, -3.5]}
							}
						},
						{
							"origin": [0.71113, 5.3, 10],
							"size": [1.1, 1.3, 6.1],
							"uv": {
								"north": {"uv": [11, 23], "uv_size": [1, 1.5]},
								"east": {"uv": [9, 2], "uv_size": [6, 1.5]},
								"south": {"uv": [12, 23], "uv_size": [1, 1.5]},
								"west": {"uv": [9, 4], "uv_size": [6, 1.5]},
								"up": {"uv": [6, 16], "uv_size": [1, 6]},
								"down": {"uv": [7, 22], "uv_size": [1, -6]}
							}
						},
						{
							"origin": [0.66113, 7.4, 3.7],
							"size": [1.2, 0.2, 6.3],
							"uv": {
								"north": {"uv": [25, 16], "uv_size": [1.5, 0.5]},
								"east": {"uv": [18, 5], "uv_size": [6.5, 0.5]},
								"south": {"uv": [25, 17], "uv_size": [1.5, 0.5]},
								"west": {"uv": [18, 12], "uv_size": [6.5, 0.5]},
								"up": {"uv": [6, 9], "uv_size": [1.5, 6.5]},
								"down": {"uv": [8, 15.5], "uv_size": [1.5, -6.5]}
							}
						},
						{
							"origin": [0.66613, 5.765, 9.455],
							"size": [1.19, 1.6, 1.2],
							"pivot": [1.06113, 6.765, 10.055],
							"rotation": [47.5, 0, 0],
							"uv": {
								"north": {"uv": [21, 13], "uv_size": [1.5, 1.5]},
								"east": {"uv": [23, 16], "uv_size": [1, 1.5]},
								"south": {"uv": [21, 15], "uv_size": [1.5, 1.5]},
								"west": {"uv": [19, 23], "uv_size": [1, 1.5]},
								"up": {"uv": [23, 4], "uv_size": [1.5, 1]},
								"down": {"uv": [23, 19], "uv_size": [1.5, -1]}
							}
						},
						{
							"origin": [0.66613, 5.99, 0.455],
							"size": [1.19, 1.2, 1.2],
							"pivot": [1.06113, 6.59, 1.055],
							"rotation": [-27.5, 0, 0],
							"uv": {
								"north": {"uv": [25, 4], "uv_size": [1, 1]},
								"east": {"uv": [25, 5], "uv_size": [1, 1]},
								"south": {"uv": [25, 6], "uv_size": [1, 1]},
								"west": {"uv": [7, 25], "uv_size": [1, 1]},
								"up": {"uv": [25, 7], "uv_size": [1, 1]},
								"down": {"uv": [25, 9], "uv_size": [1, -1]}
							}
						},
						{
							"origin": [0.56113, 4.2, 0.8],
							"size": [1.4, 2.6, 9.2],
							"uv": {
								"north": {"uv": [1, 18], "uv_size": [1.5, 2.5]},
								"east": {"uv": [0, 0], "uv_size": [9, 2.5]},
								"south": {"uv": [18, 2], "uv_size": [1.5, 2.5]},
								"west": {"uv": [0, 3], "uv_size": [9, 2.5]},
								"up": {"uv": [0, 9], "uv_size": [1.5, 9]},
								"down": {"uv": [2, 18], "uv_size": [1.5, -9]}
							}
						},
						{
							"origin": [0.66113, 6.8, 0.8],
							"size": [1.2, 0.6, 9.2],
							"uv": {
								"north": {"uv": [27, 24], "uv_size": [1, 0.5]},
								"east": {"uv": [13, 11], "uv_size": [9, 0.5]},
								"south": {"uv": [25, 27], "uv_size": [1, 0.5]},
								"west": {"uv": [15, 8], "uv_size": [9, 0.5]},
								"up": {"uv": [10, 12], "uv_size": [1, 9]},
								"down": {"uv": [11, 21], "uv_size": [1, -9]}
							}
						},
						{
							"origin": [0.46113, 4.8, -19.9],
							"size": [1.6, 1.6, 5.3],
							"uv": {
								"north": {"uv": [21, 17], "uv_size": [1.5, 1.5]},
								"east": {"uv": [12, 12], "uv_size": [5.5, 1.5]},
								"south": {"uv": [20, 21], "uv_size": [1.5, 1.5]},
								"west": {"uv": [13, 9], "uv_size": [5.5, 1.5]},
								"up": {"uv": [12, 14], "uv_size": [1.5, 5.5]},
								"down": {"uv": [14, 19.5], "uv_size": [1.5, -5.5]}
							}
						},
						{
							"origin": [0.66113, 3.6, 5.1],
							"size": [1.2, 1.1, 3.3],
							"uv": {
								"north": {"uv": [25, 12], "uv_size": [1, 1]},
								"east": {"uv": [17, 6], "uv_size": [3.5, 1]},
								"south": {"uv": [25, 13], "uv_size": [1, 1]},
								"west": {"uv": [17, 7], "uv_size": [3.5, 1]},
								"up": {"uv": [17, 18], "uv_size": [1, 3.5]},
								"down": {"uv": [18, 21.5], "uv_size": [1, -3.5]}
							}
						},
						{
							"origin": [0.96113, 1.2, 10.2],
							"size": [0.6, 0.4, 1.3],
							"pivot": [1.26113, 3.3, 11.05],
							"rotation": [25, 0, 0],
							"uv": {
								"north": {"uv": [4, 28], "uv_size": [0.5, 0.5]},
								"east": {"uv": [25, 18], "uv_size": [1.5, 0.5]},
								"south": {"uv": [28, 4], "uv_size": [0.5, 0.5]},
								"west": {"uv": [19, 25], "uv_size": [1.5, 0.5]},
								"up": {"uv": [15, 25], "uv_size": [0.5, 1.5]},
								"down": {"uv": [25, 20.5], "uv_size": [0.5, -1.5]}
							}
						},
						{
							"origin": [0.96113, 1.6, 10.4],
							"size": [0.6, 3.2, 1.1],
							"pivot": [1.26113, 3.3, 11.05],
							"rotation": [25, 0, 0],
							"uv": {
								"north": {"uv": [13, 23], "uv_size": [0.5, 3]},
								"east": {"uv": [13, 20], "uv_size": [1, 3]},
								"south": {"uv": [23, 13], "uv_size": [0.5, 3]},
								"west": {"uv": [14, 20], "uv_size": [1, 3]},
								"up": {"uv": [26, 26], "uv_size": [0.5, 1]},
								"down": {"uv": [1, 28], "uv_size": [0.5, -1]}
							}
						},
						{
							"origin": [0.77113, 3, 4],
							"size": [0.98, 1.8, 0.5],
							"pivot": [1.26113, 3.9, 4.25],
							"rotation": [45, 0, 0],
							"uv": {
								"north": {"uv": [22, 0], "uv_size": [1, 2]},
								"east": {"uv": [11, 25], "uv_size": [0.5, 2]},
								"south": {"uv": [7, 22], "uv_size": [1, 2]},
								"west": {"uv": [12, 25], "uv_size": [0.5, 2]},
								"up": {"uv": [27, 6], "uv_size": [1, 0.5]},
								"down": {"uv": [27, 7.5], "uv_size": [1, -0.5]}
							}
						},
						{
							"origin": [0.66113, 2.4, 4.6],
							"size": [1.2, 1.8, 0.5],
							"uv": {
								"north": {"uv": [11, 21], "uv_size": [1, 2]},
								"east": {"uv": [24, 14], "uv_size": [0.5, 2]},
								"south": {"uv": [0, 22], "uv_size": [1, 2]},
								"west": {"uv": [24, 16], "uv_size": [0.5, 2]},
								"up": {"uv": [26, 19], "uv_size": [1, 0.5]},
								"down": {"uv": [20, 26.5], "uv_size": [1, -0.5]}
							}
						},
						{
							"origin": [1.06113, 3, 10],
							"size": [0.4, 1.7, 0.4],
							"uv": {
								"north": {"uv": [6, 26], "uv_size": [0.5, 1.5]},
								"east": {"uv": [7, 26], "uv_size": [0.5, 1.5]},
								"south": {"uv": [26, 7], "uv_size": [0.5, 1.5]},
								"west": {"uv": [8, 26], "uv_size": [0.5, 1.5]},
								"up": {"uv": [20, 28], "uv_size": [0.5, 0.5]},
								"down": {"uv": [28, 20.5], "uv_size": [0.5, -0.5]}
							}
						},
						{
							"origin": [1.06113, 3, 8.4],
							"size": [0.4, 1.7, 0.4],
							"uv": {
								"north": {"uv": [9, 26], "uv_size": [0.5, 1.5]},
								"east": {"uv": [26, 9], "uv_size": [0.5, 1.5]},
								"south": {"uv": [10, 26], "uv_size": [0.5, 1.5]},
								"west": {"uv": [26, 11], "uv_size": [0.5, 1.5]},
								"up": {"uv": [21, 28], "uv_size": [0.5, 0.5]},
								"down": {"uv": [28, 21.5], "uv_size": [0.5, -0.5]}
							}
						},
						{
							"origin": [1.06613, 3.005, 8.5],
							"size": [0.39, 0.3, 1.6],
							"uv": {
								"north": {"uv": [22, 28], "uv_size": [0.5, 0.5]},
								"east": {"uv": [26, 13], "uv_size": [1.5, 0.5]},
								"south": {"uv": [28, 22], "uv_size": [0.5, 0.5]},
								"west": {"uv": [26, 14], "uv_size": [1.5, 0.5]},
								"up": {"uv": [13, 26], "uv_size": [0.5, 1.5]},
								"down": {"uv": [16, 27.5], "uv_size": [0.5, -1.5]}
							}
						},
						{
							"origin": [0.46113, 3.1, -1.7],
							"size": [1.6, 1.1, 0.7],
							"uv": {
								"north": {"uv": [23, 22], "uv_size": [1.5, 1]},
								"east": {"uv": [27, 11], "uv_size": [0.5, 1]},
								"south": {"uv": [23, 23], "uv_size": [1.5, 1]},
								"west": {"uv": [12, 27], "uv_size": [0.5, 1]},
								"up": {"uv": [25, 22], "uv_size": [1.5, 0.5]},
								"down": {"uv": [23, 25.5], "uv_size": [1.5, -0.5]}
							}
						},
						{
							"origin": [0.76113, 3.6, -3.6],
							"size": [1, 0.6, 0.7],
							"uv": {
								"north": {"uv": [26, 20], "uv_size": [1, 0.5]},
								"east": {"uv": [0, 28], "uv_size": [0.5, 0.5]},
								"south": {"uv": [21, 26], "uv_size": [1, 0.5]},
								"west": {"uv": [28, 0], "uv_size": [0.5, 0.5]},
								"up": {"uv": [22, 26], "uv_size": [1, 0.5]},
								"down": {"uv": [23, 26.5], "uv_size": [1, -0.5]}
							}
						},
						{
							"origin": [0.76113, 3.8, -1],
							"size": [1, 0.4, 5.6],
							"uv": {
								"north": {"uv": [26, 15], "uv_size": [1, 0.5]},
								"east": {"uv": [19, 10], "uv_size": [5.5, 0.5]},
								"south": {"uv": [17, 26], "uv_size": [1, 0.5]},
								"west": {"uv": [20, 3], "uv_size": [5.5, 0.5]},
								"up": {"uv": [8, 16], "uv_size": [1, 5.5]},
								"down": {"uv": [9, 21.5], "uv_size": [1, -5.5]}
							}
						}
					]
				}
			]
		}
	]
}