{
	"format_version": "1.12.0",
	"minecraft:geometry": [
		{
			"description": {
				"identifier": "geometry.unknown",
				"texture_width": 32,
				"texture_height": 32,
				"visible_bounds_width": 3,
				"visible_bounds_height": 3,
				"visible_bounds_offset": [0, 0.5, 0]
			},
			"bones": [
				{
					"name": "main",
					"pivot": [-0.01, 6.2, 0.8]
				},
				{
					"name": "gun",
					"parent": "main",
					"pivot": [-2, 6, 2],
					"cubes": [
						{
							"origin": [-0.004, 4.81233, -1.75037],
							"size": [0.948, 3.96, 0.666],
							"pivot": [-0.01, 6.13233, 0.95563],
							"rotation": [33, 0, 0],
							"uv": {
								"north": {"uv": [10, 11], "uv_size": [1, 3.5]},
								"east": {"uv": [6, 16], "uv_size": [0.5, 3.5]},
								"south": {"uv": [11, 11], "uv_size": [1, 3.5]},
								"west": {"uv": [16, 10], "uv_size": [0.5, 3.5]},
								"up": {"uv": [13, 19], "uv_size": [1, 0.5]},
								"down": {"uv": [19, 13.5], "uv_size": [1, -0.5]}
							}
						},
						{
							"origin": [-0.238, 7.16, -8.8],
							"size": [1.2, 1.32, 5.04],
							"uv": {
								"north": {"uv": [14, 10], "uv_size": [1, 1]},
								"east": {"uv": [10, 10], "uv_size": [4, 1]},
								"south": {"uv": [15, 0], "uv_size": [1, 1]},
								"west": {"uv": [11, 0], "uv_size": [4, 1]},
								"up": {"uv": [8, 0], "uv_size": [1, 4]},
								"down": {"uv": [11, 5], "uv_size": [1, -4]}
							}
						},
						{
							"origin": [0.002, 7.01879, 0.67913],
							"size": [0.936, 0.48, 0.72],
							"pivot": [-0.01, 7.33679, 0.73913],
							"rotation": [-28.5, 0, 0],
							"uv": {
								"north": {"uv": [11, 19], "uv_size": [1, 0.5]},
								"east": {"uv": [20, 12], "uv_size": [0.5, 0.5]},
								"south": {"uv": [19, 11], "uv_size": [1, 0.5]},
								"west": {"uv": [13, 20], "uv_size": [0.5, 0.5]},
								"up": {"uv": [12, 19], "uv_size": [1, 0.5]},
								"down": {"uv": [19, 12.5], "uv_size": [1, -0.5]}
							}
						},
						{
							"origin": [0.002, 6.73079, -2.08087],
							"size": [0.936, 0.84, 0.72],
							"pivot": [-0.01, 7.40879, -2.02087],
							"rotation": [-28.5, 0, 0],
							"uv": {
								"north": {"uv": [2, 20], "uv_size": [1, 0.5]},
								"east": {"uv": [20, 14], "uv_size": [0.5, 0.5]},
								"south": {"uv": [3, 20], "uv_size": [1, 0.5]},
								"west": {"uv": [15, 20], "uv_size": [0.5, 0.5]},
								"up": {"uv": [4, 20], "uv_size": [1, 0.5]},
								"down": {"uv": [20, 4.5], "uv_size": [1, -0.5]}
							}
						},
						{
							"origin": [0.23, 6.37891, -0.56033],
							"size": [0.48, 1.08, 0.24],
							"pivot": [-0.01, 7.03891, -1.88033],
							"rotation": [-1, 0, 0],
							"uv": {
								"north": {"uv": [20, 17], "uv_size": [0.5, 0.5]},
								"east": {"uv": [18, 20], "uv_size": [0.5, 0.5]},
								"south": {"uv": [20, 18], "uv_size": [0.5, 0.5]},
								"west": {"uv": [19, 20], "uv_size": [0.5, 0.5]},
								"up": {"uv": [20, 19], "uv_size": [0.5, 0.5]},
								"down": {"uv": [20, 20.5], "uv_size": [0.5, -0.5]}
							}
						},
						{
							"origin": [-0.004, 5.89079, 1.87913],
							"size": [0.948, 0.84, 0.24],
							"pivot": [-0.01, 7.40879, -2.02087],
							"rotation": [-28.5, 0, 0],
							"uv": {
								"north": {"uv": [7, 20], "uv_size": [1, 0.5]},
								"east": {"uv": [20, 16], "uv_size": [0.5, 0.5]},
								"south": {"uv": [20, 7], "uv_size": [1, 0.5]},
								"west": {"uv": [17, 20], "uv_size": [0.5, 0.5]},
								"up": {"uv": [8, 20], "uv_size": [1, 0.5]},
								"down": {"uv": [20, 8.5], "uv_size": [1, -0.5]}
							}
						},
						{
							"origin": [-0.028, 6.94291, -3.32033],
							"size": [0.996, 0.756, 0.72],
							"pivot": [-0.01, 7.27891, -2.96033],
							"rotation": [34, 0, 0],
							"uv": {
								"north": {"uv": [5, 20], "uv_size": [1, 0.5]},
								"east": {"uv": [20, 15], "uv_size": [0.5, 0.5]},
								"south": {"uv": [20, 5], "uv_size": [1, 0.5]},
								"west": {"uv": [16, 20], "uv_size": [0.5, 0.5]},
								"up": {"uv": [6, 20], "uv_size": [1, 0.5]},
								"down": {"uv": [20, 6.5], "uv_size": [1, -0.5]}
							}
						},
						{
							"origin": [-0.01, 4.45233, 0.35563],
							"size": [0.96, 3.36, 1.2],
							"pivot": [-0.01, 6.13233, 0.95563],
							"rotation": [21.5, 0, 0],
							"uv": {
								"north": {"uv": [2, 13], "uv_size": [1, 3]},
								"east": {"uv": [3, 13], "uv_size": [1, 3]},
								"south": {"uv": [4, 13], "uv_size": [1, 3]},
								"west": {"uv": [5, 13], "uv_size": [1, 3]},
								"up": {"uv": [13, 18], "uv_size": [1, 1]},
								"down": {"uv": [18, 14], "uv_size": [1, -1]}
							}
						},
						{
							"origin": [-0.01, 4.16, -1.48],
							"size": [0.96, 0.24, 3],
							"pivot": [-0.01, 6.2, 0.8],
							"rotation": [21.5, 0, 0],
							"uv": {
								"north": {"uv": [14, 19], "uv_size": [1, 0.5]},
								"east": {"uv": [17, 16], "uv_size": [2.5, 0.5]},
								"south": {"uv": [19, 14], "uv_size": [1, 0.5]},
								"west": {"uv": [18, 2], "uv_size": [2.5, 0.5]},
								"up": {"uv": [10, 15], "uv_size": [1, 2.5]},
								"down": {"uv": [15, 12.5], "uv_size": [1, -2.5]}
							}
						},
						{
							"origin": [-0.352, 7.4, -3.76],
							"size": [1.428, 3.12, 9.36],
							"uv": {
								"north": {"uv": [6, 13], "uv_size": [1, 2.5]},
								"east": {"uv": [0, 0], "uv_size": [8, 2.5]},
								"south": {"uv": [15, 3], "uv_size": [1, 2.5]},
								"west": {"uv": [0, 3], "uv_size": [8, 2.5]},
								"up": {"uv": [0, 10], "uv_size": [1, 8]},
								"down": {"uv": [10, 8], "uv_size": [1, -8]}
							}
						},
						{
							"origin": [-0.358, 6.8, 5.6],
							"size": [1.44, 3.6, 3.12],
							"uv": {
								"north": {"uv": [11, 5], "uv_size": [1, 3]},
								"east": {"uv": [1, 10], "uv_size": [2.5, 3]},
								"south": {"uv": [12, 5], "uv_size": [1, 3]},
								"west": {"uv": [4, 10], "uv_size": [2.5, 3]},
								"up": {"uv": [11, 15], "uv_size": [1, 2.5]},
								"down": {"uv": [12, 17.5], "uv_size": [1, -2.5]}
							}
						},
						{
							"origin": [-0.478, 8.96, 5.96],
							"size": [1.68, 1.56, 2.4],
							"uv": {
								"north": {"uv": [2, 16], "uv_size": [1.5, 1.5]},
								"east": {"uv": [13, 5], "uv_size": [2, 1.5]},
								"south": {"uv": [16, 2], "uv_size": [1.5, 1.5]},
								"west": {"uv": [13, 11], "uv_size": [2, 1.5]},
								"up": {"uv": [13, 13], "uv_size": [1.5, 2]},
								"down": {"uv": [14, 3], "uv_size": [1.5, -2]}
							}
						},
						{
							"origin": [-0.358, 6.08, 8.72],
							"size": [1.44, 4.32, 1.44],
							"uv": {
								"north": {"uv": [12, 1], "uv_size": [1, 3.5]},
								"east": {"uv": [12, 11], "uv_size": [1, 3.5]},
								"south": {"uv": [1, 13], "uv_size": [1, 3.5]},
								"west": {"uv": [13, 1], "uv_size": [1, 3.5]},
								"up": {"uv": [18, 6], "uv_size": [1, 1]},
								"down": {"uv": [18, 8], "uv_size": [1, -1]}
							}
						},
						{
							"origin": [-0.034, 6.8, -3.07],
							"size": [1.008, 0.6, 1.47],
							"uv": {
								"north": {"uv": [19, 18], "uv_size": [1, 0.5]},
								"east": {"uv": [19, 19], "uv_size": [1, 0.5]},
								"south": {"uv": [0, 20], "uv_size": [1, 0.5]},
								"west": {"uv": [20, 0], "uv_size": [1, 0.5]},
								"up": {"uv": [18, 11], "uv_size": [1, 1]},
								"down": {"uv": [18, 13], "uv_size": [1, -1]}
							}
						},
						{
							"origin": [-0.028, 7.16, -1.6],
							"size": [0.996, 0.24, 3],
							"uv": {
								"north": {"uv": [1, 20], "uv_size": [1, 0.5]},
								"east": {"uv": [3, 18], "uv_size": [2.5, 0.5]},
								"south": {"uv": [20, 1], "uv_size": [1, 0.5]},
								"west": {"uv": [18, 3], "uv_size": [2.5, 0.5]},
								"up": {"uv": [13, 15], "uv_size": [1, 2.5]},
								"down": {"uv": [15, 15.5], "uv_size": [1, -2.5]}
							}
						},
						{
							"origin": [-0.358, 6.83, 3.284],
							"size": [1.44, 0.726, 2.28],
							"pivot": [0.002, 7.28, 4.46],
							"rotation": [-8, 0, 0],
							"uv": {
								"north": {"uv": [15, 19], "uv_size": [1, 0.5]},
								"east": {"uv": [18, 4], "uv_size": [2, 0.5]},
								"south": {"uv": [19, 15], "uv_size": [1, 0.5]},
								"west": {"uv": [18, 5], "uv_size": [2, 0.5]},
								"up": {"uv": [14, 15], "uv_size": [1, 2]},
								"down": {"uv": [4, 18], "uv_size": [1, -2]}
							}
						},
						{
							"origin": [0.002, 9.08, -9.76],
							"size": [0.72, 0.72, 0.84],
							"uv": {
								"north": {"uv": [6, 21], "uv_size": [0.5, 0.5]},
								"east": {"uv": [21, 6], "uv_size": [0.5, 0.5]},
								"south": {"uv": [7, 21], "uv_size": [0.5, 0.5]},
								"west": {"uv": [21, 7], "uv_size": [0.5, 0.5]},
								"up": {"uv": [8, 21], "uv_size": [0.5, 0.5]},
								"down": {"uv": [21, 8.5], "uv_size": [0.5, -0.5]}
							}
						},
						{
							"origin": [0.122, 9.2, -8.92],
							"size": [0.48, 0.48, 0.12],
							"uv": {
								"north": {"uv": [9, 21], "uv_size": [0.5, 0.5]},
								"east": {"uv": [21, 9], "uv_size": [0.5, 0.5]},
								"south": {"uv": [10, 21], "uv_size": [0.5, 0.5]},
								"west": {"uv": [21, 10], "uv_size": [0.5, 0.5]},
								"up": {"uv": [11, 21], "uv_size": [0.5, 0.5]},
								"down": {"uv": [21, 11.5], "uv_size": [0.5, -0.5]}
							}
						},
						{
							"origin": [0.002, 10.88, -8.8],
							"size": [0.72, 0.24, 9.96],
							"uv": {
								"north": {"uv": [20, 13], "uv_size": [0.5, 0.5]},
								"east": {"uv": [10, 8], "uv_size": [8.5, 0.5]},
								"south": {"uv": [14, 20], "uv_size": [0.5, 0.5]},
								"west": {"uv": [10, 9], "uv_size": [8.5, 0.5]},
								"up": {"uv": [7, 10], "uv_size": [0.5, 8.5]},
								"down": {"uv": [8, 18.5], "uv_size": [0.5, -8.5]}
							}
						},
						{
							"origin": [0.122, 6.92, -8.8],
							"size": [0.48, 0.24, 5.04],
							"uv": {
								"north": {"uv": [20, 13], "uv_size": [0.5, 0.5]},
								"east": {"uv": [10, 8], "uv_size": [8.5, 0.5]},
								"south": {"uv": [14, 20], "uv_size": [0.5, 0.5]},
								"west": {"uv": [10, 9], "uv_size": [8.5, 0.5]},
								"up": {"uv": [7, 10], "uv_size": [0.5, 8.5]},
								"down": {"uv": [8, 18.5], "uv_size": [0.5, -8.5]}
							}
						},
						{
							"origin": [-0.358, 8.48, -8.8],
							"size": [1.44, 2.4, 9.96],
							"uv": {
								"north": {"uv": [8, 4], "uv_size": [1, 2]},
								"east": {"uv": [0, 6], "uv_size": [8.5, 2]},
								"south": {"uv": [14, 3], "uv_size": [1, 2]},
								"west": {"uv": [0, 8], "uv_size": [8.5, 2]},
								"up": {"uv": [9, 0], "uv_size": [1, 8.5]},
								"down": {"uv": [9, 17.5], "uv_size": [1, -8.5]}
							}
						},
						{
							"origin": [-0.106, 4.4, -7.588],
							"size": [0.936, 1.8, 0.936],
							"uv": {
								"north": {"uv": [2, 18], "uv_size": [1, 1.5]},
								"east": {"uv": [2, 18], "uv_size": [1, 1.5]},
								"south": {"uv": [2, 18], "uv_size": [1, 1.5]},
								"west": {"uv": [2, 18], "uv_size": [1, 1.5]},
								"up": {"uv": [19, 8], "uv_size": [1, 1]},
								"down": {"uv": [19, 9], "uv_size": [1, -1]}
							}
						},
						{
							"origin": [0.014, 6.2, -7.468],
							"size": [0.696, 0.48, 0.696],
							"uv": {
								"north": {"uv": [0, 22], "uv_size": [0.5, 0.5]},
								"east": {"uv": [0, 22], "uv_size": [0.5, 0.5]},
								"south": {"uv": [0, 22], "uv_size": [0.5, 0.5]},
								"west": {"uv": [0, 22], "uv_size": [0.5, 0.5]},
								"up": {"uv": [22, 0], "uv_size": [0.5, 0.5]},
								"down": {"uv": [22, 0.5], "uv_size": [0.5, -0.5]}
							}
						},
						{
							"origin": [0.002, 6.68, -7.84],
							"size": [0.72, 0.48, 1.44],
							"uv": {
								"north": {"uv": [21, 21], "uv_size": [0.5, 0.5]},
								"east": {"uv": [20, 11], "uv_size": [1, 0.5]},
								"south": {"uv": [21, 21], "uv_size": [0.5, 0.5]},
								"west": {"uv": [20, 11], "uv_size": [1, 0.5]},
								"up": {"uv": [12, 20], "uv_size": [0.5, 1]},
								"down": {"uv": [12, 21], "uv_size": [0.5, -1]}
							}
						}
					]
				},
				{
					"name": "arms",
					"parent": "main",
					"pivot": [-11.5625, -17.2509, 13.18696]
				},
				{
					"name": "rightarm",
					"parent": "arms",
					"pivot": [-2, -14, 2],
					"cubes": [
						{
							"origin": [-4, -20, 0],
							"size": [4, 12, 4],
							"uv": {
								"north": {"uv": [0, 0], "uv_size": [0, 12]},
								"east": {"uv": [0, 0], "uv_size": [0, 12]},
								"south": {"uv": [0, 0], "uv_size": [0, 12]},
								"west": {"uv": [0, 0], "uv_size": [0, 12]},
								"up": {"uv": [0, 0], "uv_size": [0, 0]},
								"down": {"uv": [0, 0], "uv_size": [0, 0]}
							}
						}
					]
				},
				{
					"name": "leftarm",
					"parent": "arms",
					"pivot": [-2, -14, 2],
					"cubes": [
						{
							"origin": [-4, -20, 0],
							"size": [4, 12, 4],
							"uv": {
								"north": {"uv": [0, 0], "uv_size": [0, 12]},
								"east": {"uv": [0, 0], "uv_size": [0, 12]},
								"south": {"uv": [0, 0], "uv_size": [0, 12]},
								"west": {"uv": [0, 0], "uv_size": [0, 12]},
								"up": {"uv": [0, 0], "uv_size": [0, 0]},
								"down": {"uv": [0, 0], "uv_size": [0, 0]}
							}
						}
					]
				},
				{
					"name": "magazine",
					"parent": "main",
					"pivot": [0.002, 4.85751, 4.28985],
					"cubes": [
						{
							"origin": [-0.13, 5.15, 3.404],
							"size": [0.96, 1.926, 1.8],
							"pivot": [0.35, 6.92, 4.22],
							"rotation": [-6, 0, 0],
							"uv": {
								"north": {"uv": [9, 17.5], "uv_size": [1, 1.5]},
								"east": {"uv": [13, 6.5], "uv_size": [1.5, 1.5]},
								"south": {"uv": [10, 17.5], "uv_size": [1, 1.5]},
								"west": {"uv": [16, 13.5], "uv_size": [1.5, 1.5]},
								"up": {"uv": [15, 16], "uv_size": [1, 1.5]},
								"down": {"uv": [16, 16.5], "uv_size": [1, -1.5]}
							}
						},
						{
							"origin": [-0.124, 3.59451, 3.04785],
							"size": [0.948, 1.686, 1.8],
							"pivot": [0.35, 4.49751, 4.04985],
							"rotation": [-14.5, 0, 0],
							"uv": {
								"north": {"uv": [1, 17], "uv_size": [1, 1.5]},
								"east": {"uv": [15, 6], "uv_size": [1.5, 1.5]},
								"south": {"uv": [17, 4], "uv_size": [1, 1.5]},
								"west": {"uv": [16, 0], "uv_size": [1.5, 1.5]},
								"up": {"uv": [17, 6], "uv_size": [1, 1.5]},
								"down": {"uv": [17, 11.5], "uv_size": [1, -1.5]}
							}
						},
						{
							"origin": [-0.13, 3.35451, 2.92785],
							"size": [0.96, 0.246, 2.04],
							"pivot": [0.35, 4.49751, 4.04985],
							"rotation": [-14.5, 0, 0],
							"uv": {
								"north": {"uv": [16, 19], "uv_size": [1, 0.5]},
								"east": {"uv": [9, 19], "uv_size": [1.5, 0.5]},
								"south": {"uv": [17, 19], "uv_size": [1, 0.5]},
								"west": {"uv": [19, 9], "uv_size": [1.5, 0.5]},
								"up": {"uv": [17, 12], "uv_size": [1, 1.5]},
								"down": {"uv": [14, 18.5], "uv_size": [1, -1.5]}
							}
						}
					]
				},
				{
					"name": "scope",
					"parent": "main",
					"pivot": [0.002, -1.24, -0.16],
					"cubes": [
						{
							"origin": [0.002, 11.76, -0.16],
							"size": [1, 1, 1],
							"inflate": -0.4,
							"uv": {
								"north": {"uv": [0, 0], "uv_size": [1, 1]},
								"east": {"uv": [0, 0], "uv_size": [1, 1]},
								"south": {"uv": [0, 0], "uv_size": [1, 1]},
								"west": {"uv": [0, 0], "uv_size": [1, 1]},
								"up": {"uv": [1, 1], "uv_size": [-1, -1]},
								"down": {"uv": [1, 1], "uv_size": [-1, -1]}
							}
						}
					]
				},
				{
					"name": "scope_model",
					"parent": "main",
					"pivot": [0.002, -1.24, -0.16],
					"cubes": [
						{
							"origin": [-0.118, 10.88, -3.64],
							"size": [0.96, 0.6, 2.64],
							"uv": {
								"north": {"uv": [19, 17], "uv_size": [1, 0.5]},
								"east": {"uv": [18, 10], "uv_size": [2, 0.5]},
								"south": {"uv": [18, 19], "uv_size": [1, 0.5]},
								"west": {"uv": [11, 18], "uv_size": [2, 0.5]},
								"up": {"uv": [16, 4], "uv_size": [1, 2]},
								"down": {"uv": [5, 18], "uv_size": [1, -2]}
							}
						},
						{
							"origin": [-0.118, 11.6, -2.44],
							"size": [0.96, 0.96, 1.92],
							"uv": {
								"north": {"uv": [18, 14], "uv_size": [1, 1]},
								"east": {"uv": [17, 15], "uv_size": [1.5, 1]},
								"south": {"uv": [15, 18], "uv_size": [1, 1]},
								"west": {"uv": [16, 17], "uv_size": [1.5, 1]},
								"up": {"uv": [0, 18], "uv_size": [1, 1.5]},
								"down": {"uv": [18, 1.5], "uv_size": [1, -1.5]}
							}
						},
						{
							"origin": [-0.118, 11.6, -3.88],
							"size": [0.96, 0.96, 1.32],
							"uv": {
								"north": {"uv": [16, 18], "uv_size": [1, 1]},
								"east": {"uv": [17, 18], "uv_size": [1, 1]},
								"south": {"uv": [18, 17], "uv_size": [1, 1]},
								"west": {"uv": [18, 18], "uv_size": [1, 1]},
								"up": {"uv": [19, 0], "uv_size": [1, 1]},
								"down": {"uv": [1, 20], "uv_size": [1, -1]}
							}
						},
						{
							"origin": [-0.118, 11.6, -0.4],
							"size": [0.96, 0.96, 0.6],
							"uv": {
								"north": {"uv": [19, 1], "uv_size": [1, 1]},
								"east": {"uv": [9, 20], "uv_size": [0.5, 1]},
								"south": {"uv": [3, 19], "uv_size": [1, 1]},
								"west": {"uv": [10, 20], "uv_size": [0.5, 1]},
								"up": {"uv": [20, 10], "uv_size": [1, 0.5]},
								"down": {"uv": [11, 20.5], "uv_size": [1, -0.5]}
							}
						},
						{
							"origin": [-0.238, 11.48, -2.32],
							"size": [1.2, 1.2, 1.32],
							"uv": {
								"north": {"uv": [4, 19], "uv_size": [1, 1]},
								"east": {"uv": [5, 19], "uv_size": [1, 1]},
								"south": {"uv": [19, 6], "uv_size": [1, 1]},
								"west": {"uv": [7, 19], "uv_size": [1, 1]},
								"up": {"uv": [19, 7], "uv_size": [1, 1]},
								"down": {"uv": [8, 20], "uv_size": [1, -1]}
							}
						},
						{
							"origin": [0.002, 11.72, -2.56],
							"size": [0.72, 0.72, 0.12],
							"uv": {
								"north": {"uv": [0, 21], "uv_size": [0.5, 0.5]},
								"east": {"uv": [21, 0], "uv_size": [0.5, 0.5]},
								"south": {"uv": [1, 21], "uv_size": [0.5, 0.5]},
								"west": {"uv": [21, 1], "uv_size": [0.5, 0.5]},
								"up": {"uv": [2, 21], "uv_size": [0.5, 0.5]},
								"down": {"uv": [21, 2.5], "uv_size": [0.5, -0.5]}
							}
						},
						{
							"origin": [0.002, 11.72, -0.52],
							"size": [0.72, 0.72, 0.12],
							"uv": {
								"north": {"uv": [3, 21], "uv_size": [0.5, 0.5]},
								"east": {"uv": [21, 3], "uv_size": [0.5, 0.5]},
								"south": {"uv": [4, 21], "uv_size": [0.5, 0.5]},
								"west": {"uv": [21, 4], "uv_size": [0.5, 0.5]},
								"up": {"uv": [5, 21], "uv_size": [0.5, 0.5]},
								"down": {"uv": [21, 5.5], "uv_size": [0.5, -0.5]}
							}
						}
					]
				},
				{
					"name": "slide",
					"parent": "main",
					"pivot": [-0.808, 9.98, -7.6],
					"cubes": [
						{
							"origin": [-0.478, 9.74, -7.84],
							"size": [0.138, 0.48, 0.48],
							"uv": {
								"north": {"uv": [12, 21], "uv_size": [0.5, 0.5]},
								"east": {"uv": [21, 12], "uv_size": [0.5, 0.5]},
								"south": {"uv": [13, 21], "uv_size": [0.5, 0.5]},
								"west": {"uv": [21, 13], "uv_size": [0.5, 0.5]},
								"up": {"uv": [14, 21], "uv_size": [0.5, 0.5]},
								"down": {"uv": [21, 14.5], "uv_size": [0.5, -0.5]}
							}
						},
						{
							"origin": [-1.078, 9.794, -7.786],
							"size": [0.618, 0.372, 0.372],
							"uv": {
								"north": {"uv": [15, 21], "uv_size": [0.5, 0.5]},
								"east": {"uv": [21, 15], "uv_size": [0.5, 0.5]},
								"south": {"uv": [16, 21], "uv_size": [0.5, 0.5]},
								"west": {"uv": [21, 16], "uv_size": [0.5, 0.5]},
								"up": {"uv": [17, 21], "uv_size": [0.5, 0.5]},
								"down": {"uv": [21, 17.5], "uv_size": [0.5, -0.5]}
							}
						},
						{
							"origin": [-1.468, 9.758, -7.822],
							"size": [0.444, 0.444, 0.444],
							"uv": {
								"north": {"uv": [18, 21], "uv_size": [0.5, 0.5]},
								"east": {"uv": [21, 18], "uv_size": [0.5, 0.5]},
								"south": {"uv": [19, 21], "uv_size": [0.5, 0.5]},
								"west": {"uv": [21, 19], "uv_size": [0.5, 0.5]},
								"up": {"uv": [20, 21], "uv_size": [0.5, 0.5]},
								"down": {"uv": [21, 20.5], "uv_size": [0.5, -0.5]}
							}
						}
					]
				},
				{
					"name": "muzzle",
					"parent": "main",
					"pivot": [0.35, 8.4, -11.2],
					"cubes": [
						{
							"origin": [0.35, 9.4, -10.2],
							"size": [0, 0, 0],
							"uv": {
								"north": {"uv": [0, 0], "uv_size": [0, 0]},
								"east": {"uv": [0, 0], "uv_size": [0, 0]},
								"south": {"uv": [0, 0], "uv_size": [0, 0]},
								"west": {"uv": [0, 0], "uv_size": [0, 0]},
								"up": {"uv": [0, 0], "uv_size": [0, 0]},
								"down": {"uv": [0, 0], "uv_size": [0, 0]}
							}
						}
					]
				},
				{
					"name": "slide2",
					"parent": "main",
					"pivot": [0.362, 9.98, -5.25],
					"cubes": [
						{
							"origin": [-0.363, 9.68, -8.23],
							"size": [1.45, 0.6, 2.96],
							"uv": {
								"north": {"uv": [8, 4], "uv_size": [1, 2]},
								"east": {"uv": [1, 22], "uv_size": [2.5, 0.5]},
								"south": {"uv": [14, 3], "uv_size": [1, 2]},
								"west": {"uv": [1, 22], "uv_size": [2.5, 0.5]},
								"up": {"uv": [9, 0], "uv_size": [1, 8.5]},
								"down": {"uv": [9, 17.5], "uv_size": [1, -8.5]}
							}
						}
					]
				},
				{
					"name": "scopepip",
					"parent": "main",
					"pivot": [0, 0, 0],
					"cubes": [
						{
							"origin": [-0.118, 11.6, 0.2],
							"size": [0.96, 0.96, 0],
							"uv": {
								"north": {"uv": [19, 1], "uv_size": [1, 1]},
								"east": {"uv": [9, 20], "uv_size": [0.5, 1]},
								"south": {"uv": [3, 19], "uv_size": [1, 1]},
								"west": {"uv": [10, 20], "uv_size": [0.5, 1]},
								"up": {"uv": [20, 10], "uv_size": [1, 0.5]},
								"down": {"uv": [11, 20.5], "uv_size": [1, -0.5]}
							}
						}
					]
				},
				{
					"name": "muzzleflash",
					"parent": "main",
					"pivot": [0, 0, 0],
					"cubes": [
						{
							"origin": [-0.25, 9, -13],
							"size": [1, 1, 1],
							"inflate": -0.4,
							"uv": {
								"north": {"uv": [0, 0], "uv_size": [1, 1]},
								"east": {"uv": [0, 0], "uv_size": [1, 1]},
								"south": {"uv": [0, 0], "uv_size": [1, 1]},
								"west": {"uv": [0, 0], "uv_size": [1, 1]},
								"up": {"uv": [1, 1], "uv_size": [-1, -1]},
								"down": {"uv": [1, 1], "uv_size": [-1, -1]}
							}
						}
					]
				}
			]
		}
	]
}