{
	"format_version": "1.12.0",
	"minecraft:geometry": [
		{
			"description": {
				"identifier": "geometry.ar23c",
				"texture_width": 16,
				"texture_height": 16,
				"visible_bounds_width": 3,
				"visible_bounds_height": 3,
				"visible_bounds_offset": [0, -0.5, 0]
			},
			"bones": [
				{
					"name": "main",
					"pivot": [-0.01, 6.2, 0.8]
				},
				{
					"name": "gun",
					"parent": "main",
					"pivot": [-2, 6, 2],
					"cubes": [
						{
							"origin": [-0.004, 4.81233, -1.75037],
							"size": [0.948, 3.96, 0.666],
							"pivot": [-0.01, 6.13233, 0.95563],
							"rotation": [33, 0, 0],
							"uv": {
								"north": {"uv": [5, 5.5], "uv_size": [0.5, 1.75]},
								"east": {"uv": [3, 8], "uv_size": [0.25, 1.75]},
								"south": {"uv": [5.5, 5.5], "uv_size": [0.5, 1.75]},
								"west": {"uv": [8, 5], "uv_size": [0.25, 1.75]},
								"up": {"uv": [6.5, 9.5], "uv_size": [0.5, 0.25]},
								"down": {"uv": [9.5, 6.75], "uv_size": [0.5, -0.25]}
							}
						},
						{
							"origin": [-0.238, 7.16, -8.8],
							"size": [1.2, 1.32, 5.04],
							"uv": {
								"north": {"uv": [7, 5], "uv_size": [0.5, 0.5]},
								"east": {"uv": [5, 5], "uv_size": [2, 0.5]},
								"south": {"uv": [7.5, 0], "uv_size": [0.5, 0.5]},
								"west": {"uv": [5.5, 0], "uv_size": [2, 0.5]},
								"up": {"uv": [4, 0], "uv_size": [0.5, 2]},
								"down": {"uv": [5.5, 2.5], "uv_size": [0.5, -2]}
							}
						},
						{
							"origin": [0.002, 7.01879, 0.67913],
							"size": [0.936, 0.48, 0.72],
							"pivot": [-0.01, 7.33679, 0.73913],
							"rotation": [-28.5, 0, 0],
							"uv": {
								"north": {"uv": [5.5, 9.5], "uv_size": [0.5, 0.25]},
								"east": {"uv": [10, 6], "uv_size": [0.25, 0.25]},
								"south": {"uv": [9.5, 5.5], "uv_size": [0.5, 0.25]},
								"west": {"uv": [6.5, 10], "uv_size": [0.25, 0.25]},
								"up": {"uv": [6, 9.5], "uv_size": [0.5, 0.25]},
								"down": {"uv": [9.5, 6.25], "uv_size": [0.5, -0.25]}
							}
						},
						{
							"origin": [0.002, 6.73079, -2.08087],
							"size": [0.936, 0.84, 0.72],
							"pivot": [-0.01, 7.40879, -2.02087],
							"rotation": [-28.5, 0, 0],
							"uv": {
								"north": {"uv": [1, 10], "uv_size": [0.5, 0.25]},
								"east": {"uv": [10, 7], "uv_size": [0.25, 0.25]},
								"south": {"uv": [1.5, 10], "uv_size": [0.5, 0.25]},
								"west": {"uv": [7.5, 10], "uv_size": [0.25, 0.25]},
								"up": {"uv": [2, 10], "uv_size": [0.5, 0.25]},
								"down": {"uv": [10, 2.25], "uv_size": [0.5, -0.25]}
							}
						},
						{
							"origin": [0.23, 6.37891, -0.56033],
							"size": [0.48, 1.08, 0.24],
							"pivot": [-0.01, 7.03891, -1.88033],
							"rotation": [-1, 0, 0],
							"uv": {
								"north": {"uv": [10, 8.5], "uv_size": [0.25, 0.25]},
								"east": {"uv": [9, 10], "uv_size": [0.25, 0.25]},
								"south": {"uv": [10, 9], "uv_size": [0.25, 0.25]},
								"west": {"uv": [9.5, 10], "uv_size": [0.25, 0.25]},
								"up": {"uv": [10, 9.5], "uv_size": [0.25, 0.25]},
								"down": {"uv": [10, 10.25], "uv_size": [0.25, -0.25]}
							}
						},
						{
							"origin": [-0.004, 5.89079, 1.87913],
							"size": [0.948, 0.84, 0.24],
							"pivot": [-0.01, 7.40879, -2.02087],
							"rotation": [-28.5, 0, 0],
							"uv": {
								"north": {"uv": [3.5, 10], "uv_size": [0.5, 0.25]},
								"east": {"uv": [10, 8], "uv_size": [0.25, 0.25]},
								"south": {"uv": [10, 3.5], "uv_size": [0.5, 0.25]},
								"west": {"uv": [8.5, 10], "uv_size": [0.25, 0.25]},
								"up": {"uv": [4, 10], "uv_size": [0.5, 0.25]},
								"down": {"uv": [10, 4.25], "uv_size": [0.5, -0.25]}
							}
						},
						{
							"origin": [-0.028, 6.94291, -3.32033],
							"size": [0.996, 0.756, 0.72],
							"pivot": [-0.01, 7.27891, -2.96033],
							"rotation": [34, 0, 0],
							"uv": {
								"north": {"uv": [2.5, 10], "uv_size": [0.5, 0.25]},
								"east": {"uv": [10, 7.5], "uv_size": [0.25, 0.25]},
								"south": {"uv": [10, 2.5], "uv_size": [0.5, 0.25]},
								"west": {"uv": [8, 10], "uv_size": [0.25, 0.25]},
								"up": {"uv": [3, 10], "uv_size": [0.5, 0.25]},
								"down": {"uv": [10, 3.25], "uv_size": [0.5, -0.25]}
							}
						},
						{
							"origin": [-0.01, 4.45233, 0.35563],
							"size": [0.96, 3.36, 1.2],
							"pivot": [-0.01, 6.13233, 0.95563],
							"rotation": [21.5, 0, 0],
							"uv": {
								"north": {"uv": [1, 6.5], "uv_size": [0.5, 1.5]},
								"east": {"uv": [1.5, 6.5], "uv_size": [0.5, 1.5]},
								"south": {"uv": [2, 6.5], "uv_size": [0.5, 1.5]},
								"west": {"uv": [2.5, 6.5], "uv_size": [0.5, 1.5]},
								"up": {"uv": [6.5, 9], "uv_size": [0.5, 0.5]},
								"down": {"uv": [9, 7], "uv_size": [0.5, -0.5]}
							}
						},
						{
							"origin": [-0.01, 4.16, -1.48],
							"size": [0.96, 0.24, 3],
							"pivot": [-0.01, 6.2, 0.8],
							"rotation": [21.5, 0, 0],
							"uv": {
								"north": {"uv": [7, 9.5], "uv_size": [0.5, 0.25]},
								"east": {"uv": [8.5, 8], "uv_size": [1.25, 0.25]},
								"south": {"uv": [9.5, 7], "uv_size": [0.5, 0.25]},
								"west": {"uv": [9, 1], "uv_size": [1.25, 0.25]},
								"up": {"uv": [5, 7.5], "uv_size": [0.5, 1.25]},
								"down": {"uv": [7.5, 6.25], "uv_size": [0.5, -1.25]}
							}
						},
						{
							"origin": [-0.352, 7.4, -3.76],
							"size": [1.428, 3.12, 9.36],
							"uv": {
								"north": {"uv": [3, 6.5], "uv_size": [0.5, 1.25]},
								"east": {"uv": [0, 0], "uv_size": [4, 1.25]},
								"south": {"uv": [7.5, 1.5], "uv_size": [0.5, 1.25]},
								"west": {"uv": [0, 1.5], "uv_size": [4, 1.25]},
								"up": {"uv": [0, 5], "uv_size": [0.5, 4]},
								"down": {"uv": [5, 4], "uv_size": [0.5, -4]}
							}
						},
						{
							"origin": [-0.358, 6.8, 5.6],
							"size": [1.44, 3.6, 3.12],
							"uv": {
								"north": {"uv": [5.5, 2.5], "uv_size": [0.5, 1.5]},
								"east": {"uv": [0.5, 5], "uv_size": [1.25, 1.5]},
								"south": {"uv": [6, 2.5], "uv_size": [0.5, 1.5]},
								"west": {"uv": [2, 5], "uv_size": [1.25, 1.5]},
								"up": {"uv": [5.5, 7.5], "uv_size": [0.5, 1.25]},
								"down": {"uv": [6, 8.75], "uv_size": [0.5, -1.25]}
							}
						},
						{
							"origin": [-0.478, 8.96, 5.96],
							"size": [1.68, 1.56, 2.4],
							"uv": {
								"north": {"uv": [1, 8], "uv_size": [0.75, 0.75]},
								"east": {"uv": [6.5, 2.5], "uv_size": [1, 0.75]},
								"south": {"uv": [8, 1], "uv_size": [0.75, 0.75]},
								"west": {"uv": [6.5, 5.5], "uv_size": [1, 0.75]},
								"up": {"uv": [6.5, 6.5], "uv_size": [0.75, 1]},
								"down": {"uv": [7, 1.5], "uv_size": [0.75, -1]}
							}
						},
						{
							"origin": [-0.358, 6.08, 8.72],
							"size": [1.44, 4.32, 1.44],
							"uv": {
								"north": {"uv": [6, 0.5], "uv_size": [0.5, 1.75]},
								"east": {"uv": [6, 5.5], "uv_size": [0.5, 1.75]},
								"south": {"uv": [0.5, 6.5], "uv_size": [0.5, 1.75]},
								"west": {"uv": [6.5, 0.5], "uv_size": [0.5, 1.75]},
								"up": {"uv": [9, 3], "uv_size": [0.5, 0.5]},
								"down": {"uv": [9, 4], "uv_size": [0.5, -0.5]}
							}
						},
						{
							"origin": [-0.034, 6.8, -3.07],
							"size": [1.008, 0.6, 1.47],
							"uv": {
								"north": {"uv": [9.5, 9], "uv_size": [0.5, 0.25]},
								"east": {"uv": [9.5, 9.5], "uv_size": [0.5, 0.25]},
								"south": {"uv": [0, 10], "uv_size": [0.5, 0.25]},
								"west": {"uv": [10, 0], "uv_size": [0.5, 0.25]},
								"up": {"uv": [9, 5.5], "uv_size": [0.5, 0.5]},
								"down": {"uv": [9, 6.5], "uv_size": [0.5, -0.5]}
							}
						},
						{
							"origin": [-0.028, 7.16, -1.6],
							"size": [0.996, 0.24, 3],
							"uv": {
								"north": {"uv": [0.5, 10], "uv_size": [0.5, 0.25]},
								"east": {"uv": [1.5, 9], "uv_size": [1.25, 0.25]},
								"south": {"uv": [10, 0.5], "uv_size": [0.5, 0.25]},
								"west": {"uv": [9, 1.5], "uv_size": [1.25, 0.25]},
								"up": {"uv": [6.5, 7.5], "uv_size": [0.5, 1.25]},
								"down": {"uv": [7.5, 7.75], "uv_size": [0.5, -1.25]}
							}
						},
						{
							"origin": [-0.358, 6.83, 3.284],
							"size": [1.44, 0.726, 2.28],
							"pivot": [0.002, 7.28, 4.46],
							"rotation": [-8, 0, 0],
							"uv": {
								"north": {"uv": [7.5, 9.5], "uv_size": [0.5, 0.25]},
								"east": {"uv": [9, 2], "uv_size": [1, 0.25]},
								"south": {"uv": [9.5, 7.5], "uv_size": [0.5, 0.25]},
								"west": {"uv": [9, 2.5], "uv_size": [1, 0.25]},
								"up": {"uv": [7, 7.5], "uv_size": [0.5, 1]},
								"down": {"uv": [2, 9], "uv_size": [0.5, -1]}
							}
						},
						{
							"origin": [0.122, 9.2, -8.92],
							"size": [0.48, 0.48, 0.12],
							"uv": {
								"north": {"uv": [4.5, 10.5], "uv_size": [0.25, 0.25]},
								"east": {"uv": [10.5, 4.5], "uv_size": [0.25, 0.25]},
								"south": {"uv": [5, 10.5], "uv_size": [0.25, 0.25]},
								"west": {"uv": [10.5, 5], "uv_size": [0.25, 0.25]},
								"up": {"uv": [5.5, 10.5], "uv_size": [0.25, 0.25]},
								"down": {"uv": [10.5, 5.75], "uv_size": [0.25, -0.25]}
							}
						},
						{
							"origin": [0.002, 10.88, -7.8],
							"size": [0.72, 0.24, 8.96],
							"uv": {
								"north": {"uv": [10, 6.5], "uv_size": [0.25, 0.25]},
								"east": {"uv": [5, 4], "uv_size": [4.25, 0.25]},
								"south": {"uv": [7, 10], "uv_size": [0.25, 0.25]},
								"west": {"uv": [5, 4.5], "uv_size": [4.25, 0.25]},
								"up": {"uv": [3.5, 5], "uv_size": [0.25, 4.25]},
								"down": {"uv": [4, 9.25], "uv_size": [0.25, -4.25]}
							}
						},
						{
							"origin": [0.122, 6.92, -7.8],
							"size": [0.48, 0.24, 4.04],
							"uv": {
								"north": {"uv": [10, 6.5], "uv_size": [0.25, 0.25]},
								"east": {"uv": [5, 4], "uv_size": [4.25, 0.25]},
								"south": {"uv": [7, 10], "uv_size": [0.25, 0.25]},
								"west": {"uv": [5, 4.5], "uv_size": [4.25, 0.25]},
								"up": {"uv": [3.5, 5], "uv_size": [0.25, 4.25]},
								"down": {"uv": [4, 9.25], "uv_size": [0.25, -4.25]}
							}
						},
						{
							"origin": [-0.358, 8.48, -8.8],
							"size": [1.44, 2.4, 9.96],
							"uv": {
								"north": {"uv": [4, 2], "uv_size": [0.5, 1]},
								"east": {"uv": [0, 3], "uv_size": [4.25, 1]},
								"south": {"uv": [7, 1.5], "uv_size": [0.5, 1]},
								"west": {"uv": [0, 4], "uv_size": [4.25, 1]},
								"up": {"uv": [4.5, 0], "uv_size": [0.5, 4.25]},
								"down": {"uv": [4.5, 8.75], "uv_size": [0.5, -4.25]}
							}
						},
						{"origin": [-1.3, 10, -2], "size": [1, 1, 2], "uv": [0, 11]},
						{
							"origin": [-1.1, 10.125, -2.4],
							"size": [0.7, 0.7, 0.4],
							"uv": {
								"north": {"uv": [5, 14], "uv_size": [0, 0]},
								"east": {"uv": [5, 14], "uv_size": [0, 0]},
								"south": {"uv": [5, 14], "uv_size": [0, 0]},
								"west": {"uv": [5, 14], "uv_size": [0, 0]},
								"up": {"uv": [5, 14], "uv_size": [0, 0]},
								"down": {"uv": [5, 14], "uv_size": [0, 0]}
							}
						},
						{
							"origin": [-1.1, 10.125, -0.4],
							"size": [0.7, 0.7, 1.4],
							"uv": {
								"north": {"uv": [5, 14], "uv_size": [0, 0]},
								"east": {"uv": [4, 14], "uv_size": [1, 0]},
								"south": {"uv": [6, 14], "uv_size": [0, 0]},
								"west": {"uv": [5, 14], "uv_size": [1, 0]},
								"up": {"uv": [5, 13], "uv_size": [0, 1]},
								"down": {"uv": [5, 14], "uv_size": [0, -1]}
							}
						}
					]
				},
				{
					"name": "arms",
					"parent": "main",
					"pivot": [-11.5625, -17.2509, 13.18696]
				},
				{
					"name": "rightarm",
					"parent": "arms",
					"pivot": [-2, -14, 2],
					"cubes": [
						{
							"origin": [-4, -20, 0],
							"size": [4, 12, 4],
							"uv": {
								"north": {"uv": [0, 0], "uv_size": [0, 6]},
								"east": {"uv": [0, 0], "uv_size": [0, 6]},
								"south": {"uv": [0, 0], "uv_size": [0, 6]},
								"west": {"uv": [0, 0], "uv_size": [0, 6]},
								"up": {"uv": [0, 0], "uv_size": [0, 0]},
								"down": {"uv": [0, 0], "uv_size": [0, 0]}
							}
						}
					]
				},
				{
					"name": "leftarm",
					"parent": "arms",
					"pivot": [-2, -14, 2],
					"cubes": [
						{
							"origin": [-4, -20, 0],
							"size": [4, 12, 4],
							"uv": {
								"north": {"uv": [0, 0], "uv_size": [0, 6]},
								"east": {"uv": [0, 0], "uv_size": [0, 6]},
								"south": {"uv": [0, 0], "uv_size": [0, 6]},
								"west": {"uv": [0, 0], "uv_size": [0, 6]},
								"up": {"uv": [0, 0], "uv_size": [0, 0]},
								"down": {"uv": [0, 0], "uv_size": [0, 0]}
							}
						}
					]
				},
				{
					"name": "magazine",
					"parent": "main",
					"pivot": [0.002, 4.85751, 4.28985],
					"cubes": [
						{
							"origin": [-0.13, 5.15, 3.404],
							"size": [0.96, 1.926, 1.8],
							"pivot": [0.35, 6.92, 4.22],
							"rotation": [-6, 0, 0],
							"uv": {
								"north": {"uv": [4.5, 8.75], "uv_size": [0.5, 0.75]},
								"east": {"uv": [6.5, 3.25], "uv_size": [0.75, 0.75]},
								"south": {"uv": [5, 8.75], "uv_size": [0.5, 0.75]},
								"west": {"uv": [8, 6.75], "uv_size": [0.75, 0.75]},
								"up": {"uv": [7.5, 8], "uv_size": [0.5, 0.75]},
								"down": {"uv": [8, 8.25], "uv_size": [0.5, -0.75]}
							}
						},
						{
							"origin": [-0.124, 3.59451, 3.04785],
							"size": [0.948, 1.686, 1.8],
							"pivot": [0.35, 4.49751, 4.04985],
							"rotation": [-14.5, 0, 0],
							"uv": {
								"north": {"uv": [0.5, 8.5], "uv_size": [0.5, 0.75]},
								"east": {"uv": [7.5, 3], "uv_size": [0.75, 0.75]},
								"south": {"uv": [8.5, 2], "uv_size": [0.5, 0.75]},
								"west": {"uv": [8, 0], "uv_size": [0.75, 0.75]},
								"up": {"uv": [8.5, 3], "uv_size": [0.5, 0.75]},
								"down": {"uv": [8.5, 5.75], "uv_size": [0.5, -0.75]}
							}
						},
						{
							"origin": [-0.13, 3.35451, 2.92785],
							"size": [0.96, 0.246, 2.04],
							"pivot": [0.35, 4.49751, 4.04985],
							"rotation": [-14.5, 0, 0],
							"uv": {
								"north": {"uv": [8, 9.5], "uv_size": [0.5, 0.25]},
								"east": {"uv": [4.5, 9.5], "uv_size": [0.75, 0.25]},
								"south": {"uv": [8.5, 9.5], "uv_size": [0.5, 0.25]},
								"west": {"uv": [9.5, 4.5], "uv_size": [0.75, 0.25]},
								"up": {"uv": [8.5, 6], "uv_size": [0.5, 0.75]},
								"down": {"uv": [7, 9.25], "uv_size": [0.5, -0.75]}
							}
						}
					]
				},
				{
					"name": "scope",
					"parent": "main",
					"pivot": [0.002, -1.24, -0.16],
					"cubes": [
						{
							"origin": [0.002, 11.76, -0.16],
							"size": [1, 1, 1],
							"inflate": -0.4,
							"uv": {
								"north": {"uv": [0, 0], "uv_size": [0.5, 0.5]},
								"east": {"uv": [0, 0], "uv_size": [0.5, 0.5]},
								"south": {"uv": [0, 0], "uv_size": [0.5, 0.5]},
								"west": {"uv": [0, 0], "uv_size": [0.5, 0.5]},
								"up": {"uv": [0.5, 0.5], "uv_size": [-0.5, -0.5]},
								"down": {"uv": [0.5, 0.5], "uv_size": [-0.5, -0.5]}
							}
						}
					]
				},
				{
					"name": "scope_model",
					"parent": "main",
					"pivot": [0.002, -1.24, -0.16],
					"cubes": [
						{
							"origin": [-0.118, 10.88, -3.64],
							"size": [0.96, 0.6, 2.64],
							"uv": {
								"north": {"uv": [9.5, 8.5], "uv_size": [0.5, 0.25]},
								"east": {"uv": [9, 5], "uv_size": [1, 0.25]},
								"south": {"uv": [9, 9.5], "uv_size": [0.5, 0.25]},
								"west": {"uv": [5.5, 9], "uv_size": [1, 0.25]},
								"up": {"uv": [8, 2], "uv_size": [0.5, 1]},
								"down": {"uv": [2.5, 9], "uv_size": [0.5, -1]}
							}
						},
						{
							"origin": [-0.118, 11.6, -2.44],
							"size": [0.96, 0.96, 1.92],
							"uv": {
								"north": {"uv": [9, 7], "uv_size": [0.5, 0.5]},
								"east": {"uv": [8.5, 7.5], "uv_size": [0.75, 0.5]},
								"south": {"uv": [7.5, 9], "uv_size": [0.5, 0.5]},
								"west": {"uv": [8, 8.5], "uv_size": [0.75, 0.5]},
								"up": {"uv": [0, 9], "uv_size": [0.5, 0.75]},
								"down": {"uv": [9, 0.75], "uv_size": [0.5, -0.75]}
							}
						},
						{
							"origin": [-0.118, 11.6, -3.88],
							"size": [0.96, 0.96, 1.32],
							"uv": {
								"north": {"uv": [8, 9], "uv_size": [0.5, 0.5]},
								"east": {"uv": [8.5, 9], "uv_size": [0.5, 0.5]},
								"south": {"uv": [9, 8.5], "uv_size": [0.5, 0.5]},
								"west": {"uv": [9, 9], "uv_size": [0.5, 0.5]},
								"up": {"uv": [9.5, 0], "uv_size": [0.5, 0.5]},
								"down": {"uv": [0.5, 10], "uv_size": [0.5, -0.5]}
							}
						},
						{
							"origin": [-0.118, 11.6, -0.4],
							"size": [0.96, 0.96, 0.6],
							"uv": {
								"north": {"uv": [9.5, 0.5], "uv_size": [0.5, 0.5]},
								"east": {"uv": [4.5, 10], "uv_size": [0.25, 0.5]},
								"south": {"uv": [1.5, 9.5], "uv_size": [0.5, 0.5]},
								"west": {"uv": [5, 10], "uv_size": [0.25, 0.5]},
								"up": {"uv": [10, 5], "uv_size": [0.5, 0.25]},
								"down": {"uv": [5.5, 10.25], "uv_size": [0.5, -0.25]}
							}
						},
						{
							"origin": [-0.238, 11.48, -2.32],
							"size": [1.2, 1.2, 1.32],
							"uv": {
								"north": {"uv": [2, 9.5], "uv_size": [0.5, 0.5]},
								"east": {"uv": [2.5, 9.5], "uv_size": [0.5, 0.5]},
								"south": {"uv": [9.5, 3], "uv_size": [0.5, 0.5]},
								"west": {"uv": [3.5, 9.5], "uv_size": [0.5, 0.5]},
								"up": {"uv": [9.5, 3.5], "uv_size": [0.5, 0.5]},
								"down": {"uv": [4, 10], "uv_size": [0.5, -0.5]}
							}
						},
						{
							"origin": [0.002, 11.72, -2.56],
							"size": [0.72, 0.72, 0.12],
							"uv": {
								"north": {"uv": [0, 10.5], "uv_size": [0.25, 0.25]},
								"east": {"uv": [10.5, 0], "uv_size": [0.25, 0.25]},
								"south": {"uv": [0.5, 10.5], "uv_size": [0.25, 0.25]},
								"west": {"uv": [10.5, 0.5], "uv_size": [0.25, 0.25]},
								"up": {"uv": [1, 10.5], "uv_size": [0.25, 0.25]},
								"down": {"uv": [10.5, 1.25], "uv_size": [0.25, -0.25]}
							}
						},
						{
							"origin": [0.002, 11.72, -0.52],
							"size": [0.72, 0.72, 0.12],
							"uv": {
								"north": {"uv": [1.5, 10.5], "uv_size": [0.25, 0.25]},
								"east": {"uv": [10.5, 1.5], "uv_size": [0.25, 0.25]},
								"south": {"uv": [2, 10.5], "uv_size": [0.25, 0.25]},
								"west": {"uv": [10.5, 2], "uv_size": [0.25, 0.25]},
								"up": {"uv": [2.5, 10.5], "uv_size": [0.25, 0.25]},
								"down": {"uv": [10.5, 2.75], "uv_size": [0.25, -0.25]}
							}
						}
					]
				},
				{
					"name": "slide",
					"parent": "main",
					"pivot": [-0.808, 9.98, -7.6],
					"cubes": [
						{
							"origin": [-0.478, 9.74, -7.84],
							"size": [0.138, 0.48, 0.48],
							"uv": {
								"north": {"uv": [6, 10.5], "uv_size": [0.25, 0.25]},
								"east": {"uv": [10.5, 6], "uv_size": [0.25, 0.25]},
								"south": {"uv": [6.5, 10.5], "uv_size": [0.25, 0.25]},
								"west": {"uv": [10.5, 6.5], "uv_size": [0.25, 0.25]},
								"up": {"uv": [7, 10.5], "uv_size": [0.25, 0.25]},
								"down": {"uv": [10.5, 7.25], "uv_size": [0.25, -0.25]}
							}
						},
						{
							"origin": [-1.078, 9.794, -7.786],
							"size": [0.618, 0.372, 0.372],
							"uv": {
								"north": {"uv": [7.5, 10.5], "uv_size": [0.25, 0.25]},
								"east": {"uv": [10.5, 7.5], "uv_size": [0.25, 0.25]},
								"south": {"uv": [8, 10.5], "uv_size": [0.25, 0.25]},
								"west": {"uv": [10.5, 8], "uv_size": [0.25, 0.25]},
								"up": {"uv": [8.5, 10.5], "uv_size": [0.25, 0.25]},
								"down": {"uv": [10.5, 8.75], "uv_size": [0.25, -0.25]}
							}
						},
						{
							"origin": [-1.468, 9.758, -7.822],
							"size": [0.444, 0.444, 0.444],
							"uv": {
								"north": {"uv": [9, 10.5], "uv_size": [0.25, 0.25]},
								"east": {"uv": [10.5, 9], "uv_size": [0.25, 0.25]},
								"south": {"uv": [9.5, 10.5], "uv_size": [0.25, 0.25]},
								"west": {"uv": [10.5, 9.5], "uv_size": [0.25, 0.25]},
								"up": {"uv": [10, 10.5], "uv_size": [0.25, 0.25]},
								"down": {"uv": [10.5, 10.25], "uv_size": [0.25, -0.25]}
							}
						}
					]
				},
				{
					"name": "muzzle",
					"parent": "main",
					"pivot": [0.35, 8.4, -11.2],
					"cubes": [
						{
							"origin": [0.35, 9.4, -10.2],
							"size": [0, 0, 0],
							"uv": {
								"north": {"uv": [0, 0], "uv_size": [0, 0]},
								"east": {"uv": [0, 0], "uv_size": [0, 0]},
								"south": {"uv": [0, 0], "uv_size": [0, 0]},
								"west": {"uv": [0, 0], "uv_size": [0, 0]},
								"up": {"uv": [0, 0], "uv_size": [0, 0]},
								"down": {"uv": [0, 0], "uv_size": [0, 0]}
							}
						}
					]
				},
				{
					"name": "slide2",
					"parent": "main",
					"pivot": [0.362, 9.98, -5.25],
					"cubes": [
						{
							"origin": [-0.363, 9.68, -8.23],
							"size": [1.45, 0.6, 2.96],
							"uv": {
								"north": {"uv": [4, 2], "uv_size": [0.5, 1]},
								"east": {"uv": [0.5, 11], "uv_size": [1.25, 0.25]},
								"south": {"uv": [7, 1.5], "uv_size": [0.5, 1]},
								"west": {"uv": [0.5, 11], "uv_size": [1.25, 0.25]},
								"up": {"uv": [4.5, 0], "uv_size": [0.5, 4.25]},
								"down": {"uv": [4.5, 8.75], "uv_size": [0.5, -4.25]}
							}
						}
					]
				},
				{
					"name": "scopepip",
					"parent": "main",
					"pivot": [0, 0, 0],
					"cubes": [
						{
							"origin": [-0.118, 11.6, 0.2],
							"size": [0.96, 0.96, 0],
							"uv": {
								"north": {"uv": [9.5, 0.5], "uv_size": [0.5, 0.5]},
								"east": {"uv": [4.5, 10], "uv_size": [0.25, 0.5]},
								"south": {"uv": [1.5, 9.5], "uv_size": [0.5, 0.5]},
								"west": {"uv": [5, 10], "uv_size": [0.25, 0.5]},
								"up": {"uv": [10, 5], "uv_size": [0.5, 0.25]},
								"down": {"uv": [5.5, 10.25], "uv_size": [0.5, -0.25]}
							}
						}
					]
				},
				{
					"name": "muzzleflash",
					"parent": "main",
					"pivot": [0, 0, 0],
					"cubes": [
						{
							"origin": [-0.25, 9, -10],
							"size": [1, 1, 1],
							"inflate": -0.4,
							"uv": {
								"north": {"uv": [0, 0], "uv_size": [1, 1]},
								"east": {"uv": [0, 0], "uv_size": [1, 1]},
								"south": {"uv": [0, 0], "uv_size": [1, 1]},
								"west": {"uv": [0, 0], "uv_size": [1, 1]},
								"up": {"uv": [1, 1], "uv_size": [-1, -1]},
								"down": {"uv": [1, 1], "uv_size": [-1, -1]}
							}
						}
					]
				}
			]
		}
	]
}