{
	"format_version": "1.12.0",
	"minecraft:geometry": [
		{
			"description": {
				"identifier": "geometry.eat17",
				"texture_width": 64,
				"texture_height": 64,
				"visible_bounds_width": 3,
				"visible_bounds_height": 3,
				"visible_bounds_offset": [0, 0.5, 0]
			},
			"bones": [
				{
					"name": "main",
					"pivot": [0, 0, 0]
				},
				{
					"name": "muzzleflash",
					"parent": "main",
					"pivot": [0, 0, 0],
					"cubes": [
						{"origin": [-0.5, 9, -9], "size": [1, 1, 1], "inflate": -0.4, "uv": [12, 0]}
					]
				},
				{
					"name": "leftarm",
					"parent": "main",
					"pivot": [-2, 20, 9],
					"cubes": [
						{"origin": [3, -10, 8], "size": [4, 12, 4], "pivot": [6, -10, 9], "rotation": [80.00954, 4.99523, 0.21865], "uv": [0, 0]}
					]
				},
				{
					"name": "rightarm",
					"parent": "main",
					"pivot": [-2, 7, 9],
					"cubes": [
						{"origin": [-6, -10, 8], "size": [4, 12, 4], "pivot": [-3, -10, 9], "rotation": [79.96534, -7.31587, 2.38822], "uv": [0, 0]}
					]
				},
				{
					"name": "gun",
					"parent": "main",
					"pivot": [0, 0, 0],
					"cubes": [
						{"origin": [-2, 7, -8], "size": [4, 4, 16], "uv": [0, 0]},
						{"origin": [2, 8, -2], "size": [2, 1, 1], "uv": [0, 20]},
						{"origin": [-1.75, 7.25, 8], "size": [3.5, 3.5, 7], "uv": [0, 20]},
						{"origin": [-1.25, 10.75, 13.5], "size": [2.5, 1, 1], "uv": [0, 22]},
						{"origin": [-1.25, 10.75, 6], "size": [2.5, 1, 1], "uv": [21, 20]},
						{"origin": [-1.25, 10.75, -6], "size": [2.5, 1, 4], "uv": [13, 20]},
						{"origin": [-2.25, 7.75, -2], "size": [0.5, 3, 1], "uv": [15, 19]},
						{"origin": [-2.25, 7.75, -6], "size": [0.5, 3, 1], "uv": [13, 19]},
						{"origin": [0.25, 11.25, -2], "size": [0.5, 0.5, 8], "uv": [22, 35]},
						{"origin": [0.25, 11.25, 7], "size": [0.5, 0.5, 6.5], "uv": [19, 38]},
						{"origin": [-0.75, 11.25, -2], "size": [0.5, 0.5, 8], "uv": [18, 40]},
						{"origin": [-0.75, 11.25, 7], "size": [0.5, 0.5, 6.5], "uv": [18, 39]}
					]
				},
				{
					"name": "scope_model",
					"parent": "main",
					"pivot": [0, 0, 0],
					"cubes": [
						{"origin": [2, 9, -4], "size": [1, 2, 1], "uv": [0, 0]},
						{"origin": [2.19, 11.5, -4], "size": [0.1, 0.1, 0], "uv": [0, 0]},
						{"origin": [2, 12, -4], "size": [0.5, 0, 1], "uv": [0, 0]},
						{"origin": [2, 11, -4], "size": [0, 1, 1], "uv": [2, 2]},
						{"origin": [2.5, 11, -4], "size": [0, 1, 1], "uv": [0, 2]}
					]
				},
				{
					"name": "scope",
					"parent": "main",
					"pivot": [0, 0, 1],
					"cubes": [
						{"origin": [1.75, 11, -3], "size": [1, 1, 1], "inflate": -0.4, "uv": [12, 2]}
					]
				}
			]
		}
	]
}