{
	"format_version": "1.12.0",
	"minecraft:geometry": [
		{
			"description": {
				"identifier": "geometry.unknown",
				"texture_width": 64,
				"texture_height": 64,
				"visible_bounds_width": 4,
				"visible_bounds_height": 3,
				"visible_bounds_offset": [0, 0.5, 0]
			},
			"bones": [
				{
					"name": "main",
					"pivot": [-0.20744, 6.28685, 3.30189]
				},
				{
					"name": "scope_model",
					"parent": "main",
					"pivot": [0, -0.00547, 0.0003],
					"cubes": [
						{
							"origin": [-0.4, 11.19453, -3.6997],
							"size": [0.8, 0.5, 3.2],
							"uv": {
								"north": {"uv": [20, 42], "uv_size": [1, 0.5]},
								"east": {"uv": [38, 29], "uv_size": [3, 0.5]},
								"south": {"uv": [42, 20], "uv_size": [1, 0.5]},
								"west": {"uv": [38, 30], "uv_size": [3, 0.5]},
								"up": {"uv": [5, 10], "uv_size": [1, 3]},
								"down": {"uv": [21, 19], "uv_size": [1, -3]}
							}
						},
						{
							"origin": [-0.6, 11.68953, -2.1997],
							"size": [1.2, 1.2, 2.9],
							"inflate": 0.1,
							"uv": {
								"north": {"uv": [22, 39], "uv_size": [1, 1]},
								"east": {"uv": [19, 3], "uv_size": [3, 1]},
								"south": {"uv": [39, 22], "uv_size": [1, 1]},
								"west": {"uv": [32, 11], "uv_size": [3, 1]},
								"up": {"uv": [28, 33], "uv_size": [1, 3]},
								"down": {"uv": [33, 36], "uv_size": [1, -3]}
							}
						},
						{
							"origin": [-0.6, 11.68953, -3.6997],
							"size": [1.2, 1.2, 1.4],
							"uv": {
								"north": {"uv": [25, 39], "uv_size": [1, 1]},
								"east": {"uv": [38, 32], "uv_size": [1.5, 1]},
								"south": {"uv": [26, 39], "uv_size": [1, 1]},
								"west": {"uv": [38, 33], "uv_size": [1.5, 1]},
								"up": {"uv": [17, 38], "uv_size": [1, 1.5]},
								"down": {"uv": [32, 39.5], "uv_size": [1, -1.5]}
							}
						},
						{
							"origin": [-0.5, 11.78953, -2.2997],
							"size": [1, 1, 0.1],
							"uv": {
								"north": {"uv": [27, 39], "uv_size": [1, 1]},
								"east": {"uv": [21, 42], "uv_size": [0.5, 1]},
								"south": {"uv": [28, 39], "uv_size": [1, 1]},
								"west": {"uv": [42, 21], "uv_size": [0.5, 1]},
								"up": {"uv": [22, 42], "uv_size": [1, 0.5]},
								"down": {"uv": [23, 42.5], "uv_size": [1, -0.5]}
							}
						}
					]
				},
				{
					"name": "trigger",
					"parent": "main",
					"pivot": [0, 7.72099, 2.32446],
					"cubes": [
						{
							"origin": [-0.2, 7.46889, 1.62902],
							"size": [0.4, 0.4, 0.8],
							"pivot": [0, 7.72099, 2.32446],
							"rotation": [80, 0, 0],
							"uv": {
								"north": {"uv": [43, 8], "uv_size": [0.5, 0.5]},
								"east": {"uv": [27, 42], "uv_size": [1, 0.5]},
								"south": {"uv": [9, 43], "uv_size": [0.5, 0.5]},
								"west": {"uv": [28, 42], "uv_size": [1, 0.5]},
								"up": {"uv": [29, 42], "uv_size": [0.5, 1]},
								"down": {"uv": [30, 43], "uv_size": [0.5, -1]}
							}
						}
					]
				},
				{
					"name": "arms",
					"parent": "main",
					"pivot": [-11.5625, -17.2509, 13.18696]
				},
				{
					"name": "rightarm",
					"parent": "arms",
					"pivot": [-2, -14, 2],
					"cubes": [
						{
							"origin": [-4, -20, 0],
							"size": [4, 12, 4],
							"uv": {
								"north": {"uv": [0, 0], "uv_size": [0, 12]},
								"east": {"uv": [0, 0], "uv_size": [0, 12]},
								"south": {"uv": [0, 0], "uv_size": [0, 12]},
								"west": {"uv": [0, 0], "uv_size": [0, 12]},
								"up": {"uv": [0, 0], "uv_size": [0, 0]},
								"down": {"uv": [0, 0], "uv_size": [0, 0]}
							}
						}
					]
				},
				{
					"name": "leftarm",
					"parent": "arms",
					"pivot": [-2, -14, 2],
					"cubes": [
						{
							"origin": [-4, -20, 0],
							"size": [4, 12, 4],
							"uv": {
								"north": {"uv": [0, 0], "uv_size": [0, 12]},
								"east": {"uv": [0, 0], "uv_size": [0, 12]},
								"south": {"uv": [0, 0], "uv_size": [0, 12]},
								"west": {"uv": [0, 0], "uv_size": [0, 12]},
								"up": {"uv": [0, 0], "uv_size": [0, 0]},
								"down": {"uv": [0, 0], "uv_size": [0, 0]}
							}
						}
					]
				},
				{
					"name": "magcase",
					"parent": "main",
					"pivot": [-1.0275, 5.69453, -2.5997],
					"cubes": [
						{
							"origin": [-3.09313, 7.46638, -4.1597],
							"size": [1.4, 0.7, 3.12],
							"pivot": [-2.39313, 7.66638, -2.5997],
							"rotation": [0, 0, 22.5],
							"uv": {
								"north": {"uv": [40, 40], "uv_size": [1.5, 0.5]},
								"east": {"uv": [38, 10], "uv_size": [3, 0.5]},
								"south": {"uv": [41, 1], "uv_size": [1.5, 0.5]},
								"west": {"uv": [38, 11], "uv_size": [3, 0.5]},
								"up": {"uv": [29, 25], "uv_size": [1.5, 3]},
								"down": {"uv": [30, 3], "uv_size": [1.5, -3]}
							}
						},
						{
							"origin": [-1.95, 5.69453, -4.1797],
							"size": [1.845, 3, 3.16],
							"uv": {
								"north": {"uv": [6, 26], "uv_size": [2, 3]},
								"east": {"uv": [18, 16], "uv_size": [3, 3]},
								"south": {"uv": [25, 26], "uv_size": [2, 3]},
								"west": {"uv": [19, 0], "uv_size": [3, 3]},
								"up": {"uv": [14, 27], "uv_size": [2, 3]},
								"down": {"uv": [27, 24], "uv_size": [2, -3]}
							}
						}
					]
				},
				{
					"name": "magazine",
					"parent": "magcase",
					"pivot": [-1.0275, 7.39453, -2.5997],
					"cubes": [
						{
							"origin": [-1.65, 5.89453, -3.7797],
							"size": [1.245, 2.3, 2.36],
							"uv": {
								"north": {"uv": [34.5, 29], "uv_size": [1.5, 2.5]},
								"east": {"uv": [26, 8], "uv_size": [2.5, 2.5]},
								"south": {"uv": [31.5, 35], "uv_size": [1.5, 2.5]},
								"west": {"uv": [21, 26], "uv_size": [2.5, 2.5]},
								"up": {"uv": [34, 46], "uv_size": [1.5, -3]},
								"down": {"uv": [35, 37.5], "uv_size": [1, -2.5]}
							}
						}
					]
				},
				{
					"name": "gun",
					"parent": "main",
					"pivot": [0, 8, -16.2],
					"cubes": [
						{
							"origin": [-2, 5.19453, -5.1997],
							"size": [3.345, 3.8, 5.2],
							"uv": {
								"north": {"uv": [10, 14], "uv_size": [3.5, 4]},
								"east": {"uv": [0, 10], "uv_size": [5, 4]},
								"south": {"uv": [15, 0], "uv_size": [3.5, 4]},
								"west": {"uv": [10, 0], "uv_size": [5, 4]},
								"up": {"uv": [10, 4], "uv_size": [3.5, 5]},
								"down": {"uv": [10, 14], "uv_size": [3.5, -5]}
							}
						},
						{
							"origin": [-1, 8.09453, -15.0897],
							"size": [1.2, 1.2, 9.875],
							"pivot": [-0.4, 9.09453, -9.6997],
							"rotation": [0, 0, 22.5],
							"uv": {
								"north": {"uv": [36, 39], "uv_size": [1, 1]},
								"east": {"uv": [16, 8], "uv_size": [10, 1]},
								"south": {"uv": [37, 39], "uv_size": [1, 1]},
								"west": {"uv": [16, 9], "uv_size": [10, 1]},
								"up": {"uv": [4, 16], "uv_size": [1, 10]},
								"down": {"uv": [5, 26], "uv_size": [1, -10]}
							}
						},
						{
							"origin": [-1.345, 7.79453, -15.0997],
							"size": [2.69, 0.6, 9.9],
							"uv": {
								"north": {"uv": [39, 7], "uv_size": [2.5, 0.5]},
								"east": {"uv": [29, 21], "uv_size": [10, 0.5]},
								"south": {"uv": [39, 8], "uv_size": [2.5, 0.5]},
								"west": {"uv": [29, 22], "uv_size": [10, 0.5]},
								"up": {"uv": [0, 0], "uv_size": [2.5, 10]},
								"down": {"uv": [3, 10], "uv_size": [2.5, -10]}
							}
						},
						{
							"origin": [-0.3, 8.09453, -15.0847],
							"size": [1.3, 1.2, 9.875],
							"pivot": [0.4, 9.09453, -6.1997],
							"rotation": [0, 0, -22.5],
							"uv": {
								"north": {"uv": [9, 38], "uv_size": [1.5, 1]},
								"east": {"uv": [16, 6], "uv_size": [10, 1]},
								"south": {"uv": [38, 9], "uv_size": [1.5, 1]},
								"west": {"uv": [16, 7], "uv_size": [10, 1]},
								"up": {"uv": [14, 6], "uv_size": [1.5, 10]},
								"down": {"uv": [8, 24], "uv_size": [1.5, -10]}
							}
						},
						{
							"origin": [0.20225, 9.56402, -15.0797],
							"size": [1.25, 1.25, 9.86],
							"pivot": [-0.42275, 10.83902, -9.6922],
							"rotation": [0, 0, 45],
							"uv": {
								"north": {"uv": [38, 39], "uv_size": [1, 1]},
								"east": {"uv": [16, 10], "uv_size": [10, 1]},
								"south": {"uv": [39, 39], "uv_size": [1, 1]},
								"west": {"uv": [16, 11], "uv_size": [10, 1]},
								"up": {"uv": [6, 16], "uv_size": [1, 10]},
								"down": {"uv": [7, 26], "uv_size": [1, -10]}
							}
						},
						{
							"origin": [-1.545, 7.59453, -14.8997],
							"size": [3.09, 1, 0.51],
							"uv": {
								"north": {"uv": [33, 4], "uv_size": [3, 1]},
								"east": {"uv": [34, 42], "uv_size": [0.5, 1]},
								"south": {"uv": [33, 4], "uv_size": [3, 1]},
								"west": {"uv": [35, 42], "uv_size": [0.5, 1]},
								"up": {"uv": [0, 39], "uv_size": [3, 0.5]},
								"down": {"uv": [39, 0.5], "uv_size": [3, -0.5]}
							}
						},
						{
							"origin": [-0.645, 10.09453, -14.8997],
							"size": [1.29, 0.5, 0.5],
							"uv": {
								"north": {"uv": [41, 29], "uv_size": [1.5, 0.5]},
								"east": {"uv": [43, 9], "uv_size": [0.5, 0.5]},
								"south": {"uv": [41, 30], "uv_size": [1.5, 0.5]},
								"west": {"uv": [10, 43], "uv_size": [0.5, 0.5]},
								"up": {"uv": [31, 41], "uv_size": [1.5, 0.5]},
								"down": {"uv": [41, 32.5], "uv_size": [1.5, -0.5]}
							}
						},
						{
							"origin": [-1.27, 8.19453, -14.8897],
							"size": [1.67, 2.2, 0.49],
							"pivot": [-0.4, 9.09453, -9.9997],
							"rotation": [0, 0, 22.5],
							"uv": {
								"north": {"uv": [21, 34], "uv_size": [2, 2]},
								"east": {"uv": [6, 40], "uv_size": [0.5, 2]},
								"south": {"uv": [23, 34], "uv_size": [-2, 2]},
								"west": {"uv": [7, 40], "uv_size": [0.5, 2]},
								"up": {"uv": [41, 27], "uv_size": [1.5, 0.5]},
								"down": {"uv": [41, 28.5], "uv_size": [1.5, -0.5]}
							}
						},
						{
							"origin": [-0.5, 8.19453, -14.8797],
							"size": [1.77, 2.2, 0.47],
							"pivot": [0.4, 9.09453, -6.4997],
							"rotation": [0, 0, -22.5],
							"uv": {
								"north": {"uv": [6, 31], "uv_size": [2, 2]},
								"east": {"uv": [0, 40], "uv_size": [0.5, 2]},
								"south": {"uv": [8, 31], "uv_size": [-2, 2]},
								"west": {"uv": [1, 40], "uv_size": [0.5, 2]},
								"up": {"uv": [2, 40], "uv_size": [2, 0.5]},
								"down": {"uv": [4, 40.5], "uv_size": [2, -0.5]}
							}
						},
						{
							"origin": [-0.28838, 6.44975, -14.8847],
							"size": [1.77, 2, 0.475],
							"pivot": [0.36701, 7.95408, -14.6472],
							"rotation": [0, 0, 40],
							"uv": {
								"north": {"uv": [31, 16], "uv_size": [2, 2]},
								"east": {"uv": [11, 40], "uv_size": [0.5, 2]},
								"south": {"uv": [33, 16], "uv_size": [-2, 2]},
								"west": {"uv": [12, 40], "uv_size": [0.5, 2]},
								"up": {"uv": [40, 9], "uv_size": [2, 0.5]},
								"down": {"uv": [40, 12.5], "uv_size": [2, -0.5]}
							}
						},
						{
							"origin": [-1.47781, 6.43061, -14.8947],
							"size": [1.67, 2, 0.5],
							"pivot": [-0.4132, 7.93494, -14.6447],
							"rotation": [0, 0, -40],
							"uv": {
								"north": {"uv": [0, 35], "uv_size": [2, 2]},
								"east": {"uv": [9, 40], "uv_size": [0.5, 2]},
								"south": {"uv": [2, 35], "uv_size": [-2, 2]},
								"west": {"uv": [10, 40], "uv_size": [0.5, 2]},
								"up": {"uv": [41, 33], "uv_size": [1.5, 0.5]},
								"down": {"uv": [41, 34.5], "uv_size": [1.5, -0.5]}
							}
						},
						{
							"origin": [-1.545, 7.59453, -11.8047],
							"size": [3.09, 1, 0.51],
							"uv": {
								"north": {"uv": [33, 4], "uv_size": [3, 1]},
								"east": {"uv": [36, 42], "uv_size": [0.5, 1]},
								"south": {"uv": [33, 4], "uv_size": [3, 1]},
								"west": {"uv": [37, 42], "uv_size": [0.5, 1]},
								"up": {"uv": [39, 2], "uv_size": [3, 0.5]},
								"down": {"uv": [3, 39.5], "uv_size": [3, -0.5]}
							}
						},
						{
							"origin": [-1.47781, 6.43061, -11.7947],
							"size": [1.67, 2, 0.49],
							"pivot": [-0.4132, 7.93494, -11.5497],
							"rotation": [0, 0, -40],
							"uv": {
								"north": {"uv": [0, 35], "uv_size": [2, 2]},
								"east": {"uv": [9, 40], "uv_size": [0.5, 2]},
								"south": {"uv": [2, 35], "uv_size": [-2, 2]},
								"west": {"uv": [10, 40], "uv_size": [0.5, 2]},
								"up": {"uv": [41, 33], "uv_size": [1.5, 0.5]},
								"down": {"uv": [41, 34.5], "uv_size": [1.5, -0.5]}
							}
						},
						{
							"origin": [-0.28838, 6.44975, -11.7897],
							"size": [1.77, 2, 0.475],
							"pivot": [0.36701, 7.95408, -11.5522],
							"rotation": [0, 0, 40],
							"uv": {
								"north": {"uv": [31, 31], "uv_size": [2, 2]},
								"east": {"uv": [40, 22], "uv_size": [0.5, 2]},
								"south": {"uv": [33, 16], "uv_size": [-2, 2]},
								"west": {"uv": [25, 40], "uv_size": [0.5, 2]},
								"up": {"uv": [40, 24], "uv_size": [2, 0.5]},
								"down": {"uv": [26, 40.5], "uv_size": [2, -0.5]}
							}
						},
						{
							"origin": [-1.27, 8.19453, -11.7947],
							"size": [1.67, 2.2, 0.49],
							"pivot": [-0.4, 9.09453, -6.9047],
							"rotation": [0, 0, 22.5],
							"uv": {
								"north": {"uv": [21, 34], "uv_size": [2, 2]},
								"east": {"uv": [6, 40], "uv_size": [0.5, 2]},
								"south": {"uv": [23, 34], "uv_size": [-2, 2]},
								"west": {"uv": [7, 40], "uv_size": [0.5, 2]},
								"up": {"uv": [41, 27], "uv_size": [1.5, 0.5]},
								"down": {"uv": [41, 28.5], "uv_size": [1.5, -0.5]}
							}
						},
						{
							"origin": [-0.645, 10.09453, -11.8047],
							"size": [1.29, 0.5, 0.51],
							"uv": {
								"north": {"uv": [41, 35], "uv_size": [1.5, 0.5]},
								"east": {"uv": [43, 10], "uv_size": [0.5, 0.5]},
								"south": {"uv": [36, 41], "uv_size": [1.5, 0.5]},
								"west": {"uv": [11, 43], "uv_size": [0.5, 0.5]},
								"up": {"uv": [41, 36], "uv_size": [1.5, 0.5]},
								"down": {"uv": [41, 38.5], "uv_size": [1.5, -0.5]}
							}
						},
						{
							"origin": [-0.5, 8.19453, -11.7897],
							"size": [1.77, 2.2, 0.475],
							"pivot": [0.4, 9.09453, -3.4047],
							"rotation": [0, 0, -22.5],
							"uv": {
								"north": {"uv": [31, 25], "uv_size": [2, 2]},
								"east": {"uv": [13, 40], "uv_size": [0.5, 2]},
								"south": {"uv": [8, 31], "uv_size": [-2, 2]},
								"west": {"uv": [40, 13], "uv_size": [0.5, 2]},
								"up": {"uv": [40, 20], "uv_size": [2, 0.5]},
								"down": {"uv": [21, 40.5], "uv_size": [2, -0.5]}
							}
						},
						{
							"origin": [-1.545, 7.59453, -8.5047],
							"size": [3.09, 1, 0.51],
							"uv": {
								"north": {"uv": [35, 18], "uv_size": [3, 1]},
								"east": {"uv": [42, 37], "uv_size": [0.5, 1]},
								"south": {"uv": [25, 35], "uv_size": [3, 1]},
								"west": {"uv": [38, 42], "uv_size": [0.5, 1]},
								"up": {"uv": [39, 3], "uv_size": [3, 0.5]},
								"down": {"uv": [39, 5.5], "uv_size": [3, -0.5]}
							}
						},
						{
							"origin": [-1.27, 8.19453, -8.4947],
							"size": [1.67, 2.2, 0.49],
							"pivot": [-0.4, 9.09453, -3.6047],
							"rotation": [0, 0, 22.5],
							"uv": {
								"north": {"uv": [23, 35], "uv_size": [1.5, 2]},
								"east": {"uv": [40, 32], "uv_size": [0.5, 2]},
								"south": {"uv": [35, 24], "uv_size": [1.5, 2]},
								"west": {"uv": [34, 40], "uv_size": [0.5, 2]},
								"up": {"uv": [42, 5], "uv_size": [1.5, 0.5]},
								"down": {"uv": [6, 42.5], "uv_size": [1.5, -0.5]}
							}
						},
						{
							"origin": [-1.2257, 9.74678, -11.54573],
							"size": [0.4, 0.4, 2.6],
							"pivot": [-0.9707, 9.85178, -9.73573],
							"rotation": [5.65899, -14.84663, 0.64846],
							"uv": {
								"north": {"uv": [43, 20], "uv_size": [0.5, 0.5]},
								"east": {"uv": [9, 39], "uv_size": [2.5, 0.5]},
								"south": {"uv": [21, 43], "uv_size": [0.5, 0.5]},
								"west": {"uv": [12, 39], "uv_size": [2.5, 0.5]},
								"up": {"uv": [39, 12], "uv_size": [0.5, 2.5]},
								"down": {"uv": [15, 41.5], "uv_size": [0.5, -2.5]}
							}
						},
						{
							"origin": [-1.85, 8.69453, -8.4947],
							"size": [0.57, 1.2, 0.49],
							"pivot": [-0.4, 9.09453, -3.6047],
							"rotation": [0, 0, 22.5],
							"uv": {
								"north": {"uv": [43, 4], "uv_size": [0.5, 1]},
								"east": {"uv": [5, 43], "uv_size": [0.5, 1]},
								"south": {"uv": [6, 43], "uv_size": [0.5, 1]},
								"west": {"uv": [43, 6], "uv_size": [0.5, 1]},
								"up": {"uv": [43, 18], "uv_size": [0.5, 0.5]},
								"down": {"uv": [19, 43.5], "uv_size": [0.5, -0.5]}
							}
						},
						{
							"origin": [-0.645, 10.09453, -8.5047],
							"size": [1.29, 0.5, 0.5],
							"uv": {
								"north": {"uv": [2, 42], "uv_size": [1.5, 0.5]},
								"east": {"uv": [43, 11], "uv_size": [0.5, 0.5]},
								"south": {"uv": [42, 2], "uv_size": [1.5, 0.5]},
								"west": {"uv": [12, 43], "uv_size": [0.5, 0.5]},
								"up": {"uv": [42, 3], "uv_size": [1.5, 0.5]},
								"down": {"uv": [4, 42.5], "uv_size": [1.5, -0.5]}
							}
						},
						{
							"origin": [-0.5, 8.19453, -8.4897],
							"size": [1.77, 2.2, 0.475],
							"pivot": [0.4, 9.09453, -0.1047],
							"rotation": [0, 0, -22.5],
							"uv": {
								"north": {"uv": [16, 32], "uv_size": [2, 2]},
								"east": {"uv": [29, 40], "uv_size": [0.5, 2]},
								"south": {"uv": [0, 33], "uv_size": [2, 2]},
								"west": {"uv": [30, 40], "uv_size": [0.5, 2]},
								"up": {"uv": [31, 40], "uv_size": [2, 0.5]},
								"down": {"uv": [40, 31.5], "uv_size": [2, -0.5]}
							}
						},
						{
							"origin": [-0.5, 8.59453, -15.1047],
							"size": [1, 1, 0.1],
							"pivot": [0, 9.09453, -15.0547],
							"rotation": [0, 0, 45],
							"uv": {
								"north": {"uv": [5, 13], "uv_size": [1, 1]},
								"east": {"uv": [33, 41], "uv_size": [0.5, 1]},
								"south": {"uv": [21, 25], "uv_size": [1, 1]},
								"west": {"uv": [38, 41], "uv_size": [0.5, 1]},
								"up": {"uv": [42, 8], "uv_size": [1, 0.5]},
								"down": {"uv": [42, 9.5], "uv_size": [1, -0.5]}
							}
						},
						{
							"origin": [-0.4, 5.19453, -14.1997],
							"size": [0.8, 0.5, 9],
							"uv": {
								"north": {"uv": [10, 42], "uv_size": [1, 0.5]},
								"east": {"uv": [29, 28], "uv_size": [9, 0.5]},
								"south": {"uv": [11, 42], "uv_size": [1, 0.5]},
								"west": {"uv": [30, 3], "uv_size": [9, 0.5]},
								"up": {"uv": [16, 19], "uv_size": [1, 9]},
								"down": {"uv": [17, 28], "uv_size": [1, -9]}
							}
						},
						{
							"origin": [-0.7, 10.49453, -14.1997],
							"size": [1.4, 0.5, 14.1],
							"uv": {
								"north": {"uv": [41, 13], "uv_size": [1.5, 0.5]},
								"east": {"uv": [24, 5], "uv_size": [14, 0.5]},
								"south": {"uv": [41, 14], "uv_size": [1.5, 0.5]},
								"west": {"uv": [24, 20], "uv_size": [14, 0.5]},
								"up": {"uv": [6, 0], "uv_size": [1.5, 14]},
								"down": {"uv": [8, 14], "uv_size": [1.5, -14]}
							}
						},
						{
							"origin": [0.5, 10.99453, -14.1997],
							"size": [0.2, 0.2, 14.1],
							"uv": {
								"north": {"uv": [43, 12], "uv_size": [0.5, 0.5]},
								"east": {"uv": [25, 12], "uv_size": [14, 0.5]},
								"south": {"uv": [13, 43], "uv_size": [0.5, 0.5]},
								"west": {"uv": [25, 13], "uv_size": [14, 0.5]},
								"up": {"uv": [11, 25], "uv_size": [0.5, 14]},
								"down": {"uv": [12, 39], "uv_size": [0.5, -14]}
							}
						},
						{
							"origin": [-0.7, 10.99453, -14.1997],
							"size": [0.2, 0.2, 14.1],
							"uv": {
								"north": {"uv": [43, 13], "uv_size": [0.5, 0.5]},
								"east": {"uv": [25, 14], "uv_size": [14, 0.5]},
								"south": {"uv": [14, 43], "uv_size": [0.5, 0.5]},
								"west": {"uv": [25, 15], "uv_size": [14, 0.5]},
								"up": {"uv": [13, 25], "uv_size": [0.5, 14]},
								"down": {"uv": [18, 39], "uv_size": [0.5, -14]}
							}
						},
						{
							"origin": [-0.7, 10.25205, -14.81275],
							"size": [1.4, 0.5, 0.88],
							"pivot": [0, 10.68205, -14.38275],
							"rotation": [40, 0, 0],
							"uv": {
								"north": {"uv": [42, 7], "uv_size": [1.5, 0.5]},
								"east": {"uv": [43, 1], "uv_size": [1, 0.5]},
								"south": {"uv": [8, 42], "uv_size": [1.5, 0.5]},
								"west": {"uv": [2, 43], "uv_size": [1, 0.5]},
								"up": {"uv": [6, 39], "uv_size": [1.5, 1]},
								"down": {"uv": [39, 7], "uv_size": [1.5, -1]}
							}
						},
						{
							"origin": [0.5, 10.75205, -14.81275],
							"size": [0.2, 0.2, 0.88],
							"pivot": [0, 10.68205, -14.38275],
							"rotation": [40, 0, 0],
							"uv": {
								"north": {"uv": [43, 15], "uv_size": [0.5, 0.5]},
								"east": {"uv": [42, 41], "uv_size": [1, 0.5]},
								"south": {"uv": [16, 43], "uv_size": [0.5, 0.5]},
								"west": {"uv": [42, 42], "uv_size": [1, 0.5]},
								"up": {"uv": [0, 43], "uv_size": [0.5, 1]},
								"down": {"uv": [1, 44], "uv_size": [0.5, -1]}
							}
						},
						{
							"origin": [-0.7, 10.75205, -14.81275],
							"size": [0.2, 0.2, 0.88],
							"pivot": [0, 10.68205, -14.38275],
							"rotation": [40, 0, 0],
							"uv": {
								"north": {"uv": [43, 14], "uv_size": [0.5, 0.5]},
								"east": {"uv": [39, 42], "uv_size": [1, 0.5]},
								"south": {"uv": [15, 43], "uv_size": [0.5, 0.5]},
								"west": {"uv": [40, 42], "uv_size": [1, 0.5]},
								"up": {"uv": [42, 40], "uv_size": [0.5, 1]},
								"down": {"uv": [41, 43], "uv_size": [0.5, -1]}
							}
						},
						{
							"origin": [-0.385, 10.79636, -0.36251],
							"size": [0.77, 0.29, 0.61],
							"pivot": [0, 10.89136, 0.04499],
							"rotation": [58.5, 0, 0],
							"uv": {
								"north": {"uv": [24, 42], "uv_size": [1, 0.5]},
								"east": {"uv": [7, 43], "uv_size": [0.5, 0.5]},
								"south": {"uv": [42, 24], "uv_size": [1, 0.5]},
								"west": {"uv": [8, 43], "uv_size": [0.5, 0.5]},
								"up": {"uv": [25, 42], "uv_size": [1, 0.5]},
								"down": {"uv": [26, 42.5], "uv_size": [1, -0.5]}
							}
						},
						{
							"origin": [-0.4, 10.99453, -6.2997],
							"size": [0.8, 0.2, 7.2],
							"uv": {
								"north": {"uv": [18, 42], "uv_size": [1, 0.5]},
								"east": {"uv": [31, 27], "uv_size": [7, 0.5]},
								"south": {"uv": [19, 42], "uv_size": [1, 0.5]},
								"west": {"uv": [32, 2], "uv_size": [7, 0.5]},
								"up": {"uv": [24, 21], "uv_size": [1, 7]},
								"down": {"uv": [10, 32], "uv_size": [1, -7]}
							}
						},
						{
							"origin": [-0.7, 5.19453, 0.4003],
							"size": [1.4, 0.5, 3],
							"uv": {
								"north": {"uv": [2, 41], "uv_size": [1.5, 0.5]},
								"east": {"uv": [14, 38], "uv_size": [3, 0.5]},
								"south": {"uv": [4, 41], "uv_size": [1.5, 0.5]},
								"west": {"uv": [38, 16], "uv_size": [3, 0.5]},
								"up": {"uv": [14, 30], "uv_size": [1.5, 3]},
								"down": {"uv": [19, 33], "uv_size": [1.5, -3]}
							}
						},
						{
							"origin": [-0.7, 5.69453, 0.4003],
							"size": [1.4, 1.1, 2.3],
							"uv": {
								"north": {"uv": [34, 38], "uv_size": [1.5, 1]},
								"east": {"uv": [35, 32], "uv_size": [2.5, 1]},
								"south": {"uv": [38, 34], "uv_size": [1.5, 1]},
								"west": {"uv": [36, 0], "uv_size": [2.5, 1]},
								"up": {"uv": [14, 33], "uv_size": [1.5, 2.5]},
								"down": {"uv": [33, 18.5], "uv_size": [1.5, -2.5]}
							}
						},
						{
							"origin": [-0.69, 5.39453, 2.1003],
							"size": [1.38, 0.4, 1.4],
							"pivot": [0, 6.24453, 1.5503],
							"rotation": [55, 0, 0],
							"uv": {
								"north": {"uv": [41, 23], "uv_size": [1.5, 0.5]},
								"east": {"uv": [41, 25], "uv_size": [1.5, 0.5]},
								"south": {"uv": [26, 41], "uv_size": [1.5, 0.5]},
								"west": {"uv": [41, 26], "uv_size": [1.5, 0.5]},
								"up": {"uv": [36, 33], "uv_size": [1.5, 1.5]},
								"down": {"uv": [36, 36.5], "uv_size": [1.5, -1.5]}
							}
						},
						{
							"origin": [-0.685, 5.65313, 2.20238],
							"size": [1.37, 0.5, 1.7],
							"pivot": [0, 5.60813, 2.75238],
							"rotation": [-37.5, 0, 0],
							"uv": {
								"north": {"uv": [41, 18], "uv_size": [1.5, 0.5]},
								"east": {"uv": [41, 19], "uv_size": [1.5, 0.5]},
								"south": {"uv": [21, 41], "uv_size": [1.5, 0.5]},
								"west": {"uv": [41, 22], "uv_size": [1.5, 0.5]},
								"up": {"uv": [27, 36], "uv_size": [1.5, 1.5]},
								"down": {"uv": [36, 30.5], "uv_size": [1.5, -1.5]}
							}
						},
						{
							"origin": [-0.68, 6.79453, 0.4003],
							"size": [1.36, 2.1, 1],
							"uv": {
								"north": {"uv": [34, 0], "uv_size": [1.5, 2]},
								"east": {"uv": [37, 8], "uv_size": [1, 2]},
								"south": {"uv": [16, 34], "uv_size": [1.5, 2]},
								"west": {"uv": [37, 10], "uv_size": [1, 2]},
								"up": {"uv": [38, 35], "uv_size": [1.5, 1]},
								"down": {"uv": [36, 39], "uv_size": [1.5, -1]}
							}
						},
						{
							"origin": [-0.8, 5.19453, 0.0003],
							"size": [1.6, 5.3, 0.4],
							"uv": {
								"north": {"uv": [22, 0], "uv_size": [1.5, 5.5]},
								"east": {"uv": [30, 34], "uv_size": [0.5, 5.5]},
								"south": {"uv": [22, 16], "uv_size": [1.5, 5.5]},
								"west": {"uv": [8, 35], "uv_size": [0.5, 5.5]},
								"up": {"uv": [41, 16], "uv_size": [1.5, 0.5]},
								"down": {"uv": [41, 17.5], "uv_size": [1.5, -0.5]}
							}
						},
						{
							"origin": [-0.8, 8.99453, -5.1997],
							"size": [1.6, 1.5, 5.2],
							"uv": {
								"north": {"uv": [0, 37], "uv_size": [1.5, 1.5]},
								"east": {"uv": [24, 16], "uv_size": [5, 1.5]},
								"south": {"uv": [6, 37], "uv_size": [1.5, 1.5]},
								"west": {"uv": [24, 18], "uv_size": [5, 1.5]},
								"up": {"uv": [2, 24], "uv_size": [1.5, 5]},
								"down": {"uv": [8, 29], "uv_size": [1.5, -5]}
							}
						},
						{
							"origin": [-0.695, 4.59453, 7.8003],
							"size": [1.39, 0.8, 6.7],
							"uv": {
								"north": {"uv": [38, 20], "uv_size": [1.5, 1]},
								"east": {"uv": [26, 6], "uv_size": [6.5, 1]},
								"south": {"uv": [21, 38], "uv_size": [1.5, 1]},
								"west": {"uv": [26, 7], "uv_size": [6.5, 1]},
								"up": {"uv": [16, 12], "uv_size": [1.5, 6.5]},
								"down": {"uv": [14, 22.5], "uv_size": [1.5, -6.5]}
							}
						},
						{
							"origin": [-0.79, 7.76453, 6.6003],
							"size": [1.58, 1.83, 8],
							"uv": {
								"north": {"uv": [33, 8], "uv_size": [1.5, 2]},
								"east": {"uv": [0, 14], "uv_size": [8, 2]},
								"south": {"uv": [19, 33], "uv_size": [1.5, 2]},
								"west": {"uv": [14, 4], "uv_size": [8, 2]},
								"up": {"uv": [0, 16], "uv_size": [1.5, 8]},
								"down": {"uv": [2, 24], "uv_size": [1.5, -8]}
							}
						},
						{
							"origin": [-0.685, 5.16453, 13.1003],
							"size": [1.37, 3.83, 2],
							"pivot": [0, 8.67953, 13.6003],
							"rotation": [-10, 0, 0],
							"uv": {
								"north": {"uv": [27, 25], "uv_size": [1.5, 4]},
								"east": {"uv": [22, 22], "uv_size": [2, 4]},
								"south": {"uv": [28, 0], "uv_size": [1.5, 4]},
								"west": {"uv": [14, 23], "uv_size": [2, 4]},
								"up": {"uv": [31, 33], "uv_size": [1.5, 2]},
								"down": {"uv": [33, 33], "uv_size": [1.5, -2]}
							}
						},
						{
							"origin": [-0.7, 4.46453, 15.2003],
							"size": [1.4, 4.63, 1],
							"pivot": [0, 8.67953, 13.6003],
							"rotation": [-10, 0, 0],
							"uv": {
								"north": {"uv": [19, 25], "uv_size": [1.5, 4.5]},
								"east": {"uv": [29, 30], "uv_size": [1, 4.5]},
								"south": {"uv": [25, 21], "uv_size": [1.5, 4.5]},
								"west": {"uv": [30, 29], "uv_size": [1, 4.5]},
								"up": {"uv": [38, 27], "uv_size": [1.5, 1]},
								"down": {"uv": [38, 29], "uv_size": [1.5, -1]}
							}
						},
						{
							"origin": [-0.7, 4.46453, 14.2003],
							"size": [1.4, 4.63, 1],
							"pivot": [0, 8.67953, 13.6003],
							"rotation": [-10, 0, 0],
							"uv": {
								"north": {"uv": [26, 0], "uv_size": [1.5, 4.5]},
								"east": {"uv": [4, 31], "uv_size": [1, 4.5]},
								"south": {"uv": [4, 26], "uv_size": [1.5, 4.5]},
								"west": {"uv": [5, 31], "uv_size": [1, 4.5]},
								"up": {"uv": [38, 36], "uv_size": [1.5, 1]},
								"down": {"uv": [38, 39], "uv_size": [1.5, -1]}
							}
						},
						{
							"origin": [-0.695, 5.85453, 3.1003],
							"size": [1.39, 0.54, 3.095],
							"pivot": [0, 5.44453, 1.9003],
							"rotation": [-30, 0, 0],
							"uv": {
								"north": {"uv": [41, 4], "uv_size": [1.5, 0.5]},
								"east": {"uv": [38, 17], "uv_size": [3, 0.5]},
								"south": {"uv": [41, 6], "uv_size": [1.5, 0.5]},
								"west": {"uv": [38, 18], "uv_size": [3, 0.5]},
								"up": {"uv": [25, 30], "uv_size": [1.5, 3]},
								"down": {"uv": [27, 33], "uv_size": [1.5, -3]}
							}
						},
						{
							"origin": [-0.705, 7.89453, 1.2003],
							"size": [1.41, 1.3, 6.6],
							"pivot": [0, 5.44453, 1.9003],
							"rotation": [-30, 0, 0],
							"uv": {
								"north": {"uv": [36, 6], "uv_size": [1.5, 1.5]},
								"east": {"uv": [18, 12], "uv_size": [6.5, 1.5]},
								"south": {"uv": [9, 36], "uv_size": [1.5, 1.5]},
								"west": {"uv": [18, 14], "uv_size": [6.5, 1.5]},
								"up": {"uv": [10, 18], "uv_size": [1.5, 6.5]},
								"down": {"uv": [12, 24.5], "uv_size": [1.5, -6.5]}
							}
						},
						{
							"origin": [-0.695, 6.57921, 0.80196],
							"size": [1.39, 1.3, 3.5],
							"pivot": [0, 6.82921, 5.70196],
							"rotation": [-15, 0, 0],
							"uv": {
								"north": {"uv": [21, 36], "uv_size": [1.5, 1.5]},
								"east": {"uv": [6, 29], "uv_size": [3.5, 1.5]},
								"south": {"uv": [25, 36], "uv_size": [1.5, 1.5]},
								"west": {"uv": [29, 8], "uv_size": [3.5, 1.5]},
								"up": {"uv": [2, 29], "uv_size": [1.5, 3.5]},
								"down": {"uv": [29, 19.5], "uv_size": [1.5, -3.5]}
							}
						},
						{
							"origin": [-0.7, 7.08087, 0.38856],
							"size": [1.4, 1, 5.9],
							"pivot": [0, 9.03087, 7.08856],
							"rotation": [-15, 0, 0],
							"uv": {
								"north": {"uv": [38, 23], "uv_size": [1.5, 1]},
								"east": {"uv": [26, 11], "uv_size": [6, 1]},
								"south": {"uv": [38, 24], "uv_size": [1.5, 1]},
								"west": {"uv": [27, 24], "uv_size": [6, 1]},
								"up": {"uv": [18, 19], "uv_size": [1.5, 6]},
								"down": {"uv": [20, 25], "uv_size": [1.5, -6]}
							}
						},
						{
							"origin": [-0.7, 3.22575, 5.26856],
							"size": [1.4, 0.61, 3.645],
							"pivot": [0, 4.70075, 4.58856],
							"rotation": [25, 0, 0],
							"uv": {
								"north": {"uv": [41, 10], "uv_size": [1.5, 0.5]},
								"east": {"uv": [36, 31], "uv_size": [3.5, 0.5]},
								"south": {"uv": [41, 11], "uv_size": [1.5, 0.5]},
								"west": {"uv": [37, 25], "uv_size": [3.5, 0.5]},
								"up": {"uv": [16, 28], "uv_size": [1.5, 3.5]},
								"down": {"uv": [0, 32.5], "uv_size": [1.5, -3.5]}
							}
						},
						{
							"origin": [-0.675, 0.84797, 10.32856],
							"size": [1.365, 1.055, 4.945],
							"pivot": [0, 4.69797, 7.35106],
							"rotation": [53, 0, 0],
							"uv": {
								"north": {"uv": [25, 38], "uv_size": [1.5, 1]},
								"east": {"uv": [28, 4], "uv_size": [5, 1]},
								"south": {"uv": [27, 38], "uv_size": [1.5, 1]},
								"west": {"uv": [29, 10], "uv_size": [5, 1]},
								"up": {"uv": [0, 24], "uv_size": [1.5, 5]},
								"down": {"uv": [24, 5], "uv_size": [1.5, -5]}
							}
						},
						{
							"origin": [-0.7, 5.46011, 13.39282],
							"size": [1.4, 1.71, 1.945],
							"pivot": [0, 6.56511, 13.01532],
							"rotation": [135.5, 0, 0],
							"uv": {
								"north": {"uv": [14, 36], "uv_size": [1.5, 1.5]},
								"east": {"uv": [24, 33], "uv_size": [2, 1.5]},
								"south": {"uv": [16, 36], "uv_size": [1.5, 1.5]},
								"west": {"uv": [33, 24], "uv_size": [2, 1.5]},
								"up": {"uv": [26, 33], "uv_size": [1.5, 2]},
								"down": {"uv": [33, 31], "uv_size": [1.5, -2]}
							}
						},
						{
							"origin": [-0.695, 7.22575, 5.51552],
							"size": [1.39, 1.51, 2.5],
							"pivot": [0, 8.03075, 6.76552],
							"rotation": [46.5, 0, 0],
							"uv": {
								"north": {"uv": [2, 36], "uv_size": [1.5, 1.5]},
								"east": {"uv": [6, 33], "uv_size": [2.5, 1.5]},
								"south": {"uv": [4, 36], "uv_size": [1.5, 1.5]},
								"west": {"uv": [33, 6], "uv_size": [2.5, 1.5]},
								"up": {"uv": [2, 33], "uv_size": [1.5, 2.5]},
								"down": {"uv": [9, 35.5], "uv_size": [1.5, -2.5]}
							}
						},
						{
							"origin": [-0.405, 5.59453, -11.7997],
							"size": [0.81, 1.2, 0.5],
							"uv": {
								"north": {"uv": [10, 32], "uv_size": [1, 1]},
								"east": {"uv": [12, 42], "uv_size": [0.5, 1]},
								"south": {"uv": [34, 10], "uv_size": [1, 1]},
								"west": {"uv": [42, 12], "uv_size": [0.5, 1]},
								"up": {"uv": [13, 42], "uv_size": [1, 0.5]},
								"down": {"uv": [14, 42.5], "uv_size": [1, -0.5]}
							}
						},
						{
							"origin": [-0.4, 5.59453, -14.8997],
							"size": [0.8, 1.2, 0.51],
							"uv": {
								"north": {"uv": [23, 34], "uv_size": [1, 1]},
								"east": {"uv": [15, 42], "uv_size": [0.5, 1]},
								"south": {"uv": [21, 39], "uv_size": [1, 1]},
								"west": {"uv": [42, 15], "uv_size": [0.5, 1]},
								"up": {"uv": [16, 42], "uv_size": [1, 0.5]},
								"down": {"uv": [17, 42.5], "uv_size": [1, -0.5]}
							}
						},
						{
							"origin": [-0.4, 5.69453, -5.6997],
							"size": [0.8, 2.1, 0.51],
							"uv": {
								"north": {"uv": [37, 16], "uv_size": [1, 2]},
								"east": {"uv": [40, 34], "uv_size": [0.5, 2]},
								"south": {"uv": [37, 23], "uv_size": [1, 2]},
								"west": {"uv": [35, 40], "uv_size": [0.5, 2]},
								"up": {"uv": [3, 43], "uv_size": [1, 0.5]},
								"down": {"uv": [4, 43.5], "uv_size": [1, -0.5]}
							}
						},
						{
							"origin": [-0.395, 5.5388, -14.17937],
							"size": [0.79, 0.815, 0.505],
							"pivot": [0, 5.35494, -13.88287],
							"rotation": [60, 0, 0],
							"uv": {
								"north": {"uv": [34, 39], "uv_size": [1, 1]},
								"east": {"uv": [31, 42], "uv_size": [0.5, 1]},
								"south": {"uv": [35, 39], "uv_size": [1, 1]},
								"west": {"uv": [42, 31], "uv_size": [0.5, 1]},
								"up": {"uv": [32, 42], "uv_size": [1, 0.5]},
								"down": {"uv": [33, 42.5], "uv_size": [1, -0.5]}
							}
						},
						{
							"origin": [-1.8, 5.19453, 0.0003],
							"size": [0.845, 4.9, 0.3],
							"uv": {
								"north": {"uv": [24, 28], "uv_size": [1, 5]},
								"east": {"uv": [29, 35], "uv_size": [0.5, 5]},
								"south": {"uv": [21, 29], "uv_size": [1, 5]},
								"west": {"uv": [31, 35], "uv_size": [0.5, 5]},
								"up": {"uv": [8, 41], "uv_size": [1, 0.5]},
								"down": {"uv": [24, 41.5], "uv_size": [1, -0.5]}
							}
						},
						{
							"origin": [-1.855, 8.99453, -5.1997],
							"size": [1, 1, 5.2],
							"uv": {
								"north": {"uv": [36, 40], "uv_size": [1, 1]},
								"east": {"uv": [29, 23], "uv_size": [5, 1]},
								"south": {"uv": [40, 36], "uv_size": [1, 1]},
								"west": {"uv": [25, 29], "uv_size": [5, 1]},
								"up": {"uv": [22, 29], "uv_size": [1, 5]},
								"down": {"uv": [23, 34], "uv_size": [1, -5]}
							}
						},
						{
							"origin": [-1.86324, 9.09453, -7.87306],
							"size": [0.6, 0.6, 3.6],
							"pivot": [-2.07324, 9.49453, -4.57306],
							"rotation": [25, 25, 0],
							"uv": {
								"north": {"uv": [43, 16], "uv_size": [0.5, 0.5]},
								"east": {"uv": [36, 37], "uv_size": [3.5, 0.5]},
								"south": {"uv": [17, 43], "uv_size": [0.5, 0.5]},
								"west": {"uv": [2, 38], "uv_size": [3.5, 0.5]},
								"up": {"uv": [24, 37], "uv_size": [0.5, 3.5]},
								"down": {"uv": [38, 8.5], "uv_size": [0.5, -3.5]}
							}
						},
						{
							"origin": [-1.41995, 9.63502, -9.13106],
							"size": [0.4, 0.4, 4.6],
							"pivot": [-2.21995, 9.83502, -6.33106],
							"rotation": [-4.53051, 0.08351, 2.11089],
							"uv": {
								"north": {"uv": [43, 19], "uv_size": [0.5, 0.5]},
								"east": {"uv": [36, 1], "uv_size": [4.5, 0.5]},
								"south": {"uv": [20, 43], "uv_size": [0.5, 0.5]},
								"west": {"uv": [36, 4], "uv_size": [4.5, 0.5]},
								"up": {"uv": [33, 36], "uv_size": [0.5, 4.5]},
								"down": {"uv": [19, 41.5], "uv_size": [0.5, -4.5]}
							}
						},
						{
							"origin": [-1.60658, 9.34062, -11.61914],
							"size": [0.4, 0.4, 2.6],
							"pivot": [-1.43448, 9.40257, -8.84094],
							"rotation": [6.02685, -24.79499, -0.43231],
							"uv": {
								"north": {"uv": [43, 22], "uv_size": [0.5, 0.5]},
								"east": {"uv": [39, 15], "uv_size": [2.5, 0.5]},
								"south": {"uv": [23, 43], "uv_size": [0.5, 0.5]},
								"west": {"uv": [39, 21], "uv_size": [2.5, 0.5]},
								"up": {"uv": [16, 39], "uv_size": [0.5, 2.5]},
								"down": {"uv": [18, 41.5], "uv_size": [0.5, -2.5]}
							}
						},
						{
							"origin": [-1.51995, 9.13502, -9.13106],
							"size": [0.4, 0.4, 4.6],
							"pivot": [-2.31995, 9.33502, -6.33106],
							"rotation": [-4.53051, 0.08351, 2.11089],
							"uv": {
								"north": {"uv": [43, 21], "uv_size": [0.5, 0.5]},
								"east": {"uv": [36, 19], "uv_size": [4.5, 0.5]},
								"south": {"uv": [22, 43], "uv_size": [0.5, 0.5]},
								"west": {"uv": [36, 26], "uv_size": [4.5, 0.5]},
								"up": {"uv": [20, 37], "uv_size": [0.5, 4.5]},
								"down": {"uv": [23, 41.5], "uv_size": [0.5, -4.5]}
							}
						},
						{
							"origin": [-2.23283, 7.23438, -9.74669],
							"size": [0.6, 0.6, 2],
							"pivot": [-3.18783, 7.54438, -8.40669],
							"rotation": [31.6734, -43.15889, -34.0293],
							"uv": {
								"north": {"uv": [43, 17], "uv_size": [0.5, 0.5]},
								"east": {"uv": [37, 40], "uv_size": [2, 0.5]},
								"south": {"uv": [18, 43], "uv_size": [0.5, 0.5]},
								"west": {"uv": [40, 37], "uv_size": [2, 0.5]},
								"up": {"uv": [40, 38], "uv_size": [0.5, 2]},
								"down": {"uv": [39, 42], "uv_size": [0.5, -2]}
							}
						}
					]
				},
				{
					"name": "scopepip",
					"parent": "main",
					"pivot": [0, 0, 0],
					"cubes": [
						{
							"origin": [-0.6, 11.68953, 0.81],
							"size": [1.2, 1.2, 0],
							"uv": {
								"north": {"uv": [22, 39], "uv_size": [1, 1]},
								"east": {"uv": [19, 3], "uv_size": [3, 1]},
								"south": {"uv": [39, 22], "uv_size": [1, 1]},
								"west": {"uv": [32, 11], "uv_size": [3, 1]},
								"up": {"uv": [28, 33], "uv_size": [1, 3]},
								"down": {"uv": [33, 36], "uv_size": [1, -3]}
							}
						}
					]
				},
				{
					"name": "scope",
					"parent": "main",
					"pivot": [0, 0, 0],
					"cubes": [
						{
							"origin": [-0.5, 12, 1],
							"size": [1, 1, 1],
							"inflate": -0.4,
							"uv": {
								"north": {"uv": [0, 0], "uv_size": [1, 1]},
								"east": {"uv": [0, 0], "uv_size": [1, 1]},
								"south": {"uv": [0, 0], "uv_size": [1, 1]},
								"west": {"uv": [0, 0], "uv_size": [1, 1]},
								"up": {"uv": [1, 1], "uv_size": [-1, -1]},
								"down": {"uv": [1, 1], "uv_size": [-1, -1]}
							}
						}
					]
				},
				{
					"name": "muzzle",
					"parent": "main",
					"pivot": [0, 8, -16.2],
					"cubes": [
						{
							"origin": [0, 9, -15.2],
							"size": [0, 0, 0],
							"uv": {
								"north": {"uv": [0, 0], "uv_size": [0, 0]},
								"east": {"uv": [0, 0], "uv_size": [0, 0]},
								"south": {"uv": [0, 0], "uv_size": [0, 0]},
								"west": {"uv": [0, 0], "uv_size": [0, 0]},
								"up": {"uv": [0, 0], "uv_size": [0, 0]},
								"down": {"uv": [0, 0], "uv_size": [0, 0]}
							}
						}
					]
				}
			]
		}
	]
}