{
	"format_version": "1.12.0",
	"minecraft:geometry": [
		{
			"description": {
				"identifier": "geometry.unknown",
				"texture_width": 32,
				"texture_height": 32,
				"visible_bounds_width": 3,
				"visible_bounds_height": 3,
				"visible_bounds_offset": [0, 0.5, 0]
			},
			"bones": [
				{
					"name": "main",
					"pivot": [-0.15625, 8.32027, 0.55215]
				},
				{
					"name": "arms",
					"parent": "main",
					"pivot": [-11.5625, -17.31814, 13.1744]
				},
				{
					"name": "rightarm",
					"parent": "arms",
					"pivot": [-2, -14.06724, 1.98744],
					"cubes": [
						{
							"origin": [-4, -20.06724, -0.01256],
							"size": [4, 12, 4],
							"uv": {
								"north": {"uv": [0, 0], "uv_size": [4, 12]},
								"east": {"uv": [4, 0], "uv_size": [4, 12]},
								"south": {"uv": [8, 0], "uv_size": [4, 12]},
								"west": {"uv": [0, 12], "uv_size": [4, 12]},
								"up": {"uv": [16, 6], "uv_size": [4, 4]},
								"down": {"uv": [16, 14], "uv_size": [4, -4]}
							}
						}
					]
				},
				{
					"name": "leftarm",
					"parent": "arms",
					"pivot": [-2, -14.06724, 1.98744],
					"cubes": [
						{
							"origin": [-4, -20.06724, -0.01256],
							"size": [4, 12, 4],
							"uv": {
								"north": {"uv": [12, 0], "uv_size": [4, 12]},
								"east": {"uv": [4, 12], "uv_size": [4, 12]},
								"south": {"uv": [8, 12], "uv_size": [4, 12]},
								"west": {"uv": [12, 12], "uv_size": [4, 12]},
								"up": {"uv": [16, 14], "uv_size": [4, 4]},
								"down": {"uv": [16, 22], "uv_size": [4, -4]}
							}
						}
					]
				},
				{
					"name": "trigger",
					"parent": "main",
					"pivot": [-0.21875, 7.65659, 3.22621],
					"cubes": [
						{
							"origin": [-0.46875, 6.65807, 3.02216],
							"size": [0.375, 1.34375, 0.2625],
							"pivot": [-0.21875, 7.65659, 3.22621],
							"rotation": [-22.5, 0, 0],
							"uv": {
								"north": {"uv": [23, 17], "uv_size": [0.5, 1]},
								"east": {"uv": [18, 23], "uv_size": [0.5, 1]},
								"south": {"uv": [23, 18], "uv_size": [0.5, 1]},
								"west": {"uv": [19, 23], "uv_size": [0.5, 1]},
								"up": {"uv": [17, 26], "uv_size": [0.5, 0.5]},
								"down": {"uv": [26, 17.5], "uv_size": [0.5, -0.5]}
							}
						}
					]
				},
				{
					"name": "handle",
					"parent": "main",
					"pivot": [0.19709, 9.16362, -5.19721],
					"cubes": [
						{
							"origin": [0.31316, 8.68602, -5.53756],
							"size": [1.875, 0.75, 0.75],
							"uv": {
								"north": {"uv": [15, 21], "uv_size": [1.5, 0.5]},
								"east": {"uv": [12, 26], "uv_size": [0.5, 0.5]},
								"south": {"uv": [21, 15], "uv_size": [1.5, 0.5]},
								"west": {"uv": [26, 12], "uv_size": [0.5, 0.5]},
								"up": {"uv": [21, 16], "uv_size": [1.5, 0.5]},
								"down": {"uv": [17, 21.5], "uv_size": [1.5, -0.5]}
							}
						},
						{
							"origin": [1.40066, 8.69227, -6.16256],
							"size": [1.625, 0.7375, 0.75],
							"pivot": [1.25066, 9.06102, -5.16256],
							"rotation": [0, -60, 0],
							"uv": {
								"north": {"uv": [21, 17], "uv_size": [1.5, 0.5]},
								"east": {"uv": [13, 26], "uv_size": [0.5, 0.5]},
								"south": {"uv": [21, 18], "uv_size": [1.5, 0.5]},
								"west": {"uv": [26, 13], "uv_size": [0.5, 0.5]},
								"up": {"uv": [19, 21], "uv_size": [1.5, 0.5]},
								"down": {"uv": [21, 19.5], "uv_size": [1.5, -0.5]}
							}
						},
						{
							"origin": [2.06316, 8.56102, -4.16256],
							"size": [1, 1, 4.25],
							"uv": {
								"north": {"uv": [2, 21], "uv_size": [1, 1]},
								"east": {"uv": [12, 15], "uv_size": [3.5, 1]},
								"south": {"uv": [21, 2], "uv_size": [1, 1]},
								"west": {"uv": [15, 13], "uv_size": [3.5, 1]},
								"up": {"uv": [16, 1], "uv_size": [1, 3.5]},
								"down": {"uv": [16, 8.5], "uv_size": [1, -3.5]}
							}
						}
					]
				},
				{
					"name": "bulletcache",
					"parent": "main",
					"pivot": [-0.21875, 11.00594, -4.10171],
					"cubes": [
						{
							"origin": [-0.925, 10.99917, -4.15742],
							"size": [1.4125, 0.49375, 3.78125],
							"pivot": [-0.21875, 11.00594, -4.10171],
							"rotation": [5, 0, 0],
							"uv": {
								"north": {"uv": [8.5, 27.5], "uv_size": [1, 1]},
								"east": {"uv": [0, 27], "uv_size": [4.5, 1]},
								"south": {"uv": [7.5, 27.5], "uv_size": [1, 1]},
								"west": {"uv": [0, 28.5], "uv_size": [4.5, 1]},
								"up": {"uv": [5, 27], "uv_size": [1, 4.5]},
								"down": {"uv": [6.5, 31.5], "uv_size": [1, -4.5]}
							}
						}
					]
				},
				{
					"name": "slide",
					"parent": "main",
					"pivot": [-0.46875, 6.91362, 0.08744],
					"cubes": [
						{
							"origin": [0.53125, 9.44487, 0.71244],
							"size": [1.75, 0.5, 0.5],
							"uv": {
								"north": {"uv": [21, 20], "uv_size": [1.5, 0.5]},
								"east": {"uv": [18, 26], "uv_size": [0.5, 0.5]},
								"south": {"uv": [21, 21], "uv_size": [1.5, 0.5]},
								"west": {"uv": [26, 18], "uv_size": [0.5, 0.5]},
								"up": {"uv": [0, 22], "uv_size": [1.5, 0.5]},
								"down": {"uv": [22, 1.5], "uv_size": [1.5, -0.5]}
							}
						}
					]
				},
				{
					"name": "slide2",
					"parent": "main",
					"pivot": [0.53437, 9.68862, 5.06869],
					"cubes": [
						{
							"origin": [0.53125, 9.38862, 0.62494],
							"size": [0.00625, 0.6, 4.4875],
							"uv": {
								"north": {"uv": [25, 26], "uv_size": [0.5, 0.5]},
								"east": {"uv": [19, 10], "uv_size": [3.5, 0.5]},
								"south": {"uv": [26, 25], "uv_size": [0.5, 0.5]},
								"west": {"uv": [19, 11], "uv_size": [3.5, 0.5]},
								"up": {"uv": [13, 19], "uv_size": [0.5, 3.5]},
								"down": {"uv": [14, 22.5], "uv_size": [0.5, -3.5]}
							}
						}
					]
				},
				{
					"name": "magazine",
					"parent": "main",
					"pivot": [-1.01053, 11.25242, -2.27193],
					"cubes": [
						{
							"origin": [-3.46875, 5.28862, -3.66256],
							"size": [4.375, 3, 2.75],
							"uv": {
								"north": {"uv": [6, 8], "uv_size": [3.5, 2.5]},
								"east": {"uv": [11, 9], "uv_size": [2, 2.5]},
								"south": {"uv": [9, 0], "uv_size": [3.5, 2.5]},
								"west": {"uv": [11, 12], "uv_size": [2, 2.5]},
								"up": {"uv": [3, 11], "uv_size": [3.5, 2]},
								"down": {"uv": [11, 9], "uv_size": [3.5, -2]}
							}
						},
						{
							"origin": [-3.46875, 8.28862, -3.66256],
							"size": [2.5, 1.75, 2.75],
							"uv": {
								"north": {"uv": [6, 17], "uv_size": [2, 1.5]},
								"east": {"uv": [17, 7], "uv_size": [2, 1.5]},
								"south": {"uv": [17, 10], "uv_size": [2, 1.5]},
								"west": {"uv": [17, 15], "uv_size": [2, 1.5]},
								"up": {"uv": [13, 1], "uv_size": [2, 2]},
								"down": {"uv": [13, 15], "uv_size": [2, -2]}
							}
						},
						{
							"origin": [-2.2375, 10.05112, -2.35006],
							"size": [0.175, 0.175, 0.65625],
							"uv": {
								"north": {"uv": [0, 24], "uv_size": [0.5, 0.5]},
								"east": {"uv": [24, 0], "uv_size": [0.5, 0.5]},
								"south": {"uv": [1, 24], "uv_size": [0.5, 0.5]},
								"west": {"uv": [24, 1], "uv_size": [0.5, 0.5]},
								"up": {"uv": [2, 24], "uv_size": [0.5, 0.5]},
								"down": {"uv": [24, 2.5], "uv_size": [0.5, -0.5]}
							}
						},
						{
							"origin": [-2.21562, 10.073, -2.70006],
							"size": [0.13125, 0.13125, 0.35],
							"uv": {
								"north": {"uv": [3, 24], "uv_size": [0.5, 0.5]},
								"east": {"uv": [24, 3], "uv_size": [0.5, 0.5]},
								"south": {"uv": [4, 24], "uv_size": [0.5, 0.5]},
								"west": {"uv": [24, 4], "uv_size": [0.5, 0.5]},
								"up": {"uv": [5, 24], "uv_size": [0.5, 0.5]},
								"down": {"uv": [24, 5.5], "uv_size": [0.5, -0.5]}
							}
						},
						{
							"origin": [-2.20031, 10.08831, -2.96256],
							"size": [0.10062, 0.10063, 0.2625],
							"uv": {
								"north": {"uv": [6, 24], "uv_size": [0.5, 0.5]},
								"east": {"uv": [24, 6], "uv_size": [0.5, 0.5]},
								"south": {"uv": [7, 24], "uv_size": [0.5, 0.5]},
								"west": {"uv": [24, 7], "uv_size": [0.5, 0.5]},
								"up": {"uv": [8, 24], "uv_size": [0.5, 0.5]},
								"down": {"uv": [24, 8.5], "uv_size": [0.5, -0.5]}
							}
						},
						{
							"origin": [-1.95031, 10.13206, -2.96256],
							"size": [0.10062, 0.10063, 0.2625],
							"uv": {
								"north": {"uv": [9, 24], "uv_size": [0.5, 0.5]},
								"east": {"uv": [24, 9], "uv_size": [0.5, 0.5]},
								"south": {"uv": [10, 24], "uv_size": [0.5, 0.5]},
								"west": {"uv": [24, 10], "uv_size": [0.5, 0.5]},
								"up": {"uv": [11, 24], "uv_size": [0.5, 0.5]},
								"down": {"uv": [24, 11.5], "uv_size": [0.5, -0.5]}
							}
						},
						{
							"origin": [-1.96562, 10.11675, -2.70006],
							"size": [0.13125, 0.13125, 0.35],
							"uv": {
								"north": {"uv": [12, 24], "uv_size": [0.5, 0.5]},
								"east": {"uv": [24, 12], "uv_size": [0.5, 0.5]},
								"south": {"uv": [13, 24], "uv_size": [0.5, 0.5]},
								"west": {"uv": [24, 13], "uv_size": [0.5, 0.5]},
								"up": {"uv": [14, 24], "uv_size": [0.5, 0.5]},
								"down": {"uv": [24, 14.5], "uv_size": [0.5, -0.5]}
							}
						},
						{
							"origin": [-1.9875, 10.09487, -2.35006],
							"size": [0.175, 0.175, 0.65625],
							"uv": {
								"north": {"uv": [15, 24], "uv_size": [0.5, 0.5]},
								"east": {"uv": [24, 15], "uv_size": [0.5, 0.5]},
								"south": {"uv": [16, 24], "uv_size": [0.5, 0.5]},
								"west": {"uv": [24, 16], "uv_size": [0.5, 0.5]},
								"up": {"uv": [17, 24], "uv_size": [0.5, 0.5]},
								"down": {"uv": [24, 17.5], "uv_size": [0.5, -0.5]}
							}
						},
						{
							"origin": [-1.70031, 10.30706, -2.96256],
							"size": [0.10062, 0.10063, 0.2625],
							"uv": {
								"north": {"uv": [18, 24], "uv_size": [0.5, 0.5]},
								"east": {"uv": [24, 18], "uv_size": [0.5, 0.5]},
								"south": {"uv": [19, 24], "uv_size": [0.5, 0.5]},
								"west": {"uv": [24, 19], "uv_size": [0.5, 0.5]},
								"up": {"uv": [20, 24], "uv_size": [0.5, 0.5]},
								"down": {"uv": [24, 20.5], "uv_size": [0.5, -0.5]}
							}
						},
						{
							"origin": [-1.71562, 10.29175, -2.70006],
							"size": [0.13125, 0.13125, 0.35],
							"uv": {
								"north": {"uv": [21, 24], "uv_size": [0.5, 0.5]},
								"east": {"uv": [24, 21], "uv_size": [0.5, 0.5]},
								"south": {"uv": [22, 24], "uv_size": [0.5, 0.5]},
								"west": {"uv": [24, 22], "uv_size": [0.5, 0.5]},
								"up": {"uv": [23, 24], "uv_size": [0.5, 0.5]},
								"down": {"uv": [24, 23.5], "uv_size": [0.5, -0.5]}
							}
						},
						{
							"origin": [-1.8, 10.18237, -2.47506],
							"size": [0, 0.225, 0.40625],
							"pivot": [-1.7375, 10.35737, -2.27193],
							"rotation": [0, 0, 40],
							"uv": {
								"north": {"uv": [0, 0], "uv_size": [0, 0.5]},
								"east": {"uv": [24, 24], "uv_size": [0.5, 0.5]},
								"south": {"uv": [0, 0], "uv_size": [0, 0.5]},
								"west": {"uv": [0, 25], "uv_size": [0.5, 0.5]},
								"up": {"uv": [0, 0], "uv_size": [0, 0.5]},
								"down": {"uv": [0, 0.5], "uv_size": [0, -0.5]}
							}
						},
						{
							"origin": [-1.41281, 10.51956, -2.96256],
							"size": [0.10062, 0.10063, 0.2625],
							"uv": {
								"north": {"uv": [25, 0], "uv_size": [0.5, 0.5]},
								"east": {"uv": [1, 25], "uv_size": [0.5, 0.5]},
								"south": {"uv": [25, 1], "uv_size": [0.5, 0.5]},
								"west": {"uv": [2, 25], "uv_size": [0.5, 0.5]},
								"up": {"uv": [25, 2], "uv_size": [0.5, 0.5]},
								"down": {"uv": [3, 25.5], "uv_size": [0.5, -0.5]}
							}
						},
						{
							"origin": [-1.42812, 10.50425, -2.70006],
							"size": [0.13125, 0.13125, 0.35],
							"uv": {
								"north": {"uv": [25, 3], "uv_size": [0.5, 0.5]},
								"east": {"uv": [4, 25], "uv_size": [0.5, 0.5]},
								"south": {"uv": [25, 4], "uv_size": [0.5, 0.5]},
								"west": {"uv": [5, 25], "uv_size": [0.5, 0.5]},
								"up": {"uv": [25, 5], "uv_size": [0.5, 0.5]},
								"down": {"uv": [6, 25.5], "uv_size": [0.5, -0.5]}
							}
						},
						{
							"origin": [-1.45, 10.48237, -2.35006],
							"size": [0.175, 0.175, 0.65625],
							"uv": {
								"north": {"uv": [25, 6], "uv_size": [0.5, 0.5]},
								"east": {"uv": [7, 25], "uv_size": [0.5, 0.5]},
								"south": {"uv": [25, 7], "uv_size": [0.5, 0.5]},
								"west": {"uv": [8, 25], "uv_size": [0.5, 0.5]},
								"up": {"uv": [25, 8], "uv_size": [0.5, 0.5]},
								"down": {"uv": [9, 25.5], "uv_size": [0.5, -0.5]}
							}
						},
						{
							"origin": [-1.20031, 10.84456, -2.96256],
							"size": [0.10062, 0.10063, 0.2625],
							"uv": {
								"north": {"uv": [25, 9], "uv_size": [0.5, 0.5]},
								"east": {"uv": [10, 25], "uv_size": [0.5, 0.5]},
								"south": {"uv": [25, 10], "uv_size": [0.5, 0.5]},
								"west": {"uv": [11, 25], "uv_size": [0.5, 0.5]},
								"up": {"uv": [25, 11], "uv_size": [0.5, 0.5]},
								"down": {"uv": [12, 25.5], "uv_size": [0.5, -0.5]}
							}
						},
						{
							"origin": [-1.21562, 10.82925, -2.70006],
							"size": [0.13125, 0.13125, 0.35],
							"uv": {
								"north": {"uv": [25, 12], "uv_size": [0.5, 0.5]},
								"east": {"uv": [13, 25], "uv_size": [0.5, 0.5]},
								"south": {"uv": [25, 13], "uv_size": [0.5, 0.5]},
								"west": {"uv": [14, 25], "uv_size": [0.5, 0.5]},
								"up": {"uv": [25, 14], "uv_size": [0.5, 0.5]},
								"down": {"uv": [15, 25.5], "uv_size": [0.5, -0.5]}
							}
						},
						{
							"origin": [-1.2375, 10.80737, -2.35006],
							"size": [0.175, 0.175, 0.65625],
							"uv": {
								"north": {"uv": [25, 15], "uv_size": [0.5, 0.5]},
								"east": {"uv": [16, 25], "uv_size": [0.5, 0.5]},
								"south": {"uv": [25, 16], "uv_size": [0.5, 0.5]},
								"west": {"uv": [17, 25], "uv_size": [0.5, 0.5]},
								"up": {"uv": [25, 17], "uv_size": [0.5, 0.5]},
								"down": {"uv": [18, 25.5], "uv_size": [0.5, -0.5]}
							}
						},
						{
							"origin": [-1.07531, 11.09456, -2.96256],
							"size": [0.10062, 0.10063, 0.2625],
							"uv": {
								"north": {"uv": [25, 18], "uv_size": [0.5, 0.5]},
								"east": {"uv": [19, 25], "uv_size": [0.5, 0.5]},
								"south": {"uv": [25, 19], "uv_size": [0.5, 0.5]},
								"west": {"uv": [20, 25], "uv_size": [0.5, 0.5]},
								"up": {"uv": [25, 20], "uv_size": [0.5, 0.5]},
								"down": {"uv": [21, 25.5], "uv_size": [0.5, -0.5]}
							}
						},
						{
							"origin": [-1.09062, 11.07925, -2.70006],
							"size": [0.13125, 0.13125, 0.35],
							"uv": {
								"north": {"uv": [25, 21], "uv_size": [0.5, 0.5]},
								"east": {"uv": [22, 25], "uv_size": [0.5, 0.5]},
								"south": {"uv": [25, 22], "uv_size": [0.5, 0.5]},
								"west": {"uv": [23, 25], "uv_size": [0.5, 0.5]},
								"up": {"uv": [25, 23], "uv_size": [0.5, 0.5]},
								"down": {"uv": [24, 25.5], "uv_size": [0.5, -0.5]}
							}
						},
						{
							"origin": [-1.1125, 11.05737, -2.35006],
							"size": [0.175, 0.175, 0.65625],
							"uv": {
								"north": {"uv": [25, 24], "uv_size": [0.5, 0.5]},
								"east": {"uv": [25, 25], "uv_size": [0.5, 0.5]},
								"south": {"uv": [0, 26], "uv_size": [0.5, 0.5]},
								"west": {"uv": [26, 0], "uv_size": [0.5, 0.5]},
								"up": {"uv": [1, 26], "uv_size": [0.5, 0.5]},
								"down": {"uv": [26, 1.5], "uv_size": [0.5, -0.5]}
							}
						},
						{
							"origin": [-0.7375, 11.05737, -2.35006],
							"size": [0.175, 0.175, 0.65625],
							"uv": {
								"north": {"uv": [25, 24], "uv_size": [0.5, 0.5]},
								"east": {"uv": [25, 25], "uv_size": [0.5, 0.5]},
								"south": {"uv": [0, 26], "uv_size": [0.5, 0.5]},
								"west": {"uv": [26, 0], "uv_size": [0.5, 0.5]},
								"up": {"uv": [1, 26], "uv_size": [0.5, 0.5]},
								"down": {"uv": [26, 1.5], "uv_size": [0.5, -0.5]}
							}
						},
						{
							"origin": [-0.71562, 11.07925, -2.70006],
							"size": [0.13125, 0.13125, 0.35],
							"uv": {
								"north": {"uv": [25, 21], "uv_size": [0.5, 0.5]},
								"east": {"uv": [22, 25], "uv_size": [0.5, 0.5]},
								"south": {"uv": [25, 22], "uv_size": [0.5, 0.5]},
								"west": {"uv": [23, 25], "uv_size": [0.5, 0.5]},
								"up": {"uv": [25, 23], "uv_size": [0.5, 0.5]},
								"down": {"uv": [24, 25.5], "uv_size": [0.5, -0.5]}
							}
						},
						{
							"origin": [-0.70031, 11.09456, -2.96256],
							"size": [0.10062, 0.10063, 0.2625],
							"uv": {
								"north": {"uv": [25, 18], "uv_size": [0.5, 0.5]},
								"east": {"uv": [19, 25], "uv_size": [0.5, 0.5]},
								"south": {"uv": [25, 19], "uv_size": [0.5, 0.5]},
								"west": {"uv": [20, 25], "uv_size": [0.5, 0.5]},
								"up": {"uv": [25, 20], "uv_size": [0.5, 0.5]},
								"down": {"uv": [21, 25.5], "uv_size": [0.5, -0.5]}
							}
						},
						{
							"origin": [-0.7375, 11.05737, -2.35006],
							"size": [0.175, 0.175, 0.65625],
							"uv": {
								"north": {"uv": [25, 24], "uv_size": [0.5, 0.5]},
								"east": {"uv": [25, 25], "uv_size": [0.5, 0.5]},
								"south": {"uv": [0, 26], "uv_size": [0.5, 0.5]},
								"west": {"uv": [26, 0], "uv_size": [0.5, 0.5]},
								"up": {"uv": [1, 26], "uv_size": [0.5, 0.5]},
								"down": {"uv": [26, 1.5], "uv_size": [0.5, -0.5]}
							}
						},
						{
							"origin": [-0.71562, 11.07925, -2.70006],
							"size": [0.13125, 0.13125, 0.35],
							"uv": {
								"north": {"uv": [25, 21], "uv_size": [0.5, 0.5]},
								"east": {"uv": [22, 25], "uv_size": [0.5, 0.5]},
								"south": {"uv": [25, 22], "uv_size": [0.5, 0.5]},
								"west": {"uv": [23, 25], "uv_size": [0.5, 0.5]},
								"up": {"uv": [25, 23], "uv_size": [0.5, 0.5]},
								"down": {"uv": [24, 25.5], "uv_size": [0.5, -0.5]}
							}
						},
						{
							"origin": [-0.70031, 11.09456, -2.96256],
							"size": [0.10062, 0.10063, 0.2625],
							"uv": {
								"north": {"uv": [25, 18], "uv_size": [0.5, 0.5]},
								"east": {"uv": [19, 25], "uv_size": [0.5, 0.5]},
								"south": {"uv": [25, 19], "uv_size": [0.5, 0.5]},
								"west": {"uv": [20, 25], "uv_size": [0.5, 0.5]},
								"up": {"uv": [25, 20], "uv_size": [0.5, 0.5]},
								"down": {"uv": [21, 25.5], "uv_size": [0.5, -0.5]}
							}
						},
						{
							"origin": [-0.32531, 11.09456, -2.96256],
							"size": [0.10062, 0.10063, 0.2625],
							"uv": {
								"north": {"uv": [25, 18], "uv_size": [0.5, 0.5]},
								"east": {"uv": [19, 25], "uv_size": [0.5, 0.5]},
								"south": {"uv": [25, 19], "uv_size": [0.5, 0.5]},
								"west": {"uv": [20, 25], "uv_size": [0.5, 0.5]},
								"up": {"uv": [25, 20], "uv_size": [0.5, 0.5]},
								"down": {"uv": [21, 25.5], "uv_size": [0.5, -0.5]}
							}
						},
						{
							"origin": [-0.34062, 11.07925, -2.70006],
							"size": [0.13125, 0.13125, 0.35],
							"uv": {
								"north": {"uv": [25, 21], "uv_size": [0.5, 0.5]},
								"east": {"uv": [22, 25], "uv_size": [0.5, 0.5]},
								"south": {"uv": [25, 22], "uv_size": [0.5, 0.5]},
								"west": {"uv": [23, 25], "uv_size": [0.5, 0.5]},
								"up": {"uv": [25, 23], "uv_size": [0.5, 0.5]},
								"down": {"uv": [24, 25.5], "uv_size": [0.5, -0.5]}
							}
						},
						{
							"origin": [-0.3625, 11.05737, -2.35006],
							"size": [0.175, 0.175, 0.65625],
							"uv": {
								"north": {"uv": [25, 24], "uv_size": [0.5, 0.5]},
								"east": {"uv": [25, 25], "uv_size": [0.5, 0.5]},
								"south": {"uv": [0, 26], "uv_size": [0.5, 0.5]},
								"west": {"uv": [26, 0], "uv_size": [0.5, 0.5]},
								"up": {"uv": [1, 26], "uv_size": [0.5, 0.5]},
								"down": {"uv": [26, 1.5], "uv_size": [0.5, -0.5]}
							}
						},
						{
							"origin": [0.04969, 11.09456, -2.96256],
							"size": [0.10062, 0.10063, 0.2625],
							"uv": {
								"north": {"uv": [25, 18], "uv_size": [0.5, 0.5]},
								"east": {"uv": [19, 25], "uv_size": [0.5, 0.5]},
								"south": {"uv": [25, 19], "uv_size": [0.5, 0.5]},
								"west": {"uv": [20, 25], "uv_size": [0.5, 0.5]},
								"up": {"uv": [25, 20], "uv_size": [0.5, 0.5]},
								"down": {"uv": [21, 25.5], "uv_size": [0.5, -0.5]}
							}
						},
						{
							"origin": [0.03438, 11.07925, -2.70006],
							"size": [0.13125, 0.13125, 0.35],
							"uv": {
								"north": {"uv": [25, 21], "uv_size": [0.5, 0.5]},
								"east": {"uv": [22, 25], "uv_size": [0.5, 0.5]},
								"south": {"uv": [25, 22], "uv_size": [0.5, 0.5]},
								"west": {"uv": [23, 25], "uv_size": [0.5, 0.5]},
								"up": {"uv": [25, 23], "uv_size": [0.5, 0.5]},
								"down": {"uv": [24, 25.5], "uv_size": [0.5, -0.5]}
							}
						},
						{
							"origin": [0.0125, 11.05737, -2.35006],
							"size": [0.175, 0.175, 0.65625],
							"uv": {
								"north": {"uv": [25, 24], "uv_size": [0.5, 0.5]},
								"east": {"uv": [25, 25], "uv_size": [0.5, 0.5]},
								"south": {"uv": [0, 26], "uv_size": [0.5, 0.5]},
								"west": {"uv": [26, 0], "uv_size": [0.5, 0.5]},
								"up": {"uv": [1, 26], "uv_size": [0.5, 0.5]},
								"down": {"uv": [26, 1.5], "uv_size": [0.5, -0.5]}
							}
						},
						{
							"origin": [-1.7375, 10.26987, -2.35006],
							"size": [0.175, 0.175, 0.65625],
							"uv": {
								"north": {"uv": [2, 26], "uv_size": [0.5, 0.5]},
								"east": {"uv": [26, 2], "uv_size": [0.5, 0.5]},
								"south": {"uv": [3, 26], "uv_size": [0.5, 0.5]},
								"west": {"uv": [26, 3], "uv_size": [0.5, 0.5]},
								"up": {"uv": [4, 26], "uv_size": [0.5, 0.5]},
								"down": {"uv": [26, 4.5], "uv_size": [0.5, -0.5]}
							}
						},
						{
							"origin": [-2.09126, 9.98316, -2.47506],
							"size": [0, 0.36875, 0.40625],
							"pivot": [-2.04126, 10.19253, -2.27193],
							"rotation": [0, 0, 82.5],
							"uv": {
								"north": {"uv": [0, 0], "uv_size": [0, 0.5]},
								"east": {"uv": [5, 26], "uv_size": [0.5, 0.5]},
								"south": {"uv": [0, 0], "uv_size": [0, 0.5]},
								"west": {"uv": [26, 5], "uv_size": [0.5, 0.5]},
								"up": {"uv": [0, 0], "uv_size": [0, 0.5]},
								"down": {"uv": [0, 0.5], "uv_size": [0, -0.5]}
							}
						},
						{
							"origin": [-1.80625, 10.38862, -2.47506],
							"size": [0, 0.48125, 0.40625],
							"pivot": [-1.7375, 10.35737, -2.27193],
							"rotation": [0, 0, 52.5],
							"uv": {
								"north": {"uv": [0, 0], "uv_size": [0, 0.5]},
								"east": {"uv": [6, 26], "uv_size": [0.5, 0.5]},
								"south": {"uv": [0, 0], "uv_size": [0, 0.5]},
								"west": {"uv": [26, 6], "uv_size": [0.5, 0.5]},
								"up": {"uv": [0, 0], "uv_size": [0, 0.5]},
								"down": {"uv": [0, 0.5], "uv_size": [0, -0.5]}
							}
						},
						{
							"origin": [-1.26915, 10.68711, -2.47506],
							"size": [0, 0.60625, 0.40625],
							"pivot": [-1.25665, 10.92774, -2.27193],
							"rotation": [0, 0, 27.5],
							"uv": {
								"north": {"uv": [0, 0], "uv_size": [0, 0.5]},
								"east": {"uv": [7, 26], "uv_size": [0.5, 0.5]},
								"south": {"uv": [0, 0], "uv_size": [0, 0.5]},
								"west": {"uv": [26, 7], "uv_size": [0.5, 0.5]},
								"up": {"uv": [0, 0], "uv_size": [0, 0.5]},
								"down": {"uv": [0, 0.5], "uv_size": [0, -0.5]}
							}
						},
						{
							"origin": [-1.01745, 11.15382, -2.47506],
							"size": [0, 1.425, 0.40625],
							"pivot": [-1.01745, 11.24132, -2.27193],
							"rotation": [0, 0, 90],
							"uv": {
								"north": {"uv": [0, 0], "uv_size": [0, 0.5]},
								"east": {"uv": [23, 9], "uv_size": [0.5, 1]},
								"south": {"uv": [0, 0], "uv_size": [0, 0.5]},
								"west": {"uv": [10, 23], "uv_size": [0.5, 1]},
								"up": {"uv": [0, 0], "uv_size": [0, 0.5]},
								"down": {"uv": [0, 0.5], "uv_size": [0, -0.5]}
							}
						},
						{
							"origin": [-1.96001, 9.78316, -2.47506],
							"size": [0, 0.36875, 0.40625],
							"pivot": [-1.91001, 9.99253, -2.27193],
							"rotation": [0, 0, 82.5],
							"uv": {
								"north": {"uv": [0, 0], "uv_size": [0, 0.5]},
								"east": {"uv": [11, 26], "uv_size": [0.5, 0.5]},
								"south": {"uv": [0, 0], "uv_size": [0, 0.5]},
								"west": {"uv": [26, 11], "uv_size": [0.5, 0.5]},
								"up": {"uv": [0, 0], "uv_size": [0, 0.5]},
								"down": {"uv": [0, 0.5], "uv_size": [0, -0.5]}
							}
						},
						{
							"origin": [-1.66875, 9.98237, -2.47506],
							"size": [0, 0.225, 0.40625],
							"pivot": [-1.60625, 10.15737, -2.27193],
							"rotation": [0, 0, 40],
							"uv": {
								"north": {"uv": [0, 0], "uv_size": [0, 0.5]},
								"east": {"uv": [10, 26], "uv_size": [0.5, 0.5]},
								"south": {"uv": [0, 0], "uv_size": [0, 0.5]},
								"west": {"uv": [26, 10], "uv_size": [0.5, 0.5]},
								"up": {"uv": [0, 0], "uv_size": [0, 0.5]},
								"down": {"uv": [0, 0.5], "uv_size": [0, -0.5]}
							}
						},
						{
							"origin": [-1.675, 10.18862, -2.47506],
							"size": [0, 0.48125, 0.40625],
							"pivot": [-1.60625, 10.15737, -2.27193],
							"rotation": [0, 0, 52.5],
							"uv": {
								"north": {"uv": [0, 0], "uv_size": [0, 0.5]},
								"east": {"uv": [9, 26], "uv_size": [0.5, 0.5]},
								"south": {"uv": [0, 0], "uv_size": [0, 0.5]},
								"west": {"uv": [26, 9], "uv_size": [0.5, 0.5]},
								"up": {"uv": [0, 0], "uv_size": [0, 0.5]},
								"down": {"uv": [0, 0.5], "uv_size": [0, -0.5]}
							}
						},
						{
							"origin": [-1.1379, 10.48711, -2.47506],
							"size": [0, 0.60625, 0.40625],
							"pivot": [-1.1254, 10.72774, -2.27193],
							"rotation": [0, 0, 27.5],
							"uv": {
								"north": {"uv": [0, 0], "uv_size": [0, 0.5]},
								"east": {"uv": [8, 26], "uv_size": [0.5, 0.5]},
								"south": {"uv": [0, 0], "uv_size": [0, 0.5]},
								"west": {"uv": [26, 8], "uv_size": [0.5, 0.5]},
								"up": {"uv": [0, 0], "uv_size": [0, 0.5]},
								"down": {"uv": [0, 0.5], "uv_size": [0, -0.5]}
							}
						},
						{
							"origin": [-0.88783, 10.94143, -2.47506],
							"size": [0, 1.425, 0.40625],
							"pivot": [-0.88783, 11.02893, -2.27193],
							"rotation": [0, 0, 90],
							"uv": {
								"north": {"uv": [0, 0], "uv_size": [0, 0.5]},
								"east": {"uv": [23, 10], "uv_size": [0.5, 1]},
								"south": {"uv": [0, 0], "uv_size": [0, 0.5]},
								"west": {"uv": [11, 23], "uv_size": [0.5, 1]},
								"up": {"uv": [0, 0], "uv_size": [0, 0.5]},
								"down": {"uv": [0, 0.5], "uv_size": [0, -0.5]}
							}
						}
					]
				},
				{
					"name": "magdoor",
					"parent": "magazine",
					"pivot": [-2.98125, 9.90112, -2.28756],
					"cubes": [
						{
							"origin": [-3.46875, 10.03862, -3.28756],
							"size": [1.375, 0.125, 2],
							"pivot": [-2.78125, 10.10112, -2.28756],
							"rotation": [0, 0, -22.5],
							"uv": {
								"north": {"uv": [23, 8], "uv_size": [1, 0.5]},
								"east": {"uv": [21, 13], "uv_size": [1.5, 0.5]},
								"south": {"uv": [9, 23], "uv_size": [1, 0.5]},
								"west": {"uv": [21, 14], "uv_size": [1.5, 0.5]},
								"up": {"uv": [18, 19], "uv_size": [1, 1.5]},
								"down": {"uv": [19, 19.5], "uv_size": [1, -1.5]}
							}
						}
					]
				},
				{
					"name": "scope",
					"parent": "main",
					"pivot": [-0.48609, 9.03862, -16.41256],
					"cubes": [
						{
							"origin": [-0.7, 11.386, 4.58744],
							"size": [1, 1, 1],
							"inflate": -0.4,
							"uv": {
								"north": {"uv": [0, 0], "uv_size": [1, 1]},
								"east": {"uv": [0, 0], "uv_size": [1, 1]},
								"south": {"uv": [0, 0], "uv_size": [1, 1]},
								"west": {"uv": [0, 0], "uv_size": [1, 1]},
								"up": {"uv": [1, 1], "uv_size": [-1, -1]},
								"down": {"uv": [1, 1], "uv_size": [-1, -1]}
							}
						}
					]
				},
				{
					"name": "muzzleflash",
					"parent": "main",
					"pivot": [-0.48609, 9.03862, -16.41256],
					"cubes": [
						{
							"origin": [-0.48609, 9.03862, -16.41256],
							"size": [1, 1, 1],
							"inflate": -0.4,
							"uv": {
								"north": {"uv": [0, 0], "uv_size": [1, 1]},
								"east": {"uv": [0, 0], "uv_size": [1, 1]},
								"south": {"uv": [0, 0], "uv_size": [1, 1]},
								"west": {"uv": [0, 0], "uv_size": [1, 1]},
								"up": {"uv": [1, 1], "uv_size": [-1, -1]},
								"down": {"uv": [1, 1], "uv_size": [-1, -1]}
							}
						}
					]
				},
				{
					"name": "muzzle",
					"parent": "main",
					"pivot": [-0.23609, 9.66362, -15.91256],
					"cubes": [
						{
							"origin": [-0.23609, 9.66362, -15.91256],
							"size": [0, 0, 0],
							"uv": {
								"north": {"uv": [0, 0], "uv_size": [0, 0]},
								"east": {"uv": [0, 0], "uv_size": [0, 0]},
								"south": {"uv": [0, 0], "uv_size": [0, 0]},
								"west": {"uv": [0, 0], "uv_size": [0, 0]},
								"up": {"uv": [0, 0], "uv_size": [0, 0]},
								"down": {"uv": [0, 0], "uv_size": [0, 0]}
							}
						}
					]
				},
				{
					"name": "scope_model",
					"parent": "main",
					"pivot": [-0.46875, 12.16362, -0.03756],
					"cubes": [
						{
							"origin": [-1.1, 11.2, 2.96244],
							"size": [1, 1, 2],
							"inflate": -0.4,
							"uv": {
								"north": {"uv": [0, 0], "uv_size": [1, 1]},
								"east": {"uv": [0, 0], "uv_size": [2, 1]},
								"south": {"uv": [0, 0], "uv_size": [1, 1]},
								"west": {"uv": [0, 0], "uv_size": [2, 1]},
								"up": {"uv": [1, 2], "uv_size": [-1, -2]},
								"down": {"uv": [1, 2], "uv_size": [-1, -2]}
							}
						},
						{
							"origin": [-0.312, 11.2, 2.96244],
							"size": [1, 1, 2],
							"inflate": -0.4,
							"uv": {
								"north": {"uv": [1, 0], "uv_size": [1, 1]},
								"east": {"uv": [4, 0], "uv_size": [2, 1]},
								"south": {"uv": [1, 0], "uv_size": [1, 1]},
								"west": {"uv": [4, 0], "uv_size": [2, 1]},
								"up": {"uv": [2, 2], "uv_size": [-1, -2]},
								"down": {"uv": [2, 2], "uv_size": [-1, -2]}
							}
						},
						{
							"origin": [-0.7, 11.25, 3.96244],
							"size": [1, 1, 1],
							"inflate": -0.4,
							"uv": {
								"north": {"uv": [0, 0], "uv_size": [1, 1]},
								"east": {"uv": [0, 0], "uv_size": [1, 1]},
								"south": {"uv": [0, 0], "uv_size": [1, 1]},
								"west": {"uv": [0, 0], "uv_size": [1, 1]},
								"up": {"uv": [1, 1], "uv_size": [-1, -1]},
								"down": {"uv": [1, 1], "uv_size": [-1, -1]}
							}
						}
					]
				},
				{
					"name": "gun",
					"parent": "main",
					"pivot": [-0.15625, 8.32027, 0.55215],
					"cubes": [
						{
							"origin": [0.53125, 8.28862, 3.83744],
							"size": [0.25, 0.5, 0.5],
							"uv": {
								"north": {"uv": [22, 26], "uv_size": [0.5, 0.5]},
								"east": {"uv": [26, 22], "uv_size": [0.5, 0.5]},
								"south": {"uv": [23, 26], "uv_size": [0.5, 0.5]},
								"west": {"uv": [26, 23], "uv_size": [0.5, 0.5]},
								"up": {"uv": [24, 26], "uv_size": [0.5, 0.5]},
								"down": {"uv": [26, 24.5], "uv_size": [0.5, -0.5]}
							}
						},
						{
							"origin": [0.53125, 8.41362, 4.33744],
							"size": [0.25, 0.25, 0.625],
							"uv": {
								"north": {"uv": [19, 26], "uv_size": [0.5, 0.5]},
								"east": {"uv": [26, 19], "uv_size": [0.5, 0.5]},
								"south": {"uv": [20, 26], "uv_size": [0.5, 0.5]},
								"west": {"uv": [26, 20], "uv_size": [0.5, 0.5]},
								"up": {"uv": [21, 26], "uv_size": [0.5, 0.5]},
								"down": {"uv": [26, 21.5], "uv_size": [0.5, -0.5]}
							}
						},
						{
							"origin": [-0.46875, 8.41362, -15.28756],
							"size": [0.5, 0.5, 1.375],
							"uv": {
								"north": {"uv": [23, 20], "uv_size": [0.5, 0.5]},
								"east": {"uv": [23, 4], "uv_size": [1, 0.5]},
								"south": {"uv": [21, 23], "uv_size": [0.5, 0.5]},
								"west": {"uv": [5, 23], "uv_size": [1, 0.5]},
								"up": {"uv": [23, 5], "uv_size": [0.5, 1]},
								"down": {"uv": [6, 24], "uv_size": [0.5, -1]}
							}
						},
						{
							"origin": [-0.59375, 8.16362, -14.91256],
							"size": [0.75, 1.875, 0.875],
							"uv": {
								"north": {"uv": [9, 21], "uv_size": [0.5, 1.5]},
								"east": {"uv": [10, 21], "uv_size": [0.5, 1.5]},
								"south": {"uv": [11, 21], "uv_size": [0.5, 1.5]},
								"west": {"uv": [12, 21], "uv_size": [0.5, 1.5]},
								"up": {"uv": [23, 22], "uv_size": [0.5, 0.5]},
								"down": {"uv": [23, 23.5], "uv_size": [0.5, -0.5]}
							}
						},
						{
							"origin": [-0.46875, 9.41362, -15.66256],
							"size": [0.5, 0.5, 1.75],
							"uv": {
								"north": {"uv": [23, 21], "uv_size": [0.5, 0.5]},
								"east": {"uv": [3, 21], "uv_size": [1.5, 0.5]},
								"south": {"uv": [22, 23], "uv_size": [0.5, 0.5]},
								"west": {"uv": [21, 4], "uv_size": [1.5, 0.5]},
								"up": {"uv": [5, 21], "uv_size": [0.5, 1.5]},
								"down": {"uv": [8, 22.5], "uv_size": [0.5, -1.5]}
							}
						},
						{
							"origin": [-0.96875, 7.78862, 6.96244],
							"size": [1.5, 3.125, 6.75],
							"uv": {
								"north": {"uv": [8, 17], "uv_size": [1, 2.5]},
								"east": {"uv": [0, 8], "uv_size": [5.5, 2.5]},
								"south": {"uv": [17, 17], "uv_size": [1, 2.5]},
								"west": {"uv": [8, 4], "uv_size": [5.5, 2.5]},
								"up": {"uv": [7, 11], "uv_size": [1, 5.5]},
								"down": {"uv": [8, 16.5], "uv_size": [1, -5.5]}
							}
						},
						{
							"origin": [-0.96875, 6.66362, 10.21244],
							"size": [1.5, 1.125, 3.5],
							"uv": {
								"north": {"uv": [0, 20], "uv_size": [1, 1]},
								"east": {"uv": [15, 14], "uv_size": [3, 1]},
								"south": {"uv": [20, 4], "uv_size": [1, 1]},
								"west": {"uv": [16, 9], "uv_size": [3, 1]},
								"up": {"uv": [9, 16], "uv_size": [1, 3]},
								"down": {"uv": [10, 19], "uv_size": [1, -3]}
							}
						},
						{
							"origin": [-0.95625, 6.68862, 8.63744],
							"size": [1.475, 1.125, 2],
							"pivot": [-0.46875, 7.25112, 10.38744],
							"rotation": [-40, 0, 0],
							"uv": {
								"north": {"uv": [5, 20], "uv_size": [1, 1]},
								"east": {"uv": [19, 13], "uv_size": [1.5, 1]},
								"south": {"uv": [8, 20], "uv_size": [1, 1]},
								"west": {"uv": [19, 15], "uv_size": [1.5, 1]},
								"up": {"uv": [15, 19], "uv_size": [1, 1.5]},
								"down": {"uv": [19, 17.5], "uv_size": [1, -1.5]}
							}
						},
						{
							"origin": [-0.96875, 6.53862, 13.71244],
							"size": [1.5, 4.5, 0.75],
							"uv": {
								"north": {"uv": [14, 3], "uv_size": [1, 3.5]},
								"east": {"uv": [6, 19], "uv_size": [0.5, 3.5]},
								"south": {"uv": [14, 9], "uv_size": [1, 3.5]},
								"west": {"uv": [7, 19], "uv_size": [0.5, 3.5]},
								"up": {"uv": [4, 22], "uv_size": [1, 0.5]},
								"down": {"uv": [22, 5.5], "uv_size": [1, -0.5]}
							}
						},
						{
							"origin": [-0.96875, 7.03862, -6.16256],
							"size": [1.5, 0.75, 2.375],
							"uv": {
								"north": {"uv": [2, 22], "uv_size": [1, 0.5]},
								"east": {"uv": [3, 20], "uv_size": [2, 0.5]},
								"south": {"uv": [22, 2], "uv_size": [1, 0.5]},
								"west": {"uv": [20, 3], "uv_size": [2, 0.5]},
								"up": {"uv": [18, 3], "uv_size": [1, 2]},
								"down": {"uv": [4, 20], "uv_size": [1, -2]}
							}
						},
						{
							"origin": [-0.96875, 7.03862, -0.78756],
							"size": [1.5, 1.25, 2.375],
							"uv": {
								"north": {"uv": [20, 14], "uv_size": [1, 1]},
								"east": {"uv": [8, 7], "uv_size": [2, 1]},
								"south": {"uv": [16, 20], "uv_size": [1, 1]},
								"west": {"uv": [18, 14], "uv_size": [2, 1]},
								"up": {"uv": [5, 18], "uv_size": [1, 2]},
								"down": {"uv": [16, 20], "uv_size": [1, -2]}
							}
						},
						{
							"origin": [-0.96875, 6.87612, 3.69994],
							"size": [1.5, 0.7875, 1.0125],
							"uv": {
								"north": {"uv": [23, 6], "uv_size": [1, 0.5]},
								"east": {"uv": [7, 23], "uv_size": [1, 0.5]},
								"south": {"uv": [23, 7], "uv_size": [1, 0.5]},
								"west": {"uv": [8, 23], "uv_size": [1, 0.5]},
								"up": {"uv": [19, 20], "uv_size": [1, 1]},
								"down": {"uv": [20, 20], "uv_size": [1, -1]}
							}
						},
						{
							"origin": [-0.59375, 6.37612, 1.57494],
							"size": [0.75, 1.2875, 0.3875],
							"uv": {
								"north": {"uv": [23, 11], "uv_size": [0.5, 1]},
								"east": {"uv": [12, 23], "uv_size": [0.5, 1]},
								"south": {"uv": [23, 12], "uv_size": [0.5, 1]},
								"west": {"uv": [13, 23], "uv_size": [0.5, 1]},
								"up": {"uv": [14, 26], "uv_size": [0.5, 0.5]},
								"down": {"uv": [26, 14.5], "uv_size": [0.5, -0.5]}
							}
						},
						{
							"origin": [-0.59375, 6.37612, 1.96244],
							"size": [0.75, 0.2875, 1.3625],
							"uv": {
								"north": {"uv": [16, 26], "uv_size": [0.5, 0.5]},
								"east": {"uv": [23, 15], "uv_size": [1, 0.5]},
								"south": {"uv": [26, 16], "uv_size": [0.5, 0.5]},
								"west": {"uv": [16, 23], "uv_size": [1, 0.5]},
								"up": {"uv": [23, 16], "uv_size": [0.5, 1]},
								"down": {"uv": [17, 24], "uv_size": [0.5, -1]}
							}
						},
						{
							"origin": [-0.59375, 6.37612, 3.32494],
							"size": [0.75, 1.2875, 0.375],
							"uv": {
								"north": {"uv": [23, 13], "uv_size": [0.5, 1]},
								"east": {"uv": [14, 23], "uv_size": [0.5, 1]},
								"south": {"uv": [23, 14], "uv_size": [0.5, 1]},
								"west": {"uv": [15, 23], "uv_size": [0.5, 1]},
								"up": {"uv": [15, 26], "uv_size": [0.5, 0.5]},
								"down": {"uv": [26, 15.5], "uv_size": [0.5, -0.5]}
							}
						},
						{
							"origin": [-0.98125, 3.53862, 3.71244],
							"size": [1.525, 3.625, 1.125],
							"pivot": [-0.46875, 7.03862, 4.21244],
							"rotation": [37.5, 0, 0],
							"uv": {
								"north": {"uv": [16, 10], "uv_size": [1, 3]},
								"east": {"uv": [12, 16], "uv_size": [1, 3]},
								"south": {"uv": [13, 16], "uv_size": [1, 3]},
								"west": {"uv": [14, 16], "uv_size": [1, 3]},
								"up": {"uv": [20, 20], "uv_size": [1, 1]},
								"down": {"uv": [0, 22], "uv_size": [1, -1]}
							}
						},
						{
							"origin": [-0.9625, 3.67539, 4.25181],
							"size": [1.4875, 3.5, 1.125],
							"pivot": [-0.46875, 5.48789, 4.81431],
							"rotation": [20, 0, 0],
							"uv": {
								"north": {"uv": [15, 16], "uv_size": [1, 3]},
								"east": {"uv": [16, 15], "uv_size": [1, 3]},
								"south": {"uv": [17, 1], "uv_size": [1, 3]},
								"west": {"uv": [17, 4], "uv_size": [1, 3]},
								"up": {"uv": [1, 21], "uv_size": [1, 1]},
								"down": {"uv": [21, 2], "uv_size": [1, -1]}
							}
						},
						{
							"origin": [-0.96875, 7.66362, 1.58744],
							"size": [1.5, 0.625, 4.5],
							"uv": {
								"north": {"uv": [1, 23], "uv_size": [1, 0.5]},
								"east": {"uv": [9, 19], "uv_size": [3.5, 0.5]},
								"south": {"uv": [2, 23], "uv_size": [1, 0.5]},
								"west": {"uv": [19, 9], "uv_size": [3.5, 0.5]},
								"up": {"uv": [15, 9], "uv_size": [1, 3.5]},
								"down": {"uv": [11, 18.5], "uv_size": [1, -3.5]}
							}
						},
						{
							"origin": [-0.95625, 7.75112, 5.96244],
							"size": [1.475, 0.59375, 1.125],
							"pivot": [-0.46875, 7.97612, 6.21244],
							"rotation": [25, 0, 0],
							"uv": {
								"north": {"uv": [23, 2], "uv_size": [1, 0.5]},
								"east": {"uv": [3, 23], "uv_size": [1, 0.5]},
								"south": {"uv": [23, 3], "uv_size": [1, 0.5]},
								"west": {"uv": [4, 23], "uv_size": [1, 0.5]},
								"up": {"uv": [20, 16], "uv_size": [1, 1]},
								"down": {"uv": [17, 21], "uv_size": [1, -1]}
							}
						},
						{
							"origin": [-0.95625, 7.70112, -6.88131],
							"size": [1.475, 0.74375, 1.23125],
							"pivot": [-0.46875, 8.06987, -6.81881],
							"rotation": [-40, 0, 0],
							"uv": {
								"north": {"uv": [22, 6], "uv_size": [1, 0.5]},
								"east": {"uv": [22, 12], "uv_size": [1, 0.5]},
								"south": {"uv": [15, 22], "uv_size": [1, 0.5]},
								"west": {"uv": [16, 22], "uv_size": [1, 0.5]},
								"up": {"uv": [11, 20], "uv_size": [1, 1]},
								"down": {"uv": [12, 21], "uv_size": [1, -1]}
							}
						},
						{
							"origin": [-0.95625, 7.95112, -7.53131],
							"size": [1.475, 0.74375, 0.60625],
							"pivot": [-0.46875, 8.31987, -8.09381],
							"rotation": [-40, 0, 0],
							"uv": {
								"north": {"uv": [17, 22], "uv_size": [1, 0.5]},
								"east": {"uv": [23, 19], "uv_size": [0.5, 0.5]},
								"south": {"uv": [18, 22], "uv_size": [1, 0.5]},
								"west": {"uv": [20, 23], "uv_size": [0.5, 0.5]},
								"up": {"uv": [19, 22], "uv_size": [1, 0.5]},
								"down": {"uv": [20, 22.5], "uv_size": [1, -0.5]}
							}
						},
						{
							"origin": [-0.96875, 7.78862, -13.91256],
							"size": [1.5, 2.75, 10.125],
							"uv": {
								"north": {"uv": [18, 1], "uv_size": [1, 2]},
								"east": {"uv": [0, 4], "uv_size": [8, 2]},
								"south": {"uv": [3, 18], "uv_size": [1, 2]},
								"west": {"uv": [0, 6], "uv_size": [8, 2]},
								"up": {"uv": [1, 11], "uv_size": [1, 8]},
								"down": {"uv": [2, 19], "uv_size": [1, -8]}
							}
						},
						{
							"origin": [-0.9625, 10.37612, -0.53756],
							"size": [1.4875, 1.1625, 5.375],
							"pivot": [-0.46875, 11.03862, -0.03756],
							"rotation": [-1.5, 0, 0],
							"uv": {
								"north": {"uv": [9, 20], "uv_size": [1, 1]},
								"east": {"uv": [9, 3], "uv_size": [4.5, 1]},
								"south": {"uv": [10, 20], "uv_size": [1, 1]},
								"west": {"uv": [13, 0], "uv_size": [4.5, 1]},
								"up": {"uv": [4, 13], "uv_size": [1, 4.5]},
								"down": {"uv": [5, 17.5], "uv_size": [1, -4.5]}
							}
						},
						{
							"origin": [-0.94375, 9.67056, -4.1821],
							"size": [1.45, 1.725, 3.75],
							"uv": {
								"north": {"uv": [12, 27.5], "uv_size": [1, 1]},
								"east": {"uv": [12, 28.5], "uv_size": [4.5, 1]},
								"south": {"uv": [13, 27.5], "uv_size": [1, 1]},
								"west": {"uv": [12, 29.5], "uv_size": [4.5, 1]},
								"up": {"uv": [10, 27], "uv_size": [1, 4.5]},
								"down": {"uv": [11, 31.5], "uv_size": [1, -4.5]}
							}
						},
						{
							"origin": [-0.84375, 11.50112, -0.53756],
							"size": [1.25, 0.2875, 5.25],
							"pivot": [-0.46875, 12.16362, -0.03756],
							"rotation": [-1.5, 0, 0],
							"uv": {
								"north": {"uv": [21, 22], "uv_size": [1, 0.5]},
								"east": {"uv": [18, 5], "uv_size": [4, 0.5]},
								"south": {"uv": [22, 22], "uv_size": [1, 0.5]},
								"west": {"uv": [18, 6], "uv_size": [4, 0.5]},
								"up": {"uv": [6, 13], "uv_size": [1, 4]},
								"down": {"uv": [13, 13], "uv_size": [1, -4]}
							}
						},
						{
							"origin": [-0.96875, 7.28862, -13.28756],
							"size": [1.5, 0.5, 5.875],
							"uv": {
								"north": {"uv": [3, 22], "uv_size": [1, 0.5]},
								"east": {"uv": [17, 12], "uv_size": [4.5, 0.5]},
								"south": {"uv": [22, 3], "uv_size": [1, 0.5]},
								"west": {"uv": [18, 0], "uv_size": [4.5, 0.5]},
								"up": {"uv": [9, 11], "uv_size": [1, 4.5]},
								"down": {"uv": [3, 17.5], "uv_size": [1, -4.5]}
							}
						},
						{
							"origin": [-0.95, 10.02799, 4.68403],
							"size": [1.4625, 1.1625, 2.5],
							"pivot": [-0.46875, 10.60924, 5.55903],
							"rotation": [-14, 0, 0],
							"uv": {
								"north": {"uv": [20, 17], "uv_size": [1, 1]},
								"east": {"uv": [19, 1], "uv_size": [2, 1]},
								"south": {"uv": [20, 18], "uv_size": [1, 1]},
								"west": {"uv": [19, 2], "uv_size": [2, 1]},
								"up": {"uv": [2, 19], "uv_size": [1, 2]},
								"down": {"uv": [19, 5], "uv_size": [1, -2]}
							}
						},
						{
							"origin": [-0.96875, 8.28862, -3.78756],
							"size": [1.5, 2.25, 10.75],
							"uv": {
								"north": {"uv": [18, 17], "uv_size": [1, 2]},
								"east": {"uv": [0, 0], "uv_size": [8.5, 2]},
								"south": {"uv": [1, 19], "uv_size": [1, 2]},
								"west": {"uv": [0, 2], "uv_size": [8.5, 2]},
								"up": {"uv": [10, 7], "uv_size": [1, 8.5]},
								"down": {"uv": [0, 19.5], "uv_size": [1, -8.5]}
							}
						}
					]
				}
			]
		}
	]
}