{
	"format_version": "1.12.0",
	"minecraft:geometry": [
		{
			"description": {
				"identifier": "geometry.unknown",
				"texture_width": 32,
				"texture_height": 32,
				"visible_bounds_width": 3,
				"visible_bounds_height": 3,
				"visible_bounds_offset": [0, 0.5, 0]
			},
			"bones": [
				{
					"name": "gun",
					"pivot": [-0.0074, 10.14247, 1.09467]
				},
				{
					"name": "gun2",
					"parent": "gun",
					"pivot": [0, 7.175, -0.4],
					"cubes": [
						{
							"origin": [-0.73125, 13.025, -2.65],
							"size": [1.4625, 1.4625, 3.375],
							"uv": {
								"north": {"uv": [6, 23], "uv_size": [1, 1]},
								"east": {"uv": [19, 8], "uv_size": [2.5, 1]},
								"south": {"uv": [8, 23], "uv_size": [1, 1]},
								"west": {"uv": [19, 9], "uv_size": [2.5, 1]},
								"up": {"uv": [6, 19], "uv_size": [1, 2.5]},
								"down": {"uv": [7, 21.5], "uv_size": [1, -2.5]}
							}
						},
						{
							"origin": [-0.61875, 13.1375, 0.725],
							"size": [1.2375, 1.2375, 4.725],
							"uv": {
								"north": {"uv": [23, 8], "uv_size": [1, 1]},
								"east": {"uv": [17, 15], "uv_size": [3, 1]},
								"south": {"uv": [9, 23], "uv_size": [1, 1]},
								"west": {"uv": [5, 18], "uv_size": [3, 1]},
								"up": {"uv": [8, 18], "uv_size": [1, 3]},
								"down": {"uv": [9, 21], "uv_size": [1, -3]}
							}
						},
						{
							"origin": [-0.28125, 14.375, 3.0875],
							"size": [0.5625, 0.5625, 0.5625],
							"uv": {
								"north": {"uv": [17, 26], "uv_size": [0.5, 0.5]},
								"east": {"uv": [26, 17], "uv_size": [0.5, 0.5]},
								"south": {"uv": [18, 26], "uv_size": [0.5, 0.5]},
								"west": {"uv": [26, 18], "uv_size": [0.5, 0.5]},
								"up": {"uv": [19, 26], "uv_size": [0.5, 0.5]},
								"down": {"uv": [26, 19.5], "uv_size": [0.5, -0.5]}
							}
						},
						{
							"origin": [-0.45, 12.8, 3.2],
							"size": [0.9, 0.3375, 0.5625],
							"uv": {
								"north": {"uv": [20, 26], "uv_size": [0.5, 0.5]},
								"east": {"uv": [26, 20], "uv_size": [0.5, 0.5]},
								"south": {"uv": [21, 26], "uv_size": [0.5, 0.5]},
								"west": {"uv": [26, 21], "uv_size": [0.5, 0.5]},
								"up": {"uv": [22, 26], "uv_size": [0.5, 0.5]},
								"down": {"uv": [26, 22.5], "uv_size": [0.5, -0.5]}
							}
						},
						{
							"origin": [-0.45, 12.8, 0.95],
							"size": [0.9, 0.3375, 0.5625],
							"uv": {
								"north": {"uv": [23, 26], "uv_size": [0.5, 0.5]},
								"east": {"uv": [26, 23], "uv_size": [0.5, 0.5]},
								"south": {"uv": [24, 26], "uv_size": [0.5, 0.5]},
								"west": {"uv": [26, 24], "uv_size": [0.5, 0.5]},
								"up": {"uv": [25, 26], "uv_size": [0.5, 0.5]},
								"down": {"uv": [26, 25.5], "uv_size": [0.5, -0.5]}
							}
						},
						{
							"origin": [-0.45, 12.35, 0.8375],
							"size": [0.9, 0.45, 3.15],
							"uv": {
								"north": {"uv": [26, 26], "uv_size": [0.5, 0.5]},
								"east": {"uv": [23, 9], "uv_size": [2, 0.5]},
								"south": {"uv": [0, 27], "uv_size": [0.5, 0.5]},
								"west": {"uv": [14, 23], "uv_size": [2, 0.5]},
								"up": {"uv": [23, 16], "uv_size": [0.5, 2]},
								"down": {"uv": [17, 25], "uv_size": [0.5, -2]}
							}
						},
						{
							"origin": [-0.7875, 12.35, -3.775],
							"size": [1.575, 0.225, 8.775],
							"uv": {
								"north": {"uv": [15, 25], "uv_size": [1, 0.5]},
								"east": {"uv": [18, 7], "uv_size": [6, 0.5]},
								"south": {"uv": [25, 15], "uv_size": [1, 0.5]},
								"west": {"uv": [10, 18], "uv_size": [6, 0.5]},
								"up": {"uv": [12, 12], "uv_size": [1, 6]},
								"down": {"uv": [13, 18], "uv_size": [1, -6]}
							}
						},
						{
							"origin": [-1.0125, 12.35, -9.5125],
							"size": [2.025, 0.3375, 5.4],
							"uv": {
								"north": {"uv": [25, 2], "uv_size": [1.5, 0.5]},
								"east": {"uv": [21, 14], "uv_size": [3.5, 0.5]},
								"south": {"uv": [25, 3], "uv_size": [1.5, 0.5]},
								"west": {"uv": [22, 0], "uv_size": [3.5, 0.5]},
								"up": {"uv": [14, 0], "uv_size": [1.5, 3.5]},
								"down": {"uv": [4, 17.5], "uv_size": [1.5, -3.5]}
							}
						},
						{
							"origin": [-0.50625, 9.875, -14.9125],
							"size": [1.0125, 1.0125, 2.475],
							"uv": {
								"north": {"uv": [27, 0], "uv_size": [0.5, 0.5]},
								"east": {"uv": [7, 24], "uv_size": [1.5, 0.5]},
								"south": {"uv": [1, 27], "uv_size": [0.5, 0.5]},
								"west": {"uv": [24, 7], "uv_size": [1.5, 0.5]},
								"up": {"uv": [9, 24], "uv_size": [0.5, 1.5]},
								"down": {"uv": [10, 25.5], "uv_size": [0.5, -1.5]}
							}
						},
						{
							"origin": [-0.73125, 9.65, -17.3875],
							"size": [1.4625, 1.4625, 2.475],
							"uv": {
								"north": {"uv": [18, 23], "uv_size": [1, 1]},
								"east": {"uv": [22, 3], "uv_size": [1.5, 1]},
								"south": {"uv": [23, 19], "uv_size": [1, 1]},
								"west": {"uv": [5, 22], "uv_size": [1.5, 1]},
								"up": {"uv": [7, 22], "uv_size": [1, 1.5]},
								"down": {"uv": [22, 9.5], "uv_size": [1, -1.5]}
							}
						},
						{
							"origin": [-1.0125, 8.6375, -12.4375],
							"size": [2.025, 2.925, 18.21375],
							"uv": {
								"north": {"uv": [16, 18], "uv_size": [1.5, 2]},
								"east": {"uv": [0, 0], "uv_size": [12, 2]},
								"south": {"uv": [18, 18], "uv_size": [1.5, 2]},
								"west": {"uv": [0, 2], "uv_size": [12, 2]},
								"up": {"uv": [0, 4], "uv_size": [1.5, 12]},
								"down": {"uv": [2, 16], "uv_size": [1.5, -12]}
							}
						},
						{
							"origin": [-1.00687, 10.325, -2.11563],
							"size": [2.01375, 0.675, 0.675],
							"pivot": [0, 0.7625, 0.13438],
							"rotation": [-45, 0, 0],
							"uv": {
								"north": {"uv": [24, 8], "uv_size": [1.5, 0.5]},
								"east": {"uv": [27, 1], "uv_size": [0.5, 0.5]},
								"south": {"uv": [24, 10], "uv_size": [1.5, 0.5]},
								"west": {"uv": [2, 27], "uv_size": [0.5, 0.5]},
								"up": {"uv": [11, 24], "uv_size": [1.5, 0.5]},
								"down": {"uv": [24, 11.5], "uv_size": [1.5, -0.5]}
							}
						},
						{
							"origin": [-1.0125, 11.5625, -9.5125],
							"size": [2.025, 0.7875, 14.7375],
							"uv": {
								"north": {"uv": [24, 12], "uv_size": [1.5, 0.5]},
								"east": {"uv": [14, 12], "uv_size": [10, 0.5]},
								"south": {"uv": [13, 24], "uv_size": [1.5, 0.5]},
								"west": {"uv": [14, 13], "uv_size": [10, 0.5]},
								"up": {"uv": [4, 4], "uv_size": [1.5, 10]},
								"down": {"uv": [6, 14], "uv_size": [1.5, -10]}
							}
						},
						{
							"origin": [-1.00687, 11.48889, -10.50056],
							"size": [2.01375, 0.675, 1.4625],
							"pivot": [0, 11.88264, -9.76931],
							"rotation": [50, 0, 0],
							"uv": {
								"north": {"uv": [25, 4], "uv_size": [1.5, 0.5]},
								"east": {"uv": [2, 26], "uv_size": [1, 0.5]},
								"south": {"uv": [5, 25], "uv_size": [1.5, 0.5]},
								"west": {"uv": [4, 26], "uv_size": [1, 0.5]},
								"up": {"uv": [17, 22], "uv_size": [1.5, 1]},
								"down": {"uv": [22, 19], "uv_size": [1.5, -1]}
							}
						},
						{
							"origin": [-1.00687, 11.1704, 4.54945],
							"size": [2.01375, 1.17312, 0.66375],
							"pivot": [0, 12.36125, 5.20812],
							"rotation": [52.5, 0, 0],
							"uv": {
								"north": {"uv": [24, 13], "uv_size": [1.5, 0.5]},
								"east": {"uv": [27, 2], "uv_size": [0.5, 0.5]},
								"south": {"uv": [15, 24], "uv_size": [1.5, 0.5]},
								"west": {"uv": [3, 27], "uv_size": [0.5, 0.5]},
								"up": {"uv": [24, 16], "uv_size": [1.5, 0.5]},
								"down": {"uv": [24, 17.5], "uv_size": [1.5, -0.5]}
							}
						},
						{
							"origin": [-1.0125, 9.0875, 5.7875],
							"size": [2.025, 2.5875, 2.3625],
							"uv": {
								"north": {"uv": [14, 19], "uv_size": [1.5, 1.5]},
								"east": {"uv": [20, 2], "uv_size": [1.5, 1.5]},
								"south": {"uv": [16, 20], "uv_size": [1.5, 1.5]},
								"west": {"uv": [18, 20], "uv_size": [1.5, 1.5]},
								"up": {"uv": [20, 18], "uv_size": [1.5, 1.5]},
								"down": {"uv": [20, 21.5], "uv_size": [1.5, -1.5]}
							}
						},
						{
							"origin": [-0.7875, 7.85, 11.975],
							"size": [1.575, 3.6, 1.125],
							"uv": {
								"north": {"uv": [10, 19], "uv_size": [1, 2.5]},
								"east": {"uv": [2, 23], "uv_size": [1, 2.5]},
								"south": {"uv": [11, 19], "uv_size": [1, 2.5]},
								"west": {"uv": [3.5, 23], "uv_size": [1, 2.5]},
								"up": {"uv": [16, 25], "uv_size": [1, 0.5]},
								"down": {"uv": [17, 25.5], "uv_size": [1, -0.5]}
							}
						},
						{
							"origin": [-0.9, 9.875, 8.15],
							"size": [1.8, 2.1375, 3.825],
							"uv": {
								"north": {"uv": [10, 22], "uv_size": [1, 1.5]},
								"east": {"uv": [16, 8], "uv_size": [2.5, 1.5]},
								"south": {"uv": [11, 22], "uv_size": [1, 1.5]},
								"west": {"uv": [16, 10], "uv_size": [2.5, 1.5]},
								"up": {"uv": [12, 19], "uv_size": [1, 2.5]},
								"down": {"uv": [13, 21.5], "uv_size": [1, -2.5]}
							}
						},
						{
							"origin": [-0.78187, 11.17437, 11.9075],
							"size": [1.56375, 0.55125, 1.25437],
							"pivot": [0, 11.73125, 12.5375],
							"rotation": [-27, 0, 0],
							"uv": {
								"north": {"uv": [18, 25], "uv_size": [1, 0.5]},
								"east": {"uv": [19, 25], "uv_size": [1, 0.5]},
								"south": {"uv": [20, 25], "uv_size": [1, 0.5]},
								"west": {"uv": [21, 25], "uv_size": [1, 0.5]},
								"up": {"uv": [20, 23], "uv_size": [1, 1]},
								"down": {"uv": [23, 21], "uv_size": [1, -1]}
							}
						},
						{
							"origin": [-0.78187, 6.51125, 12.27875],
							"size": [1.56375, 1.4625, 1.125],
							"pivot": [0, 9.65, 12.5375],
							"rotation": [-10, 0, 0],
							"uv": {
								"north": {"uv": [21, 23], "uv_size": [1, 1]},
								"east": {"uv": [25, 22], "uv_size": [0.5, 1]},
								"south": {"uv": [22, 23], "uv_size": [1, 1]},
								"west": {"uv": [23, 25], "uv_size": [0.5, 1]},
								"up": {"uv": [25, 23], "uv_size": [1, 0.5]},
								"down": {"uv": [24, 25.5], "uv_size": [1, -0.5]}
							}
						},
						{
							"origin": [-0.7875, 6.3875, 10.9625],
							"size": [1.575, 1.0125, 1.9125],
							"uv": {
								"north": {"uv": [25, 24], "uv_size": [1, 0.5]},
								"east": {"uv": [18, 24], "uv_size": [1.5, 0.5]},
								"south": {"uv": [25, 25], "uv_size": [1, 0.5]},
								"west": {"uv": [24, 18], "uv_size": [1.5, 0.5]},
								"up": {"uv": [12, 22], "uv_size": [1, 1.5]},
								"down": {"uv": [13, 23.5], "uv_size": [1, -1.5]}
							}
						},
						{
							"origin": [-0.78187, 5.825, 7.025],
							"size": [1.56375, 1.2375, 4.6125],
							"pivot": [0, 6.89375, 11.91875],
							"rotation": [-47.5, 0, 0],
							"uv": {
								"north": {"uv": [23, 23], "uv_size": [1, 1]},
								"east": {"uv": [19, 0], "uv_size": [3, 1]},
								"south": {"uv": [0, 24], "uv_size": [1, 1]},
								"west": {"uv": [19, 1], "uv_size": [3, 1]},
								"up": {"uv": [19, 2], "uv_size": [1, 3]},
								"down": {"uv": [5, 22], "uv_size": [1, -3]}
							}
						},
						{
							"origin": [-1.125, 6.605, -4.675],
							"size": [1.6875, 2.025, 1.125],
							"uv": {
								"north": {"uv": [16, 22], "uv_size": [1, 1.5]},
								"east": {"uv": [22, 24], "uv_size": [0.5, 1.5]},
								"south": {"uv": [22, 16], "uv_size": [1, 1.5]},
								"west": {"uv": [24, 22], "uv_size": [0.5, 1.5]},
								"up": {"uv": [26, 0], "uv_size": [1, 0.5]},
								"down": {"uv": [1, 26.5], "uv_size": [1, -0.5]}
							}
						},
						{
							"origin": [-0.5625, 7.955, -11.5375],
							"size": [1.125, 0.3375, 6.525],
							"uv": {
								"north": {"uv": [27, 4], "uv_size": [0.5, 0.5]},
								"east": {"uv": [20, 4], "uv_size": [4.5, 0.5]},
								"south": {"uv": [5, 27], "uv_size": [0.5, 0.5]},
								"west": {"uv": [20, 15], "uv_size": [4.5, 0.5]},
								"up": {"uv": [3, 20], "uv_size": [0.5, 4.5]},
								"down": {"uv": [1, 25.5], "uv_size": [0.5, -4.5]}
							}
						},
						{
							"origin": [-1.125, 8.2925, -11.875],
							"size": [2.25, 0.3375, 7.2],
							"uv": {
								"north": {"uv": [23, 24], "uv_size": [1.5, 0.5]},
								"east": {"uv": [19, 10], "uv_size": [5, 0.5]},
								"south": {"uv": [25, 1], "uv_size": [1.5, 0.5]},
								"west": {"uv": [19, 11], "uv_size": [5, 0.5]},
								"up": {"uv": [8, 12], "uv_size": [1.5, 5]},
								"down": {"uv": [10, 17], "uv_size": [1.5, -5]}
							}
						},
						{
							"origin": [-1.0125, 8.6375, 6.4625],
							"size": [2.025, 0.45, 1.0125],
							"uv": {
								"north": {"uv": [24, 19], "uv_size": [1.5, 0.5]},
								"east": {"uv": [27, 3], "uv_size": [0.5, 0.5]},
								"south": {"uv": [20, 24], "uv_size": [1.5, 0.5]},
								"west": {"uv": [4, 27], "uv_size": [0.5, 0.5]},
								"up": {"uv": [24, 20], "uv_size": [1.5, 0.5]},
								"down": {"uv": [24, 21.5], "uv_size": [1.5, -0.5]}
							}
						},
						{
							"origin": [-0.28125, 11.675, -11.2],
							"size": [0.5625, 0.5625, 1.575],
							"uv": {
								"north": {"uv": [27, 5], "uv_size": [0.5, 0.5]},
								"east": {"uv": [5, 26], "uv_size": [1, 0.5]},
								"south": {"uv": [6, 27], "uv_size": [0.5, 0.5]},
								"west": {"uv": [6, 26], "uv_size": [1, 0.5]},
								"up": {"uv": [26, 7], "uv_size": [0.5, 1]},
								"down": {"uv": [26, 9], "uv_size": [0.5, -1]}
							}
						},
						{
							"origin": [-0.44437, 5.84962, 5.00095],
							"size": [0.88875, 2.475, 1.6875],
							"pivot": [0, 6.97462, 5.90095],
							"rotation": [30, 0, 0],
							"uv": {
								"north": {"uv": [0, 25], "uv_size": [0.5, 1.5]},
								"east": {"uv": [19, 22], "uv_size": [1, 1.5]},
								"south": {"uv": [3, 25], "uv_size": [0.5, 1.5]},
								"west": {"uv": [22, 19], "uv_size": [1, 1.5]},
								"up": {"uv": [9, 26], "uv_size": [0.5, 1]},
								"down": {"uv": [10, 27], "uv_size": [0.5, -1]}
							}
						},
						{
							"origin": [-0.45, 5.34943, 5.23349],
							"size": [0.9, 0.80438, 1.88438],
							"pivot": [0, 6.36193, 6.18974],
							"rotation": [15, 0, 0],
							"uv": {
								"north": {"uv": [27, 6], "uv_size": [0.5, 0.5]},
								"east": {"uv": [25, 5], "uv_size": [1.5, 0.5]},
								"south": {"uv": [7, 27], "uv_size": [0.5, 0.5]},
								"west": {"uv": [25, 6], "uv_size": [1.5, 0.5]},
								"up": {"uv": [7, 25], "uv_size": [0.5, 1.5]},
								"down": {"uv": [8, 26.5], "uv_size": [0.5, -1.5]}
							}
						},
						{
							"origin": [-0.45, 7.5125, 4.4375],
							"size": [0.9, 1.35, 1.4625],
							"uv": {
								"north": {"uv": [26, 10], "uv_size": [0.5, 1]},
								"east": {"uv": [24, 2], "uv_size": [1, 1]},
								"south": {"uv": [11, 26], "uv_size": [0.5, 1]},
								"west": {"uv": [24, 3], "uv_size": [1, 1]},
								"up": {"uv": [26, 11], "uv_size": [0.5, 1]},
								"down": {"uv": [12, 27], "uv_size": [0.5, -1]}
							}
						},
						{
							"origin": [-0.45, 7.625, 4.2125],
							"size": [0.9, 1.0125, 0.225],
							"uv": {
								"north": {"uv": [27, 7], "uv_size": [0.5, 0.5]},
								"east": {"uv": [8, 27], "uv_size": [0.5, 0.5]},
								"south": {"uv": [27, 8], "uv_size": [0.5, 0.5]},
								"west": {"uv": [9, 27], "uv_size": [0.5, 0.5]},
								"up": {"uv": [27, 9], "uv_size": [0.5, 0.5]},
								"down": {"uv": [10, 27.5], "uv_size": [0.5, -0.5]}
							}
						},
						{
							"origin": [-0.225, 7.7375, 3.5375],
							"size": [0.45, 1.0125, 0.7875],
							"pivot": [0, 8.24375, 3.875],
							"rotation": [-10, 0, 0],
							"uv": {
								"north": {"uv": [27, 12], "uv_size": [0.5, 0.5]},
								"east": {"uv": [13, 27], "uv_size": [0.5, 0.5]},
								"south": {"uv": [27, 13], "uv_size": [0.5, 0.5]},
								"west": {"uv": [14, 27], "uv_size": [0.5, 0.5]},
								"up": {"uv": [27, 14], "uv_size": [0.5, 0.5]},
								"down": {"uv": [15, 27.5], "uv_size": [0.5, -0.5]}
							}
						},
						{
							"origin": [-0.45, 7.625, 1.4],
							"size": [0.9, 1.0125, 1.4625],
							"uv": {
								"north": {"uv": [27, 11], "uv_size": [0.5, 0.5]},
								"east": {"uv": [15, 26], "uv_size": [1, 0.5]},
								"south": {"uv": [12, 27], "uv_size": [0.5, 0.5]},
								"west": {"uv": [26, 15], "uv_size": [1, 0.5]},
								"up": {"uv": [16, 26], "uv_size": [0.5, 1]},
								"down": {"uv": [26, 17], "uv_size": [0.5, -1]}
							}
						},
						{
							"origin": [-1.125, 9.5375, 0.725],
							"size": [2.25, 2.025, 5.0625],
							"uv": {
								"north": {"uv": [8, 21], "uv_size": [1.5, 1.5]},
								"east": {"uv": [14, 4], "uv_size": [3.5, 1.5]},
								"south": {"uv": [14, 21], "uv_size": [1.5, 1.5]},
								"west": {"uv": [14, 6], "uv_size": [3.5, 1.5]},
								"up": {"uv": [6, 14], "uv_size": [1.5, 3.5]},
								"down": {"uv": [14, 11.5], "uv_size": [1.5, -3.5]}
							}
						},
						{
							"origin": [-1.125, 10.775, -10.4125],
							"size": [2.25, 0.7875, 11.1375],
							"uv": {
								"north": {"uv": [25, 9], "uv_size": [1.5, 0.5]},
								"east": {"uv": [14, 16], "uv_size": [7.5, 0.5]},
								"south": {"uv": [11, 25], "uv_size": [1.5, 0.5]},
								"west": {"uv": [14, 17], "uv_size": [7.5, 0.5]},
								"up": {"uv": [8, 4], "uv_size": [1.5, 7.5]},
								"down": {"uv": [10, 11.5], "uv_size": [1.5, -7.5]}
							}
						},
						{
							"origin": [-1.125, 9.425, -5.6875],
							"size": [2.25, 1.35, 1.575],
							"uv": {
								"north": {"uv": [20, 22], "uv_size": [1.5, 1]},
								"east": {"uv": [5, 24], "uv_size": [1, 1]},
								"south": {"uv": [22, 21], "uv_size": [1.5, 1]},
								"west": {"uv": [6, 24], "uv_size": [1, 1]},
								"up": {"uv": [22, 22], "uv_size": [1.5, 1]},
								"down": {"uv": [23, 2], "uv_size": [1.5, -1]}
							}
						},
						{
							"origin": [-1.125, 8.63, -11.875],
							"size": [2.25, 0.795, 8.2125],
							"uv": {
								"north": {"uv": [13, 25], "uv_size": [1.5, 0.5]},
								"east": {"uv": [19, 5], "uv_size": [5.5, 0.5]},
								"south": {"uv": [25, 14], "uv_size": [1.5, 0.5]},
								"west": {"uv": [19, 6], "uv_size": [5.5, 0.5]},
								"up": {"uv": [12, 0], "uv_size": [1.5, 5.5]},
								"down": {"uv": [12, 11.5], "uv_size": [1.5, -5.5]}
							}
						},
						{
							"origin": [-0.45, 7.625, 2.8625],
							"size": [0.9, 0.225, 1.35],
							"uv": {
								"north": {"uv": [27, 10], "uv_size": [0.5, 0.5]},
								"east": {"uv": [26, 12], "uv_size": [1, 0.5]},
								"south": {"uv": [11, 27], "uv_size": [0.5, 0.5]},
								"west": {"uv": [13, 26], "uv_size": [1, 0.5]},
								"up": {"uv": [26, 13], "uv_size": [0.5, 1]},
								"down": {"uv": [14, 27], "uv_size": [0.5, -1]}
							}
						}
					]
				},
				{
					"name": "slide",
					"parent": "gun2",
					"pivot": [-1.755, 10.72, -8.35],
					"cubes": [
						{
							"origin": [-1.7, 10.9, -8.69],
							"size": [0.7, 1.4, 0.68],
							"pivot": [-1.35, 11.6, -8.35],
							"rotation": [0, 0, 50],
							"uv": {
								"north": {"uv": [1, 30.5], "uv_size": [0.5, 1.5]},
								"east": {"uv": [0, 30.5], "uv_size": [0.5, 1.5]},
								"south": {"uv": [0, 29], "uv_size": [0.5, 1.5]},
								"west": {"uv": [0.5, 29], "uv_size": [0.5, 1.5]},
								"up": {"uv": [1, 31], "uv_size": [-0.5, -0.5]},
								"down": {"uv": [1, 31.5], "uv_size": [-0.5, -0.5]}
							}
						},
						{
							"origin": [-2.105, 9.42, -8.7],
							"size": [0.7, 2, 0.7],
							"uv": {
								"north": {"uv": [2.5, 30], "uv_size": [0.5, 2]},
								"east": {"uv": [1.5, 30], "uv_size": [0.5, 2]},
								"south": {"uv": [3, 30], "uv_size": [0.5, 2]},
								"west": {"uv": [3.5, 30], "uv_size": [0.5, 2]},
								"up": {"uv": [2.5, 31], "uv_size": [-0.5, -0.5]},
								"down": {"uv": [2.5, 31.5], "uv_size": [-0.5, -0.5]}
							}
						}
					]
				},
				{
					"name": "mag",
					"parent": "gun2",
					"pivot": [0, 6.5, 0.1625],
					"cubes": [
						{
							"origin": [-0.7875, 3.4625, -3.775],
							"size": [1.575, 1.125, 5.0625],
							"pivot": [0, 5.7125, -1.3],
							"rotation": [-12.5, 0, 0],
							"uv": {
								"north": {"uv": [23, 2], "uv_size": [1, 1]},
								"east": {"uv": [8, 17], "uv_size": [3.5, 1]},
								"south": {"uv": [5, 23], "uv_size": [1, 1]},
								"west": {"uv": [17, 14], "uv_size": [3.5, 1]},
								"up": {"uv": [3, 16], "uv_size": [1, 3.5]},
								"down": {"uv": [0, 21.5], "uv_size": [1, -3.5]}
							}
						},
						{
							"origin": [-0.66375, 4.5875, -3.55],
							"size": [1.3275, 2.475, 4.725],
							"pivot": [0, 5.7125, -1.3],
							"rotation": [-12.5, 0, 0],
							"uv": {
								"north": {"uv": [0, 22], "uv_size": [1, 1.5]},
								"east": {"uv": [16, 0], "uv_size": [3, 1.5]},
								"south": {"uv": [22, 1], "uv_size": [1, 1.5]},
								"west": {"uv": [16, 2], "uv_size": [3, 1.5]},
								"up": {"uv": [4, 18], "uv_size": [1, 3]},
								"down": {"uv": [18, 7], "uv_size": [1, -3]}
							}
						},
						{
							"origin": [-0.675, 6.5, -3.2125],
							"size": [1.35, 2.25, 4.6125],
							"uv": {
								"north": {"uv": [2, 21], "uv_size": [1, 1.5]},
								"east": {"uv": [14, 14], "uv_size": [3, 1.5]},
								"south": {"uv": [4, 21], "uv_size": [1, 1.5]},
								"west": {"uv": [0, 16], "uv_size": [3, 1.5]},
								"up": {"uv": [1, 18], "uv_size": [1, 3]},
								"down": {"uv": [2, 21], "uv_size": [1, -3]}
							}
						}
					]
				},
				{
					"name": "scopepip",
					"parent": "gun",
					"pivot": [1, 10, -19],
					"cubes": [
						{
							"origin": [-0.55, 13.2075, 4.45],
							"size": [1.1, 1.1, 1],
							"uv": {
								"north": {"uv": [23, 8], "uv_size": [1, 1]},
								"east": {"uv": [17, 15], "uv_size": [3, 1]},
								"south": {"uv": [9, 23], "uv_size": [1, 1]},
								"west": {"uv": [5, 18], "uv_size": [3, 1]},
								"up": {"uv": [8, 18], "uv_size": [1, 3]},
								"down": {"uv": [9, 21], "uv_size": [1, -3]}
							}
						}
					]
				},
				{
					"name": "scope",
					"parent": "gun",
					"pivot": [1, 10, -19],
					"cubes": [
						{
							"origin": [-1, 12.8, 5],
							"size": [2, 2, 2],
							"inflate": -0.6,
							"uv": {
								"north": {"uv": [0, 0], "uv_size": [2, 2]},
								"east": {"uv": [0, 0], "uv_size": [2, 2]},
								"south": {"uv": [0, 0], "uv_size": [2, 2]},
								"west": {"uv": [0, 0], "uv_size": [2, 2]},
								"up": {"uv": [2, 2], "uv_size": [-2, -2]},
								"down": {"uv": [2, 2], "uv_size": [-2, -2]}
							}
						}
					]
				},
				{
					"name": "muzzleflash",
					"parent": "gun",
					"pivot": [0, 0, 0],
					"cubes": [
						{
							"origin": [-1, 9.5, -20],
							"size": [2, 2, 2],
							"inflate": -0.4,
							"uv": {
								"north": {"uv": [0, 0], "uv_size": [2, 2]},
								"east": {"uv": [0, 0], "uv_size": [2, 2]},
								"south": {"uv": [0, 0], "uv_size": [2, 2]},
								"west": {"uv": [0, 0], "uv_size": [2, 2]},
								"up": {"uv": [2, 2], "uv_size": [-2, -2]},
								"down": {"uv": [2, 2], "uv_size": [-2, -2]}
							}
						}
					]
				},
				{
					"name": "arms",
					"parent": "gun",
					"pivot": [-11.56246, -17.25089, 13.18695]
				},
				{
					"name": "rightarm",
					"parent": "arms",
					"pivot": [-1.99996, -13.99999, 1.99999],
					"cubes": [
						{
							"origin": [-3.99996, -19.99999, -0.00001],
							"size": [4, 12, 4],
							"uv": {
								"north": {"uv": [0, 0], "uv_size": [0, 12]},
								"east": {"uv": [0, 0], "uv_size": [0, 12]},
								"south": {"uv": [0, 0], "uv_size": [0, 12]},
								"west": {"uv": [0, 0], "uv_size": [0, 12]},
								"up": {"uv": [0, 0], "uv_size": [0, 0]},
								"down": {"uv": [0, 0], "uv_size": [0, 0]}
							}
						}
					]
				},
				{
					"name": "leftarm",
					"parent": "arms",
					"pivot": [-1.99996, -13.99999, 1.99999],
					"cubes": [
						{
							"origin": [-3.99996, -19.99999, -0.00001],
							"size": [4, 12, 4],
							"uv": {
								"north": {"uv": [0, 0], "uv_size": [0, 12]},
								"east": {"uv": [0, 0], "uv_size": [0, 12]},
								"south": {"uv": [0, 0], "uv_size": [0, 12]},
								"west": {"uv": [0, 0], "uv_size": [0, 12]},
								"up": {"uv": [0, 0], "uv_size": [0, 0]},
								"down": {"uv": [0, 0], "uv_size": [0, 0]}
							}
						}
					]
				}
			]
		}
	]
}