{
	"format_version": "1.12.0",
	"minecraft:geometry": [
		{
			"description": {
				"identifier": "geometry.unknown",
				"texture_width": 256,
				"texture_height": 256,
				"visible_bounds_width": 11,
				"visible_bounds_height": 6,
				"visible_bounds_offset": [0, 1, 0]
			},
			"bones": [
				{
					"name": "main",
					"pivot": [0, 20, 0]
				},
				{
					"name": "gun",
					"parent": "main",
					"pivot": [1, 11, -1],
					"cubes": [
						{"origin": [-2, 19, -22.1], "size": [1, 3, 25], "inflate": 0.001, "uv": [0, 55]},
						{"origin": [1, 19, -22.1], "size": [1, 3, 25], "inflate": 0.001, "uv": [0, 0]},
						{"origin": [-1.9, 17.9, -22], "size": [1, 1, 2], "inflate": 0.1, "pivot": [-2, 19, -20], "rotation": [0, 0, -31], "uv": [47, 19]},
						{"origin": [-1.275, 18.075, -22], "size": [2.55, 1, 2], "inflate": 0.102, "uv": [0, 20]},
						{"origin": [-1.275, 18.075, -10], "size": [2.55, 1, 13], "inflate": 0.102, "uv": [132, 82]},
						{"origin": [-1.275, 17.525, 1.875], "size": [2.55, 1, 5], "inflate": 0.102, "pivot": [-1.375, 18.625, 5.875], "rotation": [-11.25, 0, 0], "uv": [142, 65]},
						{"origin": [-2.1, 18.1, -20], "size": [1, 1, 10], "inflate": -0.1, "pivot": [-2, 19, -10.1], "rotation": [0, 0, -31], "uv": [27, 55]},
						{"origin": [-1.9, 17.9, -10], "size": [1, 1, 13], "inflate": 0.1, "pivot": [-2, 19, 3], "rotation": [0, 0, -31], "uv": [111, 0]},
						{"origin": [0.9, 17.9, -22], "size": [1, 1, 2], "inflate": 0.1, "pivot": [2, 19, -20], "rotation": [0, 0, 31], "uv": [44, 5]},
						{"origin": [1.1, 18.1, -20], "size": [1, 1, 10], "inflate": -0.1, "pivot": [2, 19, -10.1], "rotation": [0, 0, 31], "uv": [32, 43]},
						{"origin": [0.9, 17.9, -10], "size": [1, 1, 13], "inflate": 0.1, "pivot": [2, 19, 3], "rotation": [0, 0, 31], "uv": [76, 89]},
						{"origin": [0.9, 17.9, 2.9], "size": [1, 1, 4], "inflate": 0.1, "pivot": [2, 19, 3], "rotation": [-9.45952, 5.63978, 30.533], "uv": [0, 55]},
						{"origin": [-1.9, 17.9, 2.9], "size": [1, 1, 4], "inflate": 0.1, "pivot": [-2, 19, 3], "rotation": [-9.45952, -5.63978, -30.533], "uv": [44, 48]},
						{"origin": [-2, 19, 2], "size": [4, 2, 5], "inflate": 0.002, "pivot": [-0.75, 19, 2.9], "rotation": [-10.75, 0, 0], "uv": [56, 43]},
						{"origin": [-2, 18, 4.5], "size": [4, 2, 7], "inflate": 0.001, "pivot": [-0.75, 18, 5.4], "rotation": [-50.75, 0, 0], "uv": [31, 100]},
						{"origin": [-2, 13.8, 6.1], "size": [4, 2, 6], "inflate": 0.002, "pivot": [-0.75, 13.8, 9], "rotation": [-77.75, 0, 0], "uv": [111, 75]},
						{"origin": [-2, 14.125, 7.575], "size": [4, 5, 6], "inflate": 0.001, "pivot": [-0.75, 14.125, 10.475], "rotation": [-69, 0, 0], "uv": [111, 25]},
						{"origin": [-2, 13.275, 13.575], "size": [4, 7, 27], "inflate": 0.002, "pivot": [-0.75, 20.275, 13.575], "rotation": [-4, 0, 0], "uv": [138, 145]},
						{"origin": [-2, 13.275, 13.575], "size": [4, 7, 3], "pivot": [-0.75, 20.275, 13.575], "rotation": [-74.75, 0, 0], "uv": [23, 28]},
						{"origin": [-2, 6.075, 38.075], "size": [4, 7.2, 2.5], "inflate": 0.002, "pivot": [-0.75, 20.275, 13.575], "rotation": [-4, 0, 0], "uv": [12, 0]},
						{"origin": [-2, 14.425, 17.075], "size": [4, 5, 25], "inflate": 0.001, "pivot": [-0.75, 21.425, 15.075], "rotation": [-23.25, 0, 0], "uv": [83, 163]},
						{"origin": [-2, 19.425, 32.075], "size": [4, 3, 9], "inflate": -0.001, "pivot": [-0.75, 21.425, 15.075], "rotation": [-23.25, 0, 0], "uv": [27, 0]},
						{"origin": [-1, 20.275, 13.575], "size": [2, 1, 27], "pivot": [0.25, 21.275, 13.575], "rotation": [-4, 0, 0], "uv": [0, 164]},
						{"origin": [0, 19.85, 13.575], "size": [1, 1.425, 27], "inflate": -0.001, "pivot": [1, 21.275, 13.575], "rotation": [-2.85528, -2.80248, -44.43014], "uv": [31, 166]},
						{"origin": [-1, 19.85, 13.575], "size": [1, 1.425, 27], "inflate": -0.001, "pivot": [-1, 21.275, 13.575], "rotation": [-2.85528, 2.80248, 44.43014], "uv": [166, 0]},
						{"origin": [-1, 20.275, 9.575], "size": [2, 1, 4], "pivot": [0.25, 21.275, 13.575], "rotation": [16.25, 0, 0], "uv": [14, 49]},
						{"origin": [1, 20.275, 9.575], "size": [1.275, 1, 4], "pivot": [1, 21.275, 13.575], "rotation": [12.5419, -10.41661, 39.10222], "uv": [44, 43]},
						{"origin": [-2.275, 20.275, 9.575], "size": [1.275, 1, 4], "pivot": [-1, 21.275, 13.575], "rotation": [12.5419, 10.41661, -39.10222], "uv": [44, 0]},
						{"origin": [-2, 21.5, -11.2], "size": [3, 3, 5], "uv": [38, 66]},
						{"origin": [-2.25, 19.5, -1.95], "size": [1, 1, 1], "inflate": -0.2, "pivot": [-4, 19.5, -0.95], "rotation": [-22.5, 0, 0], "uv": [33, 14]},
						{"origin": [-2.25, 19.25, -12.45], "size": [1, 1, 1], "inflate": -0.2, "pivot": [-4, 19.25, -11.45], "rotation": [-22.5, 0, 0], "uv": [33, 12]},
						{"origin": [1.25, 19.25, -12.45], "size": [1, 1, 1], "inflate": -0.2, "pivot": [4, 19.25, -11.45], "rotation": [-22.5, 0, 0], "uv": [27, 14]},
						{"origin": [1.25, 19.5, -1.95], "size": [1, 1, 1], "inflate": -0.2, "pivot": [4, 19.5, -0.95], "rotation": [-22.5, 0, 0], "uv": [15, 28]},
						{"origin": [-1, 24.5, -22.1], "size": [2, 1, 16], "uv": [56, 89]},
						{"origin": [1, 24.5, -22.1], "size": [1.425, 1, 16], "inflate": -0.001, "pivot": [1, 25.5, -6.1], "rotation": [0, 0, 45], "uv": [20, 83]},
						{"origin": [1, 24.5, -6.1], "size": [1.35, 1, 5], "pivot": [1, 25.5, -6.1], "rotation": [-8.72835, 8.6288, 43.34024], "uv": [76, 39]},
						{"origin": [1, 23.425, -1.225], "size": [1.3, 1, 14], "pivot": [1, 24.425, -1.225], "rotation": [-15.98615, 12.96421, 37.9931], "uv": [23, 28]},
						{"origin": [-2.3, 23.425, -1.225], "size": [1.3, 1, 13], "pivot": [-1, 24.425, -1.225], "rotation": [-15.98615, -12.96421, -37.9931], "uv": [76, 33]},
						{"origin": [-2.35, 24.5, -6.1], "size": [1.35, 1, 5], "pivot": [-1, 25.5, -6.1], "rotation": [-8.72835, -8.6288, -43.34024], "uv": [42, 74]},
						{"origin": [-2.425, 24.5, -11.2], "size": [1.425, 1, 5.1], "inflate": -0.001, "pivot": [-1, 25.5, -6.1], "rotation": [0, 0, -45], "uv": [76, 33]},
						{"origin": [-2.425, 24.5, -22.1], "size": [1.425, 1, 2], "inflate": -0.001, "pivot": [-1, 25.5, -20.1], "rotation": [0, 0, -45], "uv": [34, 43]},
						{"origin": [-1.95, 24.5, -20.1], "size": [1, 1, 8.9], "inflate": -0.001, "pivot": [-1, 25.5, -11.1], "rotation": [0, 0, -45], "uv": [0, 83]},
						{"origin": [-1, 24.5, -6.1], "size": [2, 1, 5], "pivot": [-1, 25.5, -6.1], "rotation": [-12.5, 0, 0], "uv": [39, 34]},
						{"origin": [-0.5, 23.4, -1.175], "size": [1, 1, 3], "pivot": [-0.5, 24.5, -0.575], "rotation": [-19.5, 0, 0], "uv": [23, 43]},
						{"origin": [-1, 23.425, -1.225], "size": [2, 1, 14], "pivot": [-1, 24.425, -1.225], "rotation": [-20.5, 0, 0], "uv": [76, 18]},
						{"origin": [-2, 21.5, -6.2], "size": [4, 3, 5], "inflate": -0.001, "pivot": [-3.75, 24.5, -6.2], "rotation": [-11.5, 0, 0], "uv": [0, 39]},
						{"origin": [1.003, 22.5, -6.2], "size": [1, 2, 5], "inflate": -0.001, "pivot": [-3.725, 24.5, -6.2], "rotation": [-25.75, 0, 0], "uv": [39, 55]},
						{"origin": [-2, 21.5, -1.3], "size": [4, 2, 13], "inflate": -0.002, "pivot": [-3.75, 23.5, -1.3], "rotation": [-19.5, 0, 0], "uv": [74, 110]},
						{"origin": [-2, 21.5, -22.1], "size": [3, 3, 2], "uv": [14, 55]},
						{"origin": [1, 21.5, -22.1], "size": [1, 3, 16], "uv": [0, 110]},
						{"origin": [-0.5, 15.625, -3.5], "size": [1, 4, 1], "inflate": -0.1, "pivot": [0, 15.625, -2.5], "rotation": [-17.25, 0, 0], "uv": [21, 12]},
						{"origin": [-1.5, 14.65, -5.8], "size": [3, 1, 4.5], "inflate": -0.2, "uv": [0, 49]},
						{"origin": [-1.5, 16.725, -10.7], "size": [3, 3, 4], "inflate": -0.199, "pivot": [1.5, 16.925, -7.9], "rotation": [-42.25, 0, 0], "uv": [39, 12]},
						{"origin": [-1.5, 14.65, -8.4], "size": [3, 1, 3], "inflate": -0.201, "pivot": [1.5, 14.85, -5.6], "rotation": [-42.5, 0, 0], "uv": [23, 38]},
						{"origin": [-1.5, 14.65, -2.3], "size": [3, 2, 1], "inflate": -0.201, "pivot": [1.5, 14.85, -1.5], "rotation": [-49, 0, 0], "uv": [39, 19]},
						{"origin": [-1.5, 15.7, -1.1], "size": [3, 3, 1], "inflate": -0.201, "pivot": [1.5, 15.9, -0.3], "rotation": [-5.75, 0, 0], "uv": [27, 18]},
						{"origin": [-1.25, 18.65, -53.8], "size": [2, 2, 33], "inflate": 0.2, "pivot": [-1.25, 20.65, -53.8], "rotation": [0, 0, -20], "uv": [112, 110]},
						{"origin": [-1.25, 18.65, -72.8], "size": [2, 2, 19], "inflate": 0.1, "pivot": [-1.25, 20.65, -72.8], "rotation": [0, 0, -20], "uv": [0, 28]},
						{"origin": [-0.5, 20.65, -51.8], "size": [1, 2, 30], "uv": [149, 110]},
						{"origin": [-1, 20.65, -69], "size": [2, 2, 8.6], "uv": [111, 55]},
						{"origin": [-1.75, 20.65, -68.9], "size": [3.5, 2, 8.4], "uv": [0, 66]},
						{"origin": [-1.25, 18.65, -68.7], "size": [2, 2, 8], "inflate": 0.4, "pivot": [-1.25, 20.65, -68.7], "rotation": [0, 0, -20], "uv": [111, 65]},
						{"origin": [-1.25, 18.65, -73.85], "size": [2, 2, 1], "pivot": [-1.25, 20.65, -73.85], "rotation": [0, 0, -20], "uv": [28, 43]},
						{"origin": [0.425, 24.195, -75], "size": [1.2, 1, 53], "pivot": [0.075, 25.165, -66], "rotation": [0, 0, 37.75], "uv": [111, 1]},
						{"origin": [-0.6, 24.22, -75.25], "size": [1.2, 1, 54], "inflate": -0.25, "uv": [0, 55]},
						{"origin": [-0.95, 22.27, -75.025], "size": [1.925, 1, 54], "uv": [0, 0]},
						{"origin": [-1.625, 24.195, -75], "size": [1.2, 1, 53], "inflate": -0.001, "pivot": [-0.075, 25.165, -66], "rotation": [0, 0, -37.75], "uv": [56, 0]},
						{"origin": [0.5, 23.25, -75], "size": [1, 1, 53], "inflate": 0.001, "pivot": [1.5, 23.25, -66], "rotation": [0, 0, -11], "uv": [112, 56]},
						{"origin": [-1.5, 23.25, -75], "size": [1, 1, 53], "inflate": 0.001, "pivot": [-1.5, 23.25, -66], "rotation": [0, 0, 11], "uv": [57, 109]},
						{"origin": [-1.5, 23.25, -75], "size": [1.1, 1, 53], "pivot": [-1.5, 23.25, -66], "rotation": [0, 0, 61.5], "uv": [0, 110]},
						{"origin": [0.4, 23.25, -75], "size": [1.1, 1, 53], "pivot": [1.5, 23.25, -66], "rotation": [0, 0, -61.5], "uv": [56, 55]},
						{"origin": [-1.3, 25.3, -21.9], "size": [2, 1, 15], "inflate": -0.201, "uv": [18, 110]},
						{"origin": [-1.05, 25.55, -10.1], "size": [2, 1, 3], "inflate": -0.201, "uv": [14, 19]},
						{"origin": [-1.05, 24.3, -74.525], "size": [2, 1.55, 5.2], "inflate": -0.201, "uv": [39, 28]},
						{"origin": [-0.6, 24.95, -73.6], "size": [1.2, 2.35, 2.5], "inflate": -0.4, "uv": [13, 39]},
						{"origin": [-0.6, 25.375, -72.175], "size": [1.2, 2.25, 3], "inflate": -0.4, "pivot": [0.6, 26.625, -72.175], "rotation": [-35.75, 0, 0], "uv": [56, 32]},
						{"origin": [-0.6, 25.55, -72.275], "size": [1.2, 2.25, 3], "inflate": -0.4, "pivot": [0.6, 26.8, -72.275], "rotation": [-120.25, 0, 0], "uv": [46, 55]},
						{"origin": [-0.7, 25.3, -21.9], "size": [2, 1, 15], "inflate": -0.2, "uv": [55, 110]},
						{"origin": [-2.2, 20.35, -69.15], "size": [1, 2, 9], "inflate": -0.2, "uv": [88, 0]},
						{"origin": [-2.2, 20.95, -69.15], "size": [1, 2, 9], "inflate": -0.201, "uv": [27, 66]},
						{"origin": [1.2, 20.35, -69.15], "size": [1, 2, 9], "inflate": -0.2, "uv": [88, 55]},
						{"origin": [1.2, 20.95, -69.15], "size": [1, 2, 9], "inflate": -0.201, "uv": [111, 14]}
					]
				},
				{
					"name": "bone4",
					"parent": "gun",
					"pivot": [0.675, 26.65, -8.85],
					"cubes": [
						{"origin": [0.075, 26.5, -9.15], "size": [1, 1.3, 1.3], "inflate": -0.4, "pivot": [0.675, 26.9, -8.85], "rotation": [0, 0, -28], "uv": [6, 15]},
						{"origin": [0.075, 26, -9.15], "size": [1, 1.3, 1.3], "inflate": -0.399, "pivot": [0.675, 26.9, -8.85], "rotation": [0, 0, 28], "uv": [0, 15]},
						{"origin": [0.025, 25.95, -9.15], "size": [1, 1.3, 1.3], "inflate": -0.4, "uv": [14, 13]},
						{"origin": [-1.025, 25.95, -9.15], "size": [1, 1.3, 1.3], "inflate": -0.401, "uv": [6, 13]}
					]
				},
				{
					"name": "bone3",
					"parent": "gun",
					"pivot": [-0.675, 26.65, -8.85],
					"cubes": [
						{"origin": [-1.075, 26.5, -9.15], "size": [1, 1.3, 1.3], "inflate": -0.4, "pivot": [-0.675, 26.9, -8.85], "rotation": [0, 0, 28], "uv": [6, 20]},
						{"origin": [-1.075, 26, -9.15], "size": [1, 1.3, 1.3], "inflate": -0.399, "pivot": [-0.675, 26.9, -8.85], "rotation": [0, 0, -28], "uv": [14, 15]}
					]
				},
				{
					"name": "bone2",
					"parent": "gun",
					"pivot": [0.25, 27.575, -8.85],
					"rotation": [0, 0, -90],
					"cubes": [
						{"origin": [-0.35, 27.425, -9.15], "size": [1, 1.3, 1.3], "inflate": -0.402, "pivot": [0.25, 27.825, -8.85], "rotation": [0, 0, -28], "uv": [27, 12]},
						{"origin": [-0.35, 26.925, -9.15], "size": [1, 1.3, 1.3], "inflate": -0.401, "pivot": [0.25, 27.825, -8.85], "rotation": [0, 0, 28], "uv": [21, 19]}
					]
				},
				{
					"name": "bone5",
					"parent": "gun",
					"pivot": [-0.25, 26.225, -8.85],
					"rotation": [0, 0, 90],
					"cubes": [
						{"origin": [-0.85, 26.075, -9.15], "size": [1.1, 1.3, 1.3], "inflate": -0.401, "pivot": [-0.25, 26.475, -8.85], "rotation": [0, 0, -28], "uv": [0, 13]},
						{"origin": [-0.85, 25.575, -9.15], "size": [1.1, 1.3, 1.3], "inflate": -0.4, "pivot": [-0.25, 26.475, -8.85], "rotation": [0, 0, 28], "uv": [6, 7]}
					]
				},
				{
					"name": "pump",
					"parent": "gun",
					"pivot": [-2.25, 18.65, -52.8],
					"cubes": [
						{"origin": [-2.25, 16.65, -51.8], "size": [1, 2, 18], "pivot": [-2.25, 18.65, -51.8], "rotation": [0, 0, -49.75], "uv": [0, 83]},
						{"origin": [1.25, 18.65, -51.8], "size": [1, 3.25, 8], "inflate": 0.002, "uv": [56, 32]},
						{"origin": [1.25, 16.4, -50.8], "size": [1, 2.25, 1], "pivot": [2.25, 18.65, -50.8], "rotation": [0, 0, 31], "uv": [6, 0]},
						{"origin": [-2.25, 16.4, -50.8], "size": [1, 2.25, 1], "pivot": [-2.25, 18.65, -50.8], "rotation": [0, 0, -31], "uv": [0, 0]},
						{"origin": [-1.075, 16.725, -50.8], "size": [2.15, 1.25, 1], "inflate": 0.002, "uv": [0, 34]},
						{"origin": [1.25, 18.65, -44.05], "size": [1, 3.25, 10], "inflate": 0.002, "pivot": [1.25, 21.9, -44.05], "rotation": [3.75032, -0.74839, -0.04906], "uv": [27, 12]},
						{"origin": [-2.25, 18.65, -44.05], "size": [1, 3.25, 10], "inflate": 0.002, "pivot": [-1.25, 21.9, -44.05], "rotation": [3.75032, 0.74839, 0.04906], "uv": [0, 0]},
						{"origin": [-2.25, 18.65, -51.8], "size": [1, 3.25, 8], "inflate": 0.002, "uv": [0, 28]},
						{"origin": [-0.725, 17.35, -51.8], "size": [1.45, 2, 18], "inflate": 0.003, "uv": [56, 32]},
						{"origin": [1.25, 16.65, -51.8], "size": [1, 2, 18], "pivot": [2.25, 18.65, -51.8], "rotation": [0, 0, 49.75], "uv": [70, 69]},
						{"origin": [1.75, 16.65, -40.3], "size": [1, 2, 3], "pivot": [2.75, 18.65, -40.3], "rotation": [0, 0, 49.75], "uv": [0, 66]},
						{"origin": [1.75, 16.65, -37.3], "size": [1, 2, 3.5], "pivot": [2.75, 18.65, -37.3], "rotation": [-6.12244, -5.15918, 50.0261], "uv": [14, 60]},
						{"origin": [1.75, 16.65, -44.3], "size": [1, 2, 4], "pivot": [2.75, 18.65, -40.3], "rotation": [5.35373, 4.5163, 49.96126], "uv": [27, 12]},
						{"origin": [1.75, 18.65, -40.3], "size": [1, 3, 3], "pivot": [2.75, 18.65, -40.3], "rotation": [0, 0, -12.75], "uv": [56, 0]},
						{"origin": [1.75, 18.65, -37.3], "size": [1, 3, 3.5], "pivot": [2.75, 18.65, -37.3], "rotation": [1.77657, -7.80149, -12.87115], "uv": [27, 55]},
						{"origin": [1.75, 18.65, -44.3], "size": [1, 3, 4], "pivot": [2.75, 18.65, -40.3], "rotation": [-1.55223, 6.82656, -12.84259], "uv": [0, 13]},
						{"origin": [-2.75, 18.65, -37.3], "size": [1, 3, 3.5], "pivot": [-2.75, 18.65, -37.3], "rotation": [1.77657, 7.80149, 12.87115], "uv": [0, 28]},
						{"origin": [-2.75, 18.65, -40.3], "size": [1, 3, 3], "pivot": [-2.75, 18.65, -40.3], "rotation": [0, 0, 12.75], "uv": [10, 28]},
						{"origin": [-2.75, 18.65, -44.3], "size": [1, 3, 4], "pivot": [-2.75, 18.65, -40.3], "rotation": [-1.55223, -6.82656, 12.84259], "uv": [0, 0]},
						{"origin": [-2.75, 16.65, -44.3], "size": [1, 2, 4], "pivot": [-2.75, 18.65, -40.3], "rotation": [5.35373, -4.5163, -49.96126], "uv": [14, 13]},
						{"origin": [-2.75, 16.65, -40.3], "size": [1, 2, 3], "pivot": [-2.75, 18.65, -40.3], "rotation": [0, 0, -49.75], "uv": [56, 55]},
						{"origin": [-2.75, 16.65, -37.3], "size": [1, 2, 3.5], "pivot": [-2.75, 18.65, -37.3], "rotation": [-6.12244, 5.15918, -50.0261], "uv": [0, 60]}
					]
				},
				{
					"name": "action",
					"parent": "gun",
					"pivot": [1, 22, -15],
					"cubes": [
						{"origin": [-1.9, 22.35, -20], "size": [1, 2, 9], "pivot": [-1.9, 22.35, -19], "rotation": [0, 0, 16], "uv": [111, 36]}
					]
				},
				{
					"name": "chamber",
					"parent": "gun",
					"pivot": [0, 18.5, -10.2],
					"cubes": [
						{"origin": [-1, 18.35, -19.9], "size": [2, 1, 10], "pivot": [-1, 18.35, -9.9], "rotation": [-0.75, 0, 0], "uv": [0, 55]}
					]
				},
				{
					"name": "shell",
					"parent": "gun",
					"pivot": [0, 20.025, -20.35],
					"cubes": [
						{"origin": [-1.3, 15.225, -21.35], "size": [2, 6, 2], "inflate": -0.2, "pivot": [-1.3, 20.225, -21.35], "rotation": [-90, 0, -30], "uv": [27, 0]}
					]
				},
				{
					"name": "rightarm",
					"parent": "main",
					"pivot": [-10, 9.2, 23.05],
					"rotation": [-108.9483, -25.5098, -14.585],
					"cubes": [
						{"origin": [-14, -14.8, 19.05], "size": [8, 24, 8], "uv": [56, 55]}
					]
				},
				{
					"name": "leftarm",
					"parent": "main",
					"pivot": [9.9, 5.05, -25.175],
					"rotation": [-125.88878, 1.1568, -34.64816],
					"cubes": [
						{"origin": [5.9, -18.95, -29.175], "size": [8, 24, 8], "uv": [56, 0]}
					]
				},
				{
					"name": "scope",
					"parent": "main",
					"pivot": [0, 26.95, -4.55],
					"cubes": [
						{"origin": [-0.5, 26.45, -4.85], "size": [1, 1, 1], "inflate": -0.4, "uv": [10, 34]}
					]
				},
				{
					"name": "muzzleflash",
					"parent": "main",
					"pivot": [0, 23.65, -75.65],
					"cubes": [
						{"origin": [-0.5, 23.15, -75.95], "size": [1, 1, 1], "inflate": -0.4, "uv": [27, 69]}
					]
				}
			]
		}
	]
}