{
	"format_version": "1.12.0",
	"minecraft:geometry": [
		{
			"description": {
				"identifier": "geometry.unknown",
				"texture_width": 300,
				"texture_height": 300,
				"visible_bounds_width": 14,
				"visible_bounds_height": 4,
				"visible_bounds_offset": [0, 1, 0]
			},
			"bones": [
				{
					"name": "main",
					"pivot": [0, 20, 0]
				},
				{
					"name": "gun",
					"parent": "main",
					"pivot": [1, 11, -1],
					"cubes": [
						{"origin": [-2, 14, -1], "size": [4, 4, 5], "uv": [108, 95]},
						{"origin": [-2, 18, -31], "size": [4, 4, 35.75], "inflate": 0.002, "uv": [176, 205]},
						{"origin": [-2, 22.75, -24], "size": [1, 1.25, 11.75], "pivot": [-2, 22.75, -24], "rotation": [0, 0, 18.75], "uv": [128, 36]},
						{"origin": [-2, 21.25, -24], "size": [1, 1.5, 11.75], "uv": [127, 48]},
						{"origin": [-1, 21.75, -2], "size": [2, 1, 37.5], "inflate": -0.001, "uv": [206, 55]},
						{"origin": [0.9, 21.85, -1], "size": [1.25, 1, 36.6], "inflate": -0.1, "pivot": [1, 22.75, -1], "rotation": [0, 0, 21.25], "uv": [0, 37]},
						{"origin": [-2.15, 21.85, -1], "size": [1.25, 1, 36.6], "inflate": -0.1, "pivot": [-1, 22.75, -1], "rotation": [0, 0, -21.25], "uv": [0, 0]},
						{"origin": [-2, 15.75, -23.25], "size": [4, 4, 5.25], "pivot": [0.75, 15.75, -23.25], "rotation": [-4, 0, 0], "uv": [106, 105]},
						{"origin": [-2, 17, -17.5], "size": [4, 4, 5.25], "pivot": [0.75, 17, -17.5], "rotation": [-4, 0, 0], "uv": [56, 76]},
						{"origin": [-2, 15.4, -18], "size": [4, 3, 3.25], "inflate": -0.001, "pivot": [0.75, 15.4, -18], "rotation": [45.5, 0, 0], "uv": [92, 64]},
						{"origin": [-2, 14.975, -15.5], "size": [4, 3, 3.25], "inflate": -0.001, "pivot": [0.75, 14.975, -12.25], "rotation": [-51.25, 0, 0], "uv": [92, 20]},
						{"origin": [-2, 15.75, -12.25], "size": [4, 4, 3.25], "pivot": [0.75, 15.75, -23.25], "rotation": [-4, 0, 0], "uv": [38, 37]},
						{"origin": [-2, 17.35, -9.45], "size": [4, 2, 2.25], "inflate": -0.001, "pivot": [0.75, 17.35, -8.2], "rotation": [41, 0, 0], "uv": [0, 94]},
						{"origin": [-2, 17.35, -2.55], "size": [4, 2, 2.25], "inflate": -0.001, "pivot": [0.75, 17.35, -1.55], "rotation": [-41, 0, 0], "uv": [91, 77]},
						{"origin": [-2, 15.75, -23.25], "size": [4, 10, 2.25], "inflate": -0.001, "pivot": [0.75, 15.75, -23.25], "rotation": [75, 0, 0], "uv": [38, 0]},
						{"origin": [1, 21.5, -34], "size": [1, 2.25, 32], "inflate": 0.001, "uv": [77, 0]},
						{"origin": [-2, 21.5, -34], "size": [1, 2.25, 10], "inflate": 0.001, "uv": [53, 54]},
						{"origin": [-2, 21.75, -6], "size": [1, 2, 4], "uv": [65, 54]},
						{"origin": [-2, 21.75, -2], "size": [4, 2, 3.5], "inflate": -0.001, "pivot": [0.75, 23.75, -2], "rotation": [-35.25, 0, 0], "uv": [38, 68]},
						{"origin": [-2, 18.25, -59.75], "size": [4, 5, 1.75], "uv": [77, 34]},
						{"origin": [-1.75, 21.4, -58], "size": [3.5, 2, 24.75], "uv": [154, 27]},
						{"origin": [-2, 18.25, -58], "size": [4, 3.25, 27.75], "uv": [77, 34]},
						{"origin": [-2, 23.25, -57.75], "size": [1, 1.25, 33.75], "uv": [0, 76]},
						{"origin": [-2, 22.05, -24], "size": [1, 2, 2.75], "inflate": -0.001, "pivot": [-1.25, 24.05, -24], "rotation": [-50.75, 0, 0], "uv": [69, 37]},
						{"origin": [-2, 22.25, -15.25], "size": [1, 2, 2.75], "inflate": -0.001, "pivot": [-1.25, 24.25, -12.5], "rotation": [56.75, 0, 0], "uv": [44, 54]},
						{"origin": [-2, 23.25, -59.75], "size": [4, 2.35, 1.25], "inflate": -0.001, "pivot": [-0.75, 23.25, -59.75], "rotation": [-57.75, 0, 0], "uv": [25, 32]},
						{"origin": [1, 23.25, -57.75], "size": [1, 1.25, 48.75], "uv": [126, 205]},
						{"origin": [1, 23.5, -9], "size": [1, 1, 1.75], "inflate": -0.001, "pivot": [-0.75, 24.5, -9], "rotation": [-40.75, 0, 0], "uv": [48, 46]},
						{"origin": [-2.375, 19.75, -55.35], "size": [4.75, 2, 2], "inflate": -0.2, "pivot": [2.375, 19.75, -55.35], "rotation": [-26.5, 0, 0], "uv": [0, 90]},
						{"origin": [-2.375, 19.75, -39.35], "size": [4.75, 2, 2], "inflate": -0.2, "pivot": [2.375, 19.75, -39.35], "rotation": [-26.5, 0, 0], "uv": [89, 28]},
						{"origin": [-2.375, 18.225, -26.65], "size": [4.75, 2, 2], "inflate": -0.2, "pivot": [2.375, 18.225, -26.65], "rotation": [-26.5, 0, 0], "uv": [35, 88]},
						{"origin": [-2.375, 18.8, -11.475], "size": [4.75, 2, 2], "inflate": -0.2, "pivot": [2.375, 18.8, -11.475], "rotation": [-26.5, 0, 0], "uv": [0, 82]},
						{"origin": [-2.375, 19.775, 4.6], "size": [4.75, 2, 2], "inflate": -0.2, "pivot": [2.375, 19.775, 4.6], "rotation": [-26.5, 0, 0], "uv": [77, 28]},
						{"origin": [-2.375, 19.775, 10.6], "size": [4.75, 2, 2], "inflate": -0.2, "pivot": [2.375, 19.775, 10.6], "rotation": [-26.5, 0, 0], "uv": [77, 18]},
						{"origin": [-2.375, 19.775, 29.6], "size": [4.75, 2, 2], "inflate": -0.2, "pivot": [2.375, 19.775, 29.6], "rotation": [-26.5, 0, 0], "uv": [24, 69]},
						{"origin": [-3.125, 19.775, 23.6], "size": [4.75, 2, 2], "inflate": -0.1, "pivot": [1.625, 19.775, 23.6], "rotation": [-26.5, 0, 0], "uv": [12, 69]},
						{"origin": [-3.125, 19.775, 17.85], "size": [4.75, 2, 2], "inflate": -0.1, "pivot": [1.625, 19.775, 17.85], "rotation": [-26.5, 0, 0], "uv": [0, 69]},
						{"origin": [-2.375, 13.775, 18.6], "size": [4.75, 2, 2], "inflate": -0.2, "pivot": [2.375, 13.775, 18.6], "rotation": [-26.5, 0, 0], "uv": [77, 14]},
						{"origin": [-2.375, 13.775, 31.6], "size": [4.75, 2, 2], "inflate": -0.2, "pivot": [2.375, 13.775, 31.6], "rotation": [-26.5, 0, 0], "uv": [77, 6]},
						{"origin": [-2.375, 8.1, 2.425], "size": [4.75, 2, 2], "inflate": -0.2, "pivot": [2.375, 8.1, 2.425], "rotation": [-26.5, 0, 0], "uv": [77, 22]},
						{"origin": [-2, 21.25, -12.5], "size": [1, 3.25, 3.75], "uv": [0, 0]},
						{"origin": [-2, 18.5, -0.25], "size": [4, 3.85, 35.75], "uv": [91, 208]},
						{"origin": [-2.05, 18.5, 7.25], "size": [4.1, 3.85, 3.25], "inflate": 0.1, "uv": [92, 6]},
						{"origin": [1.925, 18.5, 8.95], "size": [1.25, 3.9, 1.5], "pivot": [3.175, 21.4, 8.95], "rotation": [0, -19.5, 0], "uv": [32, 7]},
						{"origin": [-1.8, 21.75, 7.25], "size": [3.6, 1, 3.25], "inflate": 0.099, "uv": [38, 62]},
						{"origin": [-2.25, 8, 35.5], "size": [4.5, 14.35, 6.75], "uv": [77, 77]},
						{"origin": [-1.75, 21.75, 35.5], "size": [3.5, 1.35, 6.75], "inflate": -0.001, "uv": [77, 97]},
						{"origin": [-2, 24.5, 17], "size": [2, 1.25, 17.75], "inflate": -0.001, "pivot": [0, 25.75, 17], "rotation": [0, 0, -18.5], "uv": [108, 77]},
						{"origin": [0, 24.5, 17], "size": [2, 1.25, 17.75], "pivot": [0, 25.75, 17], "rotation": [0, 0, 18.5], "uv": [35, 76]},
						{"origin": [-0.5, 22.5, 18.75], "size": [1, 2.25, 1], "uv": [32, 46]},
						{"origin": [-0.5, 22.5, 24.25], "size": [1, 2.25, 1], "uv": [38, 44]},
						{"origin": [-2, 12.5, 12.25], "size": [4, 6, 23.25], "uv": [64, 153]},
						{"origin": [-1.5, 10.75, 25.75], "size": [3, 2, 9.75], "uv": [77, 64]},
						{"origin": [-1.5, 8.25, 30.75], "size": [3, 2.5, 4.75], "uv": [89, 97]},
						{"origin": [-1.75, 7.725, 13.75], "size": [3.5, 5.6, 10.25], "inflate": -0.001, "pivot": [0.5, 7.725, 13.75], "rotation": [31.25, 0, 0], "uv": [77, 34]},
						{"origin": [-1, 9.725, 12.75], "size": [2, 1.6, 1.25], "pivot": [-0.25, 7.725, 13.75], "rotation": [31.25, 0, 0], "uv": [0, 6]},
						{"origin": [-2, 6, -0.25], "size": [4, 9, 4.5], "inflate": 0.001, "pivot": [1, 14, -0.25], "rotation": [12.25, 0, 0], "uv": [57, 37]},
						{"origin": [-2, 15.8, 1.625], "size": [4, 2, 4.5], "inflate": -0.001, "pivot": [1, 17.8, 1.625], "rotation": [38.25, 0, 0], "uv": [35, 82]},
						{"origin": [-2, 15.8, 9.875], "size": [4, 2, 4.5], "inflate": -0.001, "pivot": [1, 17.8, 14.375], "rotation": [-38.25, 0, 0], "uv": [35, 76]},
						{"origin": [-2, 6, 0.75], "size": [4, 6, 5.5], "uv": [56, 21]},
						{"origin": [-2, 6, 6.25], "size": [4, 5, 5.5], "inflate": 0.001, "pivot": [1, 6, 6.25], "rotation": [13.5, 0, 0], "uv": [15, 76]},
						{"origin": [-2, 12.025, 2.025], "size": [4, 3, 5.5], "inflate": -0.001, "pivot": [1, 12.025, 2.025], "rotation": [-37.25, 0, 0], "uv": [56, 85]},
						{"origin": [-2, 8.15, 11.5], "size": [4, 4.8, 1.5], "pivot": [1, 7.95, 13], "rotation": [32, 0, 0], "uv": [50, 94]},
						{"origin": [-1, 14.05, -5.55], "size": [2, 5, 1], "inflate": -0.1, "pivot": [1, 14.05, -4.55], "rotation": [-21, 0, 0], "uv": [68, 12]},
						{"origin": [-1.75, 12.7, -7.8], "size": [3.5, 1, 5.3], "inflate": -0.2, "uv": [92, 0]},
						{"origin": [-1.75, 12.7, -2.9], "size": [3.5, 1, 3.4], "inflate": -0.199, "pivot": [1.25, 12.9, -2.7], "rotation": [32, 0, 0], "uv": [0, 98]},
						{"origin": [-1.75, 12.7, -10.8], "size": [3.5, 1, 3.4], "inflate": -0.199, "pivot": [1.25, 12.9, -7.6], "rotation": [-47.25, 0, 0], "uv": [35, 94]},
						{"origin": [-1.35, 11.875, -13.175], "size": [2.75, 1, 3.4], "inflate": -0.199, "pivot": [0.9, 12.075, -9.975], "rotation": [-83.25, 0, 0], "uv": [52, 69]},
						{"origin": [0.75, 22.8, -32.175], "size": [1, 3.25, 27.75], "uv": [77, 105]},
						{"origin": [-1.75, 21.95, -4.925], "size": [3.5, 2, 4], "inflate": -0.001, "uv": [92, 14]},
						{"origin": [0.3, 21.95, -1.925], "size": [1.2, 2, 1.2], "inflate": -0.002, "uv": [32, 43]},
						{"origin": [-1.5, 21.95, -1.925], "size": [1.2, 2, 1.2], "inflate": -0.002, "uv": [32, 18]},
						{"origin": [-0.6, 21.6, -1.925], "size": [1.2, 2, 1.2], "inflate": -0.003, "uv": [32, 15]},
						{"origin": [1.35, 24.8, -7.825], "size": [1, 1, 2.75], "inflate": -0.2, "pivot": [2.35, 25.8, -7.275], "rotation": [0, -8.25, 0], "uv": [49, 68]},
						{"origin": [-0.625, 27.2, -32.075], "size": [1.25, 1, 27.4], "inflate": -0.002, "uv": [206, 93]},
						{"origin": [0.15, 28, -32.275], "size": [1, 1, 27.9], "inflate": -0.2, "uv": [0, 180]},
						{"origin": [-1.15, 28, -32.275], "size": [2, 1, 27.9], "inflate": -0.201, "uv": [77, 77]},
						{"origin": [0.75, 26.05, -32.175], "size": [1, 1.525, 27.75], "inflate": -0.001, "pivot": [1.75, 26.05, -32.175], "rotation": [0, 0, -39.5], "uv": [0, 152]},
						{"origin": [-1.75, 26.05, -32.175], "size": [1, 1.525, 8.25], "inflate": -0.001, "pivot": [-1.75, 26.05, -32.175], "rotation": [0, 0, 39.5], "uv": [15, 90]},
						{"origin": [-2.05, 26.6, -24.275], "size": [1, 1.275, 11.9], "inflate": -0.3, "pivot": [-1.75, 26.05, -32.175], "rotation": [0, 0, 39.5], "uv": [125, 14]},
						{"origin": [-1.75, 21.8, -32.175], "size": [1, 4.25, 8.25], "uv": [56, 0]},
						{"origin": [-1.75, 26.05, -12.675], "size": [1, 1.525, 4], "inflate": -0.001, "pivot": [-1.75, 26.05, -12.675], "rotation": [0, 0, 39.5], "uv": [93, 54]},
						{"origin": [-2.05, 26.85, -9.075], "size": [1, 1.025, 4.95], "inflate": -0.301, "pivot": [-1.75, 26.05, -12.675], "rotation": [0, 0, 39.5], "uv": [93, 49]},
						{"origin": [-1.75, 21.8, -12.675], "size": [1, 4.25, 4], "uv": [38, 54]},
						{"origin": [-1.75, 21.8, -6.175], "size": [1, 3.5, 1.75], "uv": [32, 11]},
						{"origin": [-1, 20.8, -8.925], "size": [1, 3.5, 2.75], "uv": [77, 64]},
						{"origin": [-1.75, 21.3, -8.675], "size": [1, 1.25, 2.5], "uv": [56, 5]},
						{"origin": [-1.75, 22.8, -23.925], "size": [1, 1.25, 11.25], "uv": [128, 60]},
						{"origin": [-0.775, 26.225, -32.175], "size": [1.55, 1, 27.75], "uv": [0, 110]},
						{"origin": [-1.2, 23.4, -118.55], "size": [3, 3, 3], "inflate": -0.4, "pivot": [-0.2, 24.4, -118.55], "rotation": [0, 0, -20], "uv": [63, 66]},
						{"origin": [-1.2, 23.4, -116.55], "size": [3, 3, 10], "pivot": [-0.2, 24.4, -116.55], "rotation": [0, 0, -20], "uv": [77, 105]},
						{"origin": [-0.95, 19, -63.55], "size": [2, 2, 10], "pivot": [-0.95, 20, -63.55], "rotation": [0, 0, -20], "uv": [0, 123]},
						{"origin": [-0.95, 16.5, -63.55], "size": [2, 3.75, 3], "inflate": -0.001, "uv": [53, 54]},
						{"origin": [-1.2, 15, -63.55], "size": [2.5, 2.5, 3], "inflate": 0.1, "uv": [93, 34]},
						{"origin": [-1.2, 23.4, -111.3], "size": [3, 3, 4], "inflate": 0.2, "pivot": [-0.2, 24.4, -117.3], "rotation": [0, 0, -20], "uv": [38, 44]},
						{"origin": [-0.6, 26.07, -44.25], "size": [1.2, 1, 13.75], "inflate": -0.25, "uv": [77, 0]},
						{"origin": [-1.225, 26.1, -44], "size": [1, 1.125, 13], "inflate": 0.001, "pivot": [-1.225, 26.1, -44], "rotation": [0, 0, 50.75], "uv": [38, 54]},
						{"origin": [0.225, 26.1, -44], "size": [1, 1.125, 13], "inflate": 0.001, "pivot": [1.225, 26.1, -44], "rotation": [0, 0, -50.75], "uv": [0, 76]},
						{"origin": [-0.6, 25.62, -107.25], "size": [1.2, 1, 13.75], "inflate": -0.25, "uv": [35, 94]},
						{"origin": [-0.6, 25.62, -94.5], "size": [1.2, 1, 50.75], "inflate": -0.25, "pivot": [-0.95, 26.59, -94.5], "rotation": [0.5, 0, 0], "uv": [154, 77]},
						{"origin": [-1.625, 25.745, -94.25], "size": [1.125, 1, 50.25], "inflate": -0.001, "pivot": [-0.075, 26.715, -85.25], "rotation": [0.3, 0.4, -40], "uv": [120, 153]},
						{"origin": [0.5, 25.745, -94.25], "size": [1.125, 1, 50.25], "inflate": -0.001, "pivot": [0.075, 26.715, -85.25], "rotation": [0.3, -0.4, 40], "uv": [172, 154]},
						{"origin": [-0.95, 23.67, -107.025], "size": [1.925, 1, 62], "uv": [0, 152]},
						{"origin": [-1.5, 24.65, -107], "size": [1.1, 1, 75], "pivot": [-1.5, 24.65, -98], "rotation": [0, 0, 61.5], "uv": [0, 0]},
						{"origin": [-1.5, 24.65, -107], "size": [1, 1, 75], "inflate": 0.001, "pivot": [-1.5, 24.65, -98], "rotation": [0, 0, 11], "uv": [0, 76]},
						{"origin": [0.4, 24.65, -107], "size": [1.1, 1, 75], "pivot": [1.5, 24.65, -98], "rotation": [0, 0, -61.5], "uv": [77, 1]},
						{"origin": [-1.5, 24.65, -98], "size": [1, 1, 54], "pivot": [-1.5, 24.65, -98], "rotation": [0.5, 0, 11], "uv": [64, 153]},
						{"origin": [0.5, 24.65, -98], "size": [1, 1, 54], "pivot": [1.5, 24.65, -98], "rotation": [0.5, 0, -11], "uv": [154, 0]},
						{"origin": [-1.5, 25.125, -44], "size": [1, 1, 12], "pivot": [-1.5, 24.65, -98], "rotation": [0, 0, 11], "uv": [0, 110]},
						{"origin": [0.5, 25.125, -44], "size": [1, 1, 12], "pivot": [1.5, 24.65, -98], "rotation": [0, 0, -11], "uv": [111, 14]},
						{"origin": [-1.3, 25.65, -107], "size": [1, 1.2, 13], "inflate": 0.001, "pivot": [-1.3, 25.65, -107], "rotation": [0, 0, 53], "uv": [77, 14]},
						{"origin": [0.3, 25.65, -107], "size": [1, 1.2, 13], "inflate": 0.001, "pivot": [1.3, 25.65, -107], "rotation": [0, 0, -53], "uv": [0, 90]},
						{"origin": [0.5, 24.65, -107], "size": [1, 1, 75], "inflate": 0.001, "pivot": [1.5, 24.65, -98], "rotation": [0, 0, -11], "uv": [77, 77]},
						{"origin": [-2.25, 31.25, -9.8], "size": [4.75, 1, 3], "inflate": -0.149, "uv": [0, 32]},
						{"origin": [-2.25, 31.25, -23.8], "size": [4.75, 1, 3], "inflate": -0.149, "uv": [14, 32]},
						{"origin": [-3.75, 32.45, -17.425], "size": [3, 8, 3], "inflate": -0.25, "pivot": [-3.95, 32.45, -16.95], "rotation": [0, -22.5, 90], "uv": [38, 21]},
						{"origin": [-1.05, 32.45, -17.425], "size": [3, 4, 3], "inflate": -0.25, "pivot": [-1.25, 32.45, -16.95], "rotation": [0, -22.5, 0], "uv": [24, 0]},
						{"origin": [-2.9, 30.6, -18.475], "size": [4, 4, 6], "inflate": -0.3, "pivot": [-2.1, 30.6, -18], "rotation": [0, 0, 32], "uv": [101, 64]},
						{"origin": [-2.1, 31.2, -9.8], "size": [3, 3, 3], "inflate": -0.15, "pivot": [-2.1, 31.2, -9.7], "rotation": [0, 0, 32], "uv": [0, 76]},
						{"origin": [-2.1, 31.2, -23.8], "size": [3, 3, 3], "inflate": -0.15, "pivot": [-2.1, 31.2, -23.7], "rotation": [0, 0, 32], "uv": [77, 0]},
						{"origin": [-2.1, 31.05, -36.6], "size": [2, 3, 10.675], "inflate": -0.3, "pivot": [-1.8, 31.25, -26.7], "rotation": [0, 7.5, 32], "uv": [50, 94]},
						{"origin": [-0.95, 31.05, -36.6], "size": [2, 3, 10.675], "inflate": -0.3, "pivot": [-1.8, 31.25, -26.7], "rotation": [0, -7.5, 32], "uv": [77, 118]},
						{"origin": [-2, 32.1, -36.6], "size": [3, 2, 10.675], "inflate": -0.3, "pivot": [-1.8, 31.25, -26.7], "rotation": [-7.5, 0, 32], "uv": [77, 49]},
						{"origin": [-2, 30.95, -36.275], "size": [3, 2, 10.675], "inflate": -0.3, "pivot": [-1.8, 31.25, -26.7], "rotation": [7.5, 0, 32], "uv": [112, 47]},
						{"origin": [-3.4, 30.1, -44.9], "size": [5, 5, 9], "pivot": [-2.1, 30.6, -44.9], "rotation": [0, 0, 32], "uv": [111, 0]},
						{"origin": [-4.85, 30.7, -44.45], "size": [5, 5, 1.25], "inflate": -0.3, "pivot": [-3.05, 31.2, -36.5], "rotation": [29.30873, 8.50002, 109.11128], "uv": [24, 37]},
						{"origin": [-2.475, 32.7, 0.575], "size": [3.75, 3.75, 1.25], "inflate": -0.3, "pivot": [-1.925, 31.95, -6.125], "rotation": [-29.30873, -8.50002, 107.36128], "uv": [66, 0]},
						{"origin": [-2.9, 30.6, -6.275], "size": [4, 4, 9], "inflate": -0.3, "pivot": [-2.1, 30.6, -5.8], "rotation": [0, 0, 32], "uv": [112, 34]},
						{"origin": [-1, 28.8, -9.65], "size": [2, 3, 2.75], "inflate": -0.2, "uv": [0, 37]},
						{"origin": [-1.4, 27.75, -9.65], "size": [2.8, 2, 2.75], "inflate": -0.198, "uv": [66, 4]},
						{"origin": [-0.125, 28.75, -9.65], "size": [1.525, 1, 2.75], "inflate": -0.199, "pivot": [1.2, 29.55, -9.45], "rotation": [0, 0, 52.75], "uv": [69, 23]},
						{"origin": [-1.4, 28.75, -9.65], "size": [1.525, 1, 2.75], "inflate": -0.199, "pivot": [-1.2, 29.55, -9.45], "rotation": [0, 0, -52.75], "uv": [77, 10]},
						{"origin": [-1.4, 28.75, -23.65], "size": [1.525, 1, 2.75], "inflate": -0.199, "pivot": [-1.2, 29.55, -23.45], "rotation": [0, 0, -52.75], "uv": [77, 69]},
						{"origin": [-0.125, 28.75, -23.65], "size": [1.525, 1, 2.75], "inflate": -0.199, "pivot": [1.2, 29.55, -23.45], "rotation": [0, 0, 52.75], "uv": [77, 77]},
						{"origin": [-1.4, 27.75, -23.65], "size": [2.8, 2, 2.75], "inflate": -0.198, "uv": [77, 40]},
						{"origin": [-2.1, 31.2, -26.9], "size": [3, 3, 24], "inflate": -0.3, "pivot": [-2.1, 31.2, -26.8], "rotation": [0, 0, 32], "uv": [154, 0]},
						{"origin": [-1, 28.8, -23.65], "size": [2, 3, 2.75], "inflate": -0.2, "uv": [56, 0]},
						{"origin": [-2.2, 15.3, -62.5], "size": [2, 2, 21], "inflate": -0.2, "pivot": [-2.2, 17.3, -60.5], "rotation": [-4.60368, -1.10933, 12.1961], "uv": [29, 110]},
						{"origin": [-2.2, 15.3, -44.15], "size": [2, 2, 3.25], "inflate": -0.1, "pivot": [-2.2, 17.3, -60.5], "rotation": [-4.60368, -1.10933, 12.1961], "uv": [77, 54]},
						{"origin": [0.2, 15.3, -44.15], "size": [2, 2, 3.25], "inflate": -0.1, "pivot": [2.2, 17.3, -60.5], "rotation": [-4.60368, 1.10933, -12.1961], "uv": [77, 49]},
						{"origin": [-4.325, 15.4, -41.9], "size": [2.5, 4, 1], "pivot": [2.2, 17.3, -60.5], "rotation": [-10.49029, 13.81733, -13.24133], "uv": [69, 76]},
						{"origin": [1.825, 15.4, -41.9], "size": [2.5, 4, 1], "pivot": [-2.2, 17.3, -60.5], "rotation": [-10.49029, -13.81733, 13.24133], "uv": [69, 18]},
						{"origin": [0.2, 15.3, -62.5], "size": [2, 2, 21], "inflate": -0.2, "pivot": [2.2, 17.3, -60.5], "rotation": [-4.60368, 1.10933, -12.1961], "uv": [106, 105]}
					]
				},
				{
					"name": "bolt1",
					"parent": "gun",
					"pivot": [0, 24.8, -6.9],
					"cubes": [
						{"origin": [-1.35, 24.425, -23.75], "size": [2, 2, 14.5], "inflate": 0.2, "pivot": [-1.35, 24.425, -8.5], "rotation": [0, 0, 25], "uv": [183, 171]},
						{"origin": [-1.7, 23.925, -4.425], "size": [3.4, 2, 2.8], "uv": [53, 60]},
						{"origin": [-2.775, 23.925, -4.6], "size": [1.9, 1.75, 1.05], "pivot": [-2.775, 23.925, -2.775], "rotation": [0, -20.25, 0], "uv": [166, 92]},
						{"origin": [-0.85, 23.925, -2.35], "size": [1.7, 1.5, 1.5], "uv": [48, 34]},
						{"origin": [-0.5, 23.425, -1.65], "size": [1, 1, 1], "inflate": -0.201, "uv": [28, 43]},
						{"origin": [-0.85, 25.425, -4.425], "size": [1.7, 1.5, 3.575], "uv": [65, 32]},
						{"origin": [-0.3, 24.575, -1.675], "size": [1, 1, 1.5], "inflate": -0.2, "pivot": [-1, 24.575, -0.6], "rotation": [0, 0, -16.5], "uv": [24, 43]},
						{"origin": [-0.85, 25.625, -4.425], "size": [1.05, 1.3, 2.8], "pivot": [-0.85, 26.925, -0.85], "rotation": [0, 0, 41], "uv": [0, 42]},
						{"origin": [-0.2, 25.625, -4.425], "size": [1.05, 1.3, 2.8], "pivot": [0.85, 26.925, -0.85], "rotation": [0, 0, -41], "uv": [11, 32]},
						{"origin": [0.85, 23.925, -2.35], "size": [1.15, 2, 1.5], "inflate": -0.001, "pivot": [0.85, 23.925, -0.85], "rotation": [0, 42.5, 0], "uv": [32, 24]},
						{"origin": [-2, 23.925, -2.35], "size": [1.15, 2, 1.5], "inflate": -0.001, "pivot": [-0.85, 23.925, -0.85], "rotation": [0, -42.5, 0], "uv": [32, 21]}
					]
				},
				{
					"name": "bolt2",
					"parent": "bolt1",
					"pivot": [0, 24.8, -6.9],
					"cubes": [
						{"origin": [-1.725, 23.4, -8.075], "size": [1, 2, 1.25], "pivot": [-1.725, 23.4, -6.575], "rotation": [0, 0, 6.75], "uv": [32, 27]},
						{"origin": [-2.625, 22.925, -8.075], "size": [1.2, 1, 1.25], "inflate": -0.001, "pivot": [-1.625, 23.925, -6.575], "rotation": [0, 0, -45.25], "uv": [48, 44]},
						{"origin": [-6.525, 22.225, -8.075], "size": [4.2, 1, 1.25], "inflate": -0.001, "pivot": [-2.325, 23.225, -8.075], "rotation": [0, 23, -45.25], "uv": [38, 34]},
						{"origin": [-8.575, 21.725, -8.5], "size": [2, 2, 2], "inflate": 0.1, "pivot": [-2.325, 23.225, -8.075], "rotation": [0, 23, -45.25], "uv": [65, 60]},
						{"origin": [-1.35, 24.425, -9.15], "size": [2, 2, 4.85], "pivot": [-1.35, 24.425, -6.25], "rotation": [0, 0, 25], "uv": [181, 110]}
					]
				},
				{
					"name": "rightarm",
					"parent": "main",
					"pivot": [-4.3, 8.8, 21.8],
					"rotation": [-101.81106, -12.40003, -2.46982],
					"cubes": [
						{"origin": [-8.3, -15.2, 17.8], "size": [8, 24, 8], "uv": [0, 37]}
					]
				},
				{
					"name": "leftarm",
					"parent": "main",
					"pivot": [9.6, 7.075, -14.2],
					"rotation": [-119.61483, 1.67666, -38.31282],
					"cubes": [
						{"origin": [5.6, -16.925, -18.2], "size": [8, 24, 8], "uv": [0, 0]}
					]
				},
				{
					"name": "magazine",
					"parent": "main",
					"pivot": [-2, 12.5, -17],
					"cubes": [
						{"origin": [-1.5, 11.75, -23], "size": [3, 9, 12], "uv": [38, 0]},
						{"origin": [-1.5, 11.75, -23], "size": [3, 1, 12], "inflate": -0.001, "pivot": [-0.5, 11.75, -23], "rotation": [-4.5, 0, 0], "uv": [38, 21]}
					]
				},
				{
					"name": "bullet",
					"parent": "magazine",
					"pivot": [-0.7, 20.275, -17.75],
					"rotation": [0, 0, 20],
					"cubes": [
						{"origin": [-0.7, 20.275, -18.75], "size": [1, 1, 6], "uv": [246, 159]},
						{"origin": [-0.7, 20.275, -20.75], "size": [1, 1, 3], "inflate": -0.1, "uv": [220, 136]}
					]
				},
				{
					"name": "muzzleflash",
					"parent": "main",
					"pivot": [0, 25.15, -118.6],
					"cubes": [
						{"origin": [-0.5, 24.65, -118.9], "size": [1, 1, 1], "inflate": -0.4, "uv": [4, 42]}
					]
				},
				{
					"name": "scope",
					"parent": "main",
					"pivot": [0, 31.775, 9.75],
					"cubes": [
						{"origin": [-0.5, 31.275, 9.45], "size": [1, 1, 1], "inflate": -0.4, "uv": [32, 30]}
					]
				}
			]
		}
	]
}