{
	"format_version": "1.12.0",
	"minecraft:geometry": [
		{
			"description": {
				"identifier": "geometry.unknown",
				"texture_width": 200,
				"texture_height": 200,
				"visible_bounds_width": 8,
				"visible_bounds_height": 4,
				"visible_bounds_offset": [0, 1, 0]
			},
			"bones": [
				{
					"name": "main",
					"pivot": [0, 20, 0]
				},
				{
					"name": "gun",
					"parent": "main",
					"pivot": [1, 11, -1],
					"cubes": [
						{"origin": [-1.25, 14, -1], "size": [3, 4, 5], "uv": [79, 71]},
						{"origin": [-1.75, 14, -1], "size": [1, 4, 5], "inflate": -0.001, "uv": [63, 74]},
						{"origin": [-1.25, 13.5, -1], "size": [3, 1, 5], "inflate": 0.001, "uv": [74, 37]},
						{"origin": [-1.75, 13.5, -1], "size": [1, 1, 5], "inflate": -0.002, "uv": [85, 38]},
						{"origin": [-2, 3.5, -1], "size": [4, 10, 5], "pivot": [1, 13.5, -1], "rotation": [35, 0, 0], "uv": [50, 0]},
						{"origin": [-2, 13.5, -1], "size": [4, 4, 4], "inflate": -0.002, "pivot": [2, 13.5, -1], "rotation": [-14, 0, 0], "uv": [0, 82]},
						{"origin": [-2, 4.9, 3.4], "size": [4, 1, 6], "pivot": [1, 5.9, 3.3], "rotation": [9, 0, 0], "uv": [50, 15]},
						{"origin": [-2, 5.9, 5.4], "size": [4, 1, 4], "inflate": -0.002, "pivot": [1, 5.9, 3.3], "rotation": [9, 0, 0], "uv": [26, 84]},
						{"origin": [-2, 14.5, 4], "size": [4, 2, 11], "inflate": -0.001, "pivot": [1, 16.5, 4], "rotation": [-53, 0, 0], "uv": [58, 143]},
						{"origin": [-2, 14.5, 14.8], "size": [4, 2, 1], "inflate": -0.002, "pivot": [1, 16.5, 4], "rotation": [-53, 0, 0], "uv": [12, 77]},
						{"origin": [-1.35, 13.9, -2.1], "size": [3, 5, 2], "inflate": -0.1, "uv": [24, 0]},
						{"origin": [-0.85, 15.05, -5.55], "size": [2, 4, 1], "inflate": -0.1, "pivot": [1.15, 15.05, -4.55], "rotation": [-21, 0, 0], "uv": [17, 48]},
						{"origin": [-1.35, 13.9, -9.1], "size": [3, 5, 1], "inflate": -0.1, "uv": [37, 11]},
						{"origin": [-1.35, 13.9, -2.6], "size": [3, 1, 1], "inflate": -0.11, "uv": [24, 41]},
						{"origin": [-1.35, 13.9, -8.1], "size": [3, 1, 6], "inflate": -0.2, "uv": [50, 36]},
						{"origin": [-1.35, 13.9, -8.6], "size": [3, 1, 1], "inflate": -0.11, "uv": [37, 17]},
						{"origin": [-1.35, 18, -9], "size": [3, 5, 13], "uv": [126, 25]},
						{"origin": [-1.35, 18, 4], "size": [3, 2, 2], "inflate": -0.001, "pivot": [0.65, 18, 4], "rotation": [53, 0, 0], "uv": [36, 30]},
						{"origin": [-1.65, 18, 4], "size": [1, 2, 2], "inflate": -0.002, "pivot": [-0.65, 18, 4], "rotation": [53, 0, 0], "uv": [61, 28]},
						{"origin": [-1.35, 20, 4], "size": [3, 3, 3], "uv": [61, 87]},
						{"origin": [-1.35, 17, 6], "size": [3, 3, 1], "inflate": -0.002, "pivot": [1.65, 20, 7], "rotation": [-74, 0, 0], "uv": [52, 48]},
						{"origin": [-1.65, 17, 6], "size": [1, 3, 1], "inflate": -0.003, "pivot": [-1.65, 20, 7], "rotation": [-74, 0, 0], "uv": [36, 24]},
						{"origin": [-1.65, 20, 4], "size": [1, 3, 3], "inflate": 0.001, "uv": [24, 35]},
						{"origin": [1.05, 19.1, -0.4], "size": [1, 2, 2], "inflate": -0.2, "pivot": [1.05, 19.1, -0.4], "rotation": [24, 0, 0], "uv": [62, 36]},
						{"origin": [1.05, 18.3, -0.3], "size": [1, 2, 1], "inflate": -0.1, "uv": [55, 24]},
						{"origin": [-1.55, 23, -6], "size": [1, 1, 10], "uv": [24, 24]},
						{"origin": [0.55, 23, -7], "size": [1, 1, 12], "uv": [32, 144]},
						{"origin": [-2.4, 24.2, -16.5], "size": [1, 3, 1], "pivot": [-2.4, 24.2, -16.5], "rotation": [0, 0, 25], "uv": [36, 0]},
						{"origin": [-2.3, 22.6, -17.75], "size": [1, 1, 12], "pivot": [-2.3, 23.6, -16.75], "rotation": [0, 0, -19], "uv": [90, 145]},
						{"origin": [-2.5, 22.2, -16.5], "size": [1, 2, 1], "inflate": 0.001, "pivot": [-2.6, 23.6, -16.5], "rotation": [0, 0, -19], "uv": [37, 48]},
						{"origin": [-2.5, 22.2, -7.5], "size": [1, 2, 1], "inflate": 0.001, "pivot": [-2.6, 23.6, -7.45], "rotation": [0, 0, -19], "uv": [10, 48]},
						{"origin": [-2.4, 26.2, -15.6], "size": [1, 1, 9], "inflate": -0.001, "pivot": [-2.4, 24.2, -16.5], "rotation": [0, 0, 25], "uv": [52, 74]},
						{"origin": [-2.3, 25.9, -15.6], "size": [1, 1, 9], "inflate": -0.001, "pivot": [-2.4, 24.2, -16.5], "rotation": [0, 0, 25], "uv": [26, 74]},
						{"origin": [-2.4, 24.2, -7.5], "size": [1, 3, 1], "pivot": [-2.4, 24.2, -7.5], "rotation": [0, 0, 25], "uv": [30, 24]},
						{"origin": [-2.4, 24.2, -7.4], "size": [2, 2, 3], "pivot": [-2.4, 24.2, -6.4], "rotation": [0, -33, 25], "uv": [74, 29]},
						{"origin": [-2.4, 23.3, -2.95], "size": [3, 2, 8], "inflate": -0.2, "pivot": [-2.4, 23.3, -1.95], "rotation": [1.38249, -12.46915, 7.06579], "uv": [52, 48]},
						{"origin": [-2.4, 23.3, 3.85], "size": [2, 2, 3], "inflate": -0.4, "pivot": [-2.4, 23.3, -1.95], "rotation": [1.38249, -12.46915, 7.06579], "uv": [74, 24]},
						{"origin": [-2.4, 23.3, 5.85], "size": [2, 2, 1], "inflate": -0.3, "pivot": [-2.4, 23.3, -1.95], "rotation": [1.38249, -12.46915, 7.06579], "uv": [52, 77]},
						{"origin": [0.95, 23.95, -18], "size": [1, 2, 23], "pivot": [1.95, 23.95, -18], "rotation": [0, 0, -11], "uv": [27, 49]},
						{"origin": [-0.05, 23.95, -18], "size": [2, 1, 23], "pivot": [1.95, 23.95, -18], "rotation": [0, 0, -61.5], "uv": [0, 48]},
						{"origin": [1.1, 24.1, 5], "size": [1, 2, 2], "pivot": [2.1, 24.1, 5], "rotation": [0, 0, -11], "uv": [17, 61]},
						{"origin": [-0.9, 24.1, 5], "size": [3, 1, 2], "inflate": -0.001, "pivot": [2.1, 24.1, 5], "rotation": [0, 0, -77.5], "uv": [75, 18]},
						{"origin": [-2.1, 24.1, 5], "size": [1, 2, 2], "pivot": [-2.1, 24.1, 5], "rotation": [0, 0, 11], "uv": [52, 58]},
						{"origin": [-2.1, 24.1, 5], "size": [3, 1, 2], "inflate": -0.001, "pivot": [-2.1, 24.1, 5], "rotation": [0, 0, 77.5], "uv": [7, 40]},
						{"origin": [-0.9, 24.1, 5], "size": [3, 1, 2], "inflate": -0.002, "pivot": [2.1, 24.1, 5], "rotation": [0, -55, -77.5], "uv": [63, 64]},
						{"origin": [-2.1, 24.1, 5], "size": [3, 1, 2], "inflate": -0.002, "pivot": [-2.1, 24.1, 5], "rotation": [0, 55, 77.5], "uv": [24, 7]},
						{"origin": [-1.95, 23.95, -7], "size": [1, 2, 12], "pivot": [-1.95, 23.95, -18], "rotation": [0, 0, 11], "uv": [131, 143]},
						{"origin": [-1.95, 23.95, -7], "size": [1, 1, 12], "pivot": [-1.95, 23.95, -18], "rotation": [0, 0, 61.5], "uv": [145, 21]},
						{"origin": [-1.95, 23.95, -18], "size": [1, 2, 2], "pivot": [-1.95, 23.95, -29], "rotation": [0, 0, 11], "uv": [61, 24]},
						{"origin": [-1.95, 23.95, -18], "size": [2, 1, 2], "pivot": [-1.95, 23.95, -29], "rotation": [0, 0, 61.5], "uv": [24, 17]},
						{"origin": [-2.05, 24.9, 6], "size": [1, 1, 2], "inflate": -0.002, "pivot": [-2.05, 24.3, 6], "rotation": [0, 0, 19], "uv": [66, 51]},
						{"origin": [1.05, 24.9, 6], "size": [1, 1, 2], "inflate": -0.002, "pivot": [2.05, 24.3, 6], "rotation": [0, 0, -19], "uv": [17, 65]},
						{"origin": [1.05, 24.3, 6], "size": [1, 1, 2], "pivot": [2.05, 24.3, 6], "rotation": [0, 0, -19], "uv": [0, 66]},
						{"origin": [1.05, 23.3, 6], "size": [1, 1, 2], "inflate": 0.001, "pivot": [2.05, 24.3, 6], "rotation": [0, 0, 19], "uv": [9, 66]},
						{"origin": [1.05, 22.8, 6], "size": [1, 1, 2], "pivot": [2.05, 24.3, 4], "rotation": [0, 0, 19], "uv": [27, 66]},
						{"origin": [-1.65, 18, -9], "size": [1, 5, 13], "inflate": 0.001, "uv": [135, 43]},
						{"origin": [0.85, 16, -16.75], "size": [1, 7, 8], "uv": [27, 48]},
						{"origin": [0.85, 21.5, -18], "size": [1, 1, 2], "inflate": -0.001, "uv": [79, 80]},
						{"origin": [-2, 21.7, -17.8], "size": [4, 1, 1], "pivot": [-1.95, 21.7, -17.8], "rotation": [-26, 0, 0], "uv": [10, 54]},
						{"origin": [0.85, 21.5, -18], "size": [1, 1, 2], "inflate": -0.002, "pivot": [0.9, 21.5, -18], "rotation": [-22, 0, 0], "uv": [52, 80]},
						{"origin": [0.85, 21.5, -18], "size": [1, 1, 2], "inflate": -0.002, "pivot": [0.9, 22.5, -18], "rotation": [14, 0, 0], "uv": [26, 80]},
						{"origin": [-1.85, 21.5, -18], "size": [3, 1, 2], "inflate": -0.003, "pivot": [-0.9, 22.5, -18], "rotation": [14, 0, 0], "uv": [37, 79]},
						{"origin": [-1.85, 21.5, -18], "size": [3, 1, 2], "inflate": -0.003, "pivot": [-0.9, 21.5, -18], "rotation": [-22, 0, 0], "uv": [12, 82]},
						{"origin": [-1.85, 21.5, -18], "size": [3, 1, 2], "inflate": -0.002, "uv": [38, 84]},
						{"origin": [1, 21, -11.75], "size": [1, 2, 2], "inflate": 0.001, "uv": [52, 62]},
						{"origin": [1, 20, -11.75], "size": [1, 1, 1], "inflate": 0.001, "uv": [65, 24]},
						{"origin": [1, 15, -11.75], "size": [1, 5, 2], "inflate": 0.001, "uv": [0, 0]},
						{"origin": [0.95, 20, -11.25], "size": [1, 1, 4], "inflate": 0.001, "uv": [87, 15]},
						{"origin": [1.1, 22, -8.5], "size": [1, 2, 1], "pivot": [2.1, 22, -8.5], "rotation": [0, 0, 6], "uv": [50, 0]},
						{"origin": [0.85, 22.9, -11.75], "size": [1, 1, 2], "uv": [26, 77]},
						{"origin": [0.85, 14.15, -9.75], "size": [1, 2, 1], "inflate": -0.001, "uv": [57, 61]},
						{"origin": [0.85, 15.65, -13.75], "size": [1, 2, 4], "inflate": -0.002, "pivot": [0.9, 15.65, -13.75], "rotation": [-17.5, 0, 0], "uv": [63, 58]},
						{"origin": [-1.85, 15.65, -13.75], "size": [1, 2, 4], "inflate": -0.002, "pivot": [-0.9, 15.65, -13.75], "rotation": [-17.5, 0, 0], "uv": [36, 24]},
						{"origin": [-1.85, 14.15, -9.75], "size": [1, 2, 1], "inflate": -0.001, "uv": [55, 28]},
						{"origin": [0.75, 23, -16.75], "size": [1, 1, 10], "inflate": 0.001, "uv": [24, 0]},
						{"origin": [-2.75, 20.6, -15.63], "size": [1, 3, 9], "inflate": -0.2, "pivot": [-2.75, 22.6, -15.6], "rotation": [0, 0, 17], "uv": [50, 24]},
						{"origin": [-2.75, 20.9, -11.7], "size": [1, 2, 1], "inflate": -0.1, "pivot": [-2.75, 22.9, -11.7], "rotation": [0, 0, 17], "uv": [42, 0]},
						{"origin": [0.85, 19, -8.75], "size": [1, 4, 2], "uv": [13, 24]},
						{"origin": [0.85, 19, -9.75], "size": [1, 1, 3], "inflate": -0.001, "pivot": [1.9, 19, -6.75], "rotation": [25, 0, 0], "uv": [52, 52]},
						{"origin": [-1.85, 19, -8.75], "size": [1, 4, 2], "uv": [0, 24]},
						{"origin": [-2.1, 17.2, -10.25], "size": [1, 5, 1], "uv": [19, 55]},
						{"origin": [-2.1, 18.2, -9.9], "size": [1, 1, 3], "inflate": -0.001, "uv": [50, 24]},
						{"origin": [-2.4, 19.25, -8.5], "size": [1, 2, 1], "inflate": -0.001, "pivot": [-2.45, 21.25, -7.5], "rotation": [0, 0, -9], "uv": [42, 24]},
						{"origin": [-1.85, 16, -16.75], "size": [1, 7, 8], "uv": [0, 48]},
						{"origin": [-1, 16, -16.75], "size": [2, 8, 0], "inflate": 0.002, "uv": [45, 54]},
						{"origin": [1.1, 16, -17], "size": [1, 1, 8], "pivot": [2.15, 16, -18], "rotation": [-13, 0, 0], "uv": [75, 0]},
						{"origin": [-2.1, 16, -17], "size": [1, 1, 8], "pivot": [-2.15, 16, -18], "rotation": [-13, 0, 0], "uv": [24, 35]},
						{"origin": [-1.5, 16, -17], "size": [3, 1, 1], "inflate": 0.001, "pivot": [0.35, 16, -18], "rotation": [-13, 0, 0], "uv": [37, 54]},
						{"origin": [-2.1, 16, -9.4], "size": [3, 1, 1], "inflate": 0.001, "pivot": [0.35, 16, -18], "rotation": [-13, 0, 0], "uv": [0, 53]},
						{"origin": [0.1, 16, -9.4], "size": [2, 1, 1], "inflate": 0.002, "pivot": [-0.35, 16, -18], "rotation": [-13, 0, 0], "uv": [0, 78]},
						{"origin": [-0.7, 27.05, -18.15], "size": [2, 1, 20], "inflate": -0.2, "uv": [50, 24]},
						{"origin": [-0.8, 27.05, 1.45], "size": [2, 1, 4], "inflate": -0.2, "uv": [79, 88]},
						{"origin": [-1.2, 27.05, 1.45], "size": [1, 1, 4], "inflate": -0.201, "uv": [12, 86]},
						{"origin": [-1.3, 27.05, -18.15], "size": [2, 1, 20], "inflate": -0.201, "uv": [0, 24]},
						{"origin": [-1, 23.3, -67.05], "size": [2, 2, 46], "inflate": -0.3, "pivot": [0, 24.3, -67.05], "rotation": [0, 0, -20], "uv": [0, 0]},
						{"origin": [-1, 23.3, -67.55], "size": [2, 2, 9], "inflate": -0.15, "pivot": [0, 24.3, -67.55], "rotation": [0, 0, -20], "uv": [24, 11]},
						{"origin": [-1, 23.3, -48.55], "size": [2, 2, 8], "pivot": [0, 24.3, -48.55], "rotation": [0, 0, -20], "uv": [0, 72]},
						{"origin": [-1, 23.3, -49.05], "size": [2, 2, 2], "inflate": 0.2, "pivot": [0, 24.3, -49.05], "rotation": [0, 0, -20], "uv": [27, 48]},
						{"origin": [-1, 22.05, -45.05], "size": [2, 4, 2], "uv": [24, 11]},
						{"origin": [-0.75, 27.85, -41.35], "size": [1.5, 3.85, 1.75], "inflate": -0.1, "uv": [24, 24]},
						{"origin": [0.4, 22.55, -45.05], "size": [1, 3, 2], "inflate": -0.001, "uv": [50, 15]},
						{"origin": [-1.4, 22.55, -45.05], "size": [1, 3, 2], "inflate": -0.001, "uv": [44, 48]},
						{"origin": [-1, 21.6, -43.15], "size": [2, 1, 22], "uv": [75, 0]},
						{"origin": [1.575, 23.175, -43.15], "size": [1, 2.5, 22], "uv": [102, 25]},
						{"origin": [-3.3, 23.55, -43.15], "size": [1, 2, 22], "inflate": -0.201, "uv": [0, 0]},
						{"origin": [-3.3, 22.95, -43.15], "size": [1, 2, 22], "inflate": -0.2, "uv": [78, 46]},
						{"origin": [-2.7, 25.75, -43.15], "size": [1, 2.2, 22], "inflate": 0.001, "pivot": [-2.7, 25.55, -43.15], "rotation": [0, 0, 45], "uv": [79, 72]},
						{"origin": [-2.7, 20.9, -43.15], "size": [1, 2.2, 22], "inflate": 0.001, "pivot": [-2.7, 23.3, -43.15], "rotation": [0, 0, -45], "uv": [52, 94]},
						{"origin": [-2.575, 23.175, -43.15], "size": [1, 2.5, 22], "uv": [0, 95]},
						{"origin": [1.7, 25.75, -43.15], "size": [1, 2.2, 22], "inflate": 0.001, "pivot": [2.7, 25.55, -43.15], "rotation": [0, 0, -45], "uv": [24, 97]},
						{"origin": [2.11, 25.65, -42.15], "size": [1, 2.2, 20], "inflate": -0.4, "pivot": [2.7, 25.55, -43.15], "rotation": [0, 0, -45], "uv": [151, 129]},
						{"origin": [-3.11, 25.65, -42.15], "size": [1, 2.2, 20], "inflate": -0.4, "pivot": [-2.7, 25.55, -43.15], "rotation": [0, 0, 45], "uv": [151, 129], "mirror": true},
						{"origin": [2.11, 21, -42.15], "size": [1, 2.2, 20], "inflate": -0.4, "pivot": [2.7, 23.3, -43.15], "rotation": [0, 0, 45], "uv": [151, 129]},
						{"origin": [-3.11, 21, -42.15], "size": [1, 2.2, 20], "inflate": -0.4, "pivot": [-2.7, 23.3, -43.15], "rotation": [0, 0, -45], "uv": [151, 129], "mirror": true},
						{"origin": [1.7, 20.9, -43.15], "size": [1, 2.2, 22], "inflate": 0.001, "pivot": [2.7, 23.3, -43.15], "rotation": [0, 0, 45], "uv": [76, 96]},
						{"origin": [0, 24.5, 12.15], "size": [2, 2, 21], "pivot": [0, 26.5, 12.15], "rotation": [0, 0, 22], "uv": [74, 120]},
						{"origin": [1.85, 23.75, 12.15], "size": [2, 2, 21], "inflate": 0.001, "pivot": [1.85, 25.75, 12.15], "rotation": [0, 0, 85], "uv": [104, 75]},
						{"origin": [2.02, 21.75, 12.15], "size": [1, 2, 21], "pivot": [2.02, 23.75, 12.15], "rotation": [0, 0, 94], "uv": [25, 121]},
						{"origin": [-3.02, 21.75, 12.15], "size": [1, 2, 21], "pivot": [-2.02, 23.75, 12.15], "rotation": [0, 0, -94], "uv": [99, 122]},
						{"origin": [0.1, 10.85, 32.4], "size": [2, 15, 1], "pivot": [2.1, 23.75, 33.4], "rotation": [-8.99461, 0.31281, 1.9754], "uv": [94, 48]},
						{"origin": [-2.1, 10.85, 32.4], "size": [2, 15, 1], "pivot": [-2.1, 23.75, 33.4], "rotation": [-8.99461, -0.31281, -1.9754], "uv": [88, 48]},
						{"origin": [-0.5, 19.75, 16.4], "size": [1, 4, 12], "uv": [48, 97]},
						{"origin": [-1, 19.25, 16.65], "size": [2, 2, 6], "uv": [79, 80]},
						{"origin": [0.5, 10.85, 23.35], "size": [1, 1, 7], "pivot": [1.5, 10.85, 30.35], "rotation": [-54.14954, 3.52249, -4.86023], "uv": [79, 58]},
						{"origin": [-0.5, 10.85, 23.35], "size": [1, 1, 7], "inflate": 0.002, "pivot": [0.5, 10.85, 30.35], "rotation": [-54, 0, 0], "uv": [0, 63]},
						{"origin": [-1.5, 10.85, 23.35], "size": [1, 1, 7], "inflate": 0.001, "pivot": [-1.5, 10.85, 30.35], "rotation": [-54.14954, -3.52249, 4.86023], "uv": [27, 63]},
						{"origin": [-1.6, 13.75, 26.15], "size": [1, 1, 5], "inflate": 0.001, "pivot": [-1.7, 14.35, 30.95], "rotation": [-30.62516, -9.89244, 2.25229], "uv": [52, 84]},
						{"origin": [-1.6, 11.85, 27.85], "size": [1, 1, 5], "inflate": 0.001, "pivot": [-1.7, 14.35, 30.95], "rotation": [-53.51463, -10.29809, 1.44076], "uv": [37, 48]},
						{"origin": [-1.4, 12.65, 29.15], "size": [1, 1, 3], "inflate": 0.2, "pivot": [-1.7, 14.35, 30.95], "rotation": [-53.51463, -10.29809, 1.44076], "uv": [27, 52]},
						{"origin": [0.6, 13.75, 26.15], "size": [1, 1, 5], "inflate": 0.001, "pivot": [1.7, 14.35, 30.95], "rotation": [-30.62516, 9.89244, -2.25229], "uv": [34, 35]},
						{"origin": [0.4, 12.65, 29.15], "size": [1, 1, 3], "inflate": 0.2, "pivot": [1.7, 14.35, 30.95], "rotation": [-53.51463, 10.29809, -1.44076], "uv": [50, 28]},
						{"origin": [0.6, 11.85, 27.85], "size": [1, 1, 5], "inflate": 0.001, "pivot": [1.7, 14.35, 30.95], "rotation": [-53.51463, 10.29809, -1.44076], "uv": [10, 48]},
						{"origin": [0.7, 13.75, 26.15], "size": [1, 1, 5], "inflate": 0.001, "pivot": [1.7, 14.35, 30.95], "rotation": [-30.66518, 10.89166, -2.25951], "uv": [84, 9]},
						{"origin": [-1, 18.5, 18.65], "size": [2, 5, 2], "inflate": -0.2, "uv": [13, 0]},
						{"origin": [-1, 19.25, 22.65], "size": [2, 2, 5], "inflate": -0.001, "pivot": [1, 21.25, 22.65], "rotation": [-46, 0, 0], "uv": [36, 63]},
						{"origin": [-0.5, 19.75, 16.4], "size": [1, 4, 1], "inflate": -0.001, "pivot": [0.5, 19.75, 16.4], "rotation": [15, 0, 0], "uv": [34, 35]},
						{"origin": [-0.5, 20.25, 28.4], "size": [1, 2, 4], "uv": [24, 24]},
						{"origin": [-0.5, 22.25, 31.9], "size": [1, 1, 1], "uv": [63, 60]},
						{"origin": [-0.5, 19.75, 21.4], "size": [1, 2, 11], "inflate": -0.001, "pivot": [0.5, 19.75, 21.4], "rotation": [-30, 0, 0], "uv": [74, 24]},
						{"origin": [-0.5, 21.75, 24.6], "size": [1, 2, 7], "inflate": -0.001, "pivot": [0.5, 19.75, 21.4], "rotation": [-30, 0, 0], "uv": [75, 9]},
						{"origin": [-0.5, 23.75, 27.1], "size": [1, 2, 4], "inflate": -0.001, "pivot": [0.5, 19.75, 21.4], "rotation": [-30, 0, 0], "uv": [36, 0]},
						{"origin": [-1.5, 10.45, 32.4], "size": [3, 16, 1], "inflate": 0.001, "pivot": [1.5, 23.75, 33.4], "rotation": [-9, 0, 0], "uv": [78, 48]},
						{"origin": [-3.85, 23.75, 12.15], "size": [2, 2, 21], "inflate": 0.001, "pivot": [-1.85, 25.75, 12.15], "rotation": [0, 0, -85], "uv": [103, 49]},
						{"origin": [-2, 24.5, 12.15], "size": [2, 2, 21], "inflate": -0.001, "pivot": [0, 26.5, 12.15], "rotation": [0, 0, -22], "uv": [49, 118]},
						{"origin": [-0.7, 23.65, 8], "size": [2, 2, 4], "inflate": 0.2, "pivot": [-0.7, 25.65, 8], "rotation": [0, 0, 16], "uv": [85, 0]},
						{"origin": [-1, 26.25, -18], "size": [2, 1, 20], "inflate": -0.001, "uv": [122, 122]},
						{"origin": [-1, 26.25, -43.15], "size": [2, 1, 22], "inflate": 0.002, "uv": [26, 74]},
						{"origin": [0.1, 25.9, -18], "size": [1, 1, 20], "inflate": -0.002, "uv": [126, 0]},
						{"origin": [0.1, 25.9, 2], "size": [1, 1, 1], "inflate": -0.004, "pivot": [1.1, 26.9, 2], "rotation": [-24, 0, 0], "uv": [45, 64]},
						{"origin": [-1.1, 25.9, 2], "size": [2, 1, 1], "inflate": -0.004, "pivot": [-1.1, 26.9, 2], "rotation": [-24, 0, 0], "uv": [75, 6]},
						{"origin": [0.1, 25.55, 1.5], "size": [1, 1, 4], "inflate": -0.003, "uv": [0, 95]},
						{"origin": [-1.1, 25.55, 2], "size": [2, 1, 3], "inflate": -0.001, "uv": [0, 40]},
						{"origin": [0.7, 24.55, -14.75], "size": [1, 2, 3], "inflate": -0.002, "uv": [0, 48]},
						{"origin": [-1.1, 25.9, -18], "size": [1, 1, 20], "inflate": -0.002, "uv": [124, 98]},
						{"origin": [-1.5, 27.75, 0.2], "size": [2.75, 1, 1], "inflate": 0.002, "pivot": [1.25, 27.75, 1.1], "rotation": [-3, 0, 0], "uv": [50, 40]},
						{"origin": [-2.725, 27.25, -0.3], "size": [1.75, 2, 2], "inflate": -0.3, "pivot": [-1.475, 27.25, 1.6], "rotation": [-3, 0, 0], "uv": [50, 36]},
						{"origin": [0.75, 27.35, -1.05], "size": [1, 1, 1], "inflate": -0.102, "pivot": [0.7, 27.35, -1.05], "rotation": [12, 0, 0], "uv": [56, 58]},
						{"origin": [-1.5, 27.55, -1.75], "size": [3, 1, 2], "inflate": 0.002, "pivot": [-1.5, 27.55, -0.75], "rotation": [17, 0, 0], "uv": [10, 19]},
						{"origin": [-1.5, 27.55, -42.75], "size": [3, 1, 2], "inflate": 0.002, "pivot": [-1.5, 27.55, -41.75], "rotation": [17, 0, 0], "uv": [0, 19]},
						{"origin": [-1.3, 27.25, -1.65], "size": [2.6, 1, 3], "inflate": 0.001, "uv": [36, 6]},
						{"origin": [-1.3, 27.25, -41.9], "size": [2.6, 1, 3], "inflate": 0.001, "uv": [24, 30]},
						{"origin": [-0.7, 31.375, 0.275], "size": [1.6, 1.05, 1], "inflate": -0.401, "pivot": [0, 31.7, 0.375], "rotation": [-31.61901, 33.86291, -47.85316], "uv": [18, 19]},
						{"origin": [-0.9, 31.375, 0.275], "size": [1.6, 1.05, 1], "inflate": -0.401, "pivot": [0, 31.7, 0.375], "rotation": [-31.61901, -33.86291, 47.85316], "uv": [15, 40]},
						{"origin": [-0.1, 31.4, 0.075], "size": [1, 1.3, 1.2], "inflate": -0.401, "pivot": [0, 31.6, 0.375], "rotation": [0, 45, 0], "uv": [41, 38]},
						{"origin": [-0.9, 31.4, 0.075], "size": [1, 1.3, 1.2], "inflate": -0.401, "pivot": [0, 31.6, 0.375], "rotation": [0, -45, 0], "uv": [16, 42]},
						{"origin": [-0.4, 31.4, 0.275], "size": [1.3, 1.3, 1], "inflate": -0.4, "pivot": [0, 31.6, 0.375], "rotation": [0, 45, 0], "uv": [50, 3]},
						{"origin": [-0.9, 31.4, 0.275], "size": [1.3, 1.3, 1], "inflate": -0.4, "pivot": [0, 31.6, 0.375], "rotation": [0, -45, 0], "uv": [10, 51]},
						{"origin": [-0.5, 30.8, -0.125], "size": [1, 1.1, 1], "inflate": 0.001, "pivot": [0, 31.6, 0.375], "rotation": [0, -45, 0], "uv": [37, 51]},
						{"origin": [-0.5, 28.3, -0.125], "size": [1, 2.5, 1], "inflate": 0.1, "pivot": [0, 29.1, 0.375], "rotation": [0, -33.75, 0], "uv": [41, 35]},
						{"origin": [-0.5, 31, -41.275], "size": [1, 1.7, 1.5], "inflate": -0.4, "uv": [8, 19]},
						{"origin": [0.32, 31.565, -41.55], "size": [1, 1.5, 2.15], "inflate": -0.302, "pivot": [1, 31.875, -41.25], "rotation": [0, 0, -15], "uv": [64, 15]},
						{"origin": [-0.1, 30.575, -41.55], "size": [1, 1.7, 2.15], "inflate": -0.301, "pivot": [0.6, 31.075, -41.25], "rotation": [0, 0, 28], "uv": [27, 63]},
						{"origin": [-1.32, 31.565, -41.55], "size": [1, 1.5, 2.15], "inflate": -0.302, "pivot": [-1, 31.875, -41.25], "rotation": [0, 0, 15], "uv": [9, 63]},
						{"origin": [-0.9, 30.575, -41.55], "size": [1, 1.7, 2.15], "inflate": -0.301, "pivot": [-0.6, 31.075, -41.25], "rotation": [0, 0, -28], "uv": [0, 63]}
					]
				},
				{
					"name": "bone",
					"parent": "gun",
					"pivot": [-1.95, 24.2, -19],
					"cubes": [
						{"origin": [-2.05, 24.3, 6], "size": [1, 1, 2], "pivot": [-2.05, 24.3, 6], "rotation": [0, 0, 19], "uv": [0, 72]},
						{"origin": [-2.05, 23.3, 6], "size": [1, 1, 2], "inflate": 0.001, "pivot": [-2.05, 24.3, 6], "rotation": [0, 0, -19], "uv": [26, 74]},
						{"origin": [-2.05, 22.8, 6], "size": [1, 1, 2], "pivot": [-2.05, 24.3, 6], "rotation": [0, 0, -19], "uv": [52, 74]}
					]
				},
				{
					"name": "bone2",
					"parent": "gun",
					"pivot": [0, 26.2, -19],
					"cubes": [
						{"origin": [0.75, 25.67, -18], "size": [1, 1, 23], "inflate": -0.001, "pivot": [0.2, 26.64, -18], "rotation": [0, 0, 29], "uv": [50, 0]},
						{"origin": [0.9, 25.82, 5], "size": [1, 1, 2], "inflate": -0.001, "pivot": [0.35, 26.79, 5], "rotation": [0, 0, 29], "uv": [75, 9]},
						{"origin": [-0.85, 25.54, 5], "size": [1, 1, 2], "inflate": 0.001, "uv": [75, 0]},
						{"origin": [-0.15, 25.54, 5], "size": [1, 1, 2], "uv": [0, 75]},
						{"origin": [-1.9, 25.82, 5], "size": [1, 1, 2], "inflate": -0.001, "pivot": [-0.35, 26.79, 5], "rotation": [0, 0, -29], "uv": [75, 3]},
						{"origin": [-1.75, 25.67, -7], "size": [1, 1, 12], "inflate": -0.001, "pivot": [-0.2, 26.64, -18], "rotation": [0, 0, -29], "uv": [76, 144]},
						{"origin": [-1.75, 25.67, -18], "size": [1, 1, 2], "inflate": -0.001, "pivot": [-0.2, 26.64, -29], "rotation": [0, 0, -29], "uv": [75, 12]},
						{"origin": [-1, 25.38, 7], "size": [1, 1, 1], "inflate": 0.001, "pivot": [0, 26.35, 7], "rotation": [0, 0, -19], "uv": [63, 2]},
						{"origin": [0, 25.38, 7], "size": [1, 1, 1], "pivot": [0, 26.35, 7], "rotation": [0, 0, 19], "uv": [63, 0]},
						{"origin": [-1.6, 25.38, 6], "size": [1, 1, 2], "inflate": -0.001, "pivot": [0, 26.35, 6], "rotation": [0, 0, -19], "uv": [66, 48]},
						{"origin": [0.6, 25.38, 6], "size": [1, 1, 2], "inflate": -0.001, "pivot": [0, 26.35, 6], "rotation": [0, 0, 19], "uv": [64, 18]},
						{"origin": [0, 22.32, 7], "size": [1, 1, 1], "pivot": [0, 22.35, 7], "rotation": [0, 0, -19], "uv": [63, 58]},
						{"origin": [0.6, 22.32, 4], "size": [1, 1, 4], "inflate": -0.001, "pivot": [0, 22.35, 4], "rotation": [0, 0, -19], "uv": [63, 0]},
						{"origin": [-1, 22.32, 7], "size": [1, 1, 1], "inflate": 0.001, "pivot": [0, 22.35, 7], "rotation": [0, 0, 19], "uv": [36, 63]},
						{"origin": [-1.6, 22.32, 4], "size": [1, 1, 4], "inflate": -0.001, "pivot": [0, 22.35, 4], "rotation": [0, 0, 19], "uv": [12, 72]}
					]
				},
				{
					"name": "bone3",
					"parent": "gun",
					"pivot": [0, 22.3, -18]
				},
				{
					"name": "bone4",
					"parent": "gun",
					"pivot": [-1.1, 27.775, -41.75],
					"cubes": [
						{"origin": [-0.7, 26.975, -43.15], "size": [2, 1, 22], "inflate": -0.2, "uv": [76, 23]},
						{"origin": [-1.3, 26.975, -43.15], "size": [2, 1, 22], "inflate": -0.201, "uv": [0, 72]},
						{"origin": [-0.7, 20.85, -43.15], "size": [2, 1, 22], "inflate": -0.2, "uv": [52, 48]},
						{"origin": [-1.3, 20.85, -43.15], "size": [2, 1, 22], "inflate": -0.201, "uv": [53, 71]}
					]
				},
				{
					"name": "bone5",
					"parent": "gun",
					"pivot": [1.8, 25.35, -41.75],
					"cubes": [
						{"origin": [2.3, 22.95, -43.15], "size": [1, 2, 22], "inflate": -0.2, "uv": [102, 1]},
						{"origin": [2.3, 23.55, -43.15], "size": [1, 2, 22], "inflate": -0.201, "uv": [100, 98]}
					]
				},
				{
					"name": "bone6",
					"parent": "gun",
					"pivot": [2.65, 24.3, -21.05],
					"cubes": [
						{"origin": [0.65, 22.4, -21.15], "size": [2, 2, 3], "pivot": [2.65, 24.4, -21.15], "rotation": [1.73102, 8.83331, 19.13371], "uv": [90, 71]},
						{"origin": [0.65, 24.3, -21.15], "size": [2, 2, 3], "pivot": [2.65, 24.3, -21.15], "rotation": [-1.73102, 8.83331, -19.13371], "uv": [91, 88]}
					]
				},
				{
					"name": "bone7",
					"parent": "gun",
					"pivot": [-2.65, 24.3, -21.05],
					"cubes": [
						{"origin": [-2.65, 22.4, -21.15], "size": [2, 2, 3], "pivot": [-2.65, 24.4, -21.15], "rotation": [1.73102, -8.83331, -19.13371], "uv": [89, 80]},
						{"origin": [-2.65, 24.3, -21.15], "size": [2, 2, 3], "pivot": [-2.65, 24.3, -21.15], "rotation": [-1.73102, -8.83331, 19.13371], "uv": [36, 89]}
					]
				},
				{
					"name": "bone8",
					"parent": "gun",
					"pivot": [0, 27.05, -21.05],
					"rotation": [0, 0, 90],
					"cubes": [
						{"origin": [-0.01536, 25.05298, -21.14877], "size": [2, 2, 3], "pivot": [0, 27.05, -21.05], "rotation": [1.73102, -8.83331, -19.13371], "uv": [26, 89]},
						{"origin": [-0.01536, 26.94702, -21.14877], "size": [2, 2, 3], "pivot": [0, 26.95, -21.05], "rotation": [-1.73102, -8.83331, 19.13371], "uv": [87, 29]}
					]
				},
				{
					"name": "bone9",
					"parent": "gun",
					"pivot": [0.1, 21.75, -21.05],
					"rotation": [0, 0, -90],
					"cubes": [
						{"origin": [0.08464, 19.85298, -21.14877], "size": [2, 2, 3], "pivot": [0.1, 21.85, -21.05], "rotation": [1.73102, -8.83331, -19.13371], "uv": [87, 24]},
						{"origin": [0.08464, 21.74702, -21.14877], "size": [2, 2, 3], "pivot": [0.1, 21.75, -21.05], "rotation": [-1.73102, -8.83331, 19.13371], "uv": [37, 74]}
					]
				},
				{
					"name": "bolt",
					"parent": "main",
					"pivot": [-1.5, 25.5, -15],
					"rotation": [0, 0, 13],
					"cubes": [
						{"origin": [-1.47759, 23.67688, -15.5], "size": [1, 2, 9], "pivot": [-0.5, 23.5, -14], "rotation": [0, 0, 15], "uv": [52, 58]}
					]
				},
				{
					"name": "action",
					"parent": "main",
					"pivot": [0, 26, 3],
					"cubes": [
						{"origin": [-1, 26.4, -6.1], "size": [2, 1, 11], "inflate": -0.1, "uv": [104, 145]},
						{"origin": [-2, 26.55, 4.8], "size": [4, 1, 1], "uv": [34, 41]},
						{"origin": [0, 26.55, 4.8], "size": [2, 1, 1], "inflate": -0.001, "pivot": [2, 26.55, 4.8], "rotation": [0, -25, 0], "uv": [66, 54]},
						{"origin": [-2, 26.55, 4.8], "size": [2, 1, 1], "inflate": -0.001, "pivot": [-2, 26.55, 4.8], "rotation": [0, 24, 0], "uv": [62, 40]}
					]
				},
				{
					"name": "rightarm",
					"parent": "main",
					"pivot": [-4.3, 8.8, 21.8],
					"rotation": [-101.81106, -12.40003, -2.46982],
					"cubes": [
						{"origin": [-8.3, -15.2, 17.8], "size": [8, 24, 8], "uv": [0, 142]}
					]
				},
				{
					"name": "leftarm",
					"parent": "main",
					"pivot": [10.7, 11.3, -8.6],
					"rotation": [-119.61483, 1.67666, -38.31282],
					"cubes": [
						{"origin": [6.7, -12.7, -12.6], "size": [8, 24, 8], "uv": [141, 64]}
					]
				},
				{
					"name": "muzzleflash",
					"parent": "main",
					"pivot": [0, 24.35, -68.25],
					"cubes": [
						{"origin": [-0.5, 23.85, -68.55], "size": [1, 1, 1], "inflate": -0.4, "uv": [45, 62]}
					]
				},
				{
					"name": "magazine",
					"parent": "main",
					"pivot": [0.5, 3.75, -10.25],
					"cubes": [
						{"origin": [-1.75, 12.75, -16.25], "size": [3.5, 9, 7], "uv": [0, 24]},
						{"origin": [-1.75, 0.75, -16.25], "size": [3.5, 12, 7], "inflate": 0.001, "pivot": [0.75, 12.75, -9.25], "rotation": [-12, 0, 0], "uv": [0, 0]}
					]
				},
				{
					"name": "bullet",
					"parent": "magazine",
					"pivot": [0, 21.5, -15.725],
					"cubes": [
						{"origin": [-0.5, 21, -15.725], "size": [1, 1, 6], "inflate": 0.2, "pivot": [0, 21.5, -15.725], "rotation": [0, 0, 21], "uv": [9, 63]}
					]
				},
				{
					"name": "magazine2",
					"parent": "main",
					"pivot": [0.5, 3.75, -10.25],
					"cubes": [
						{"origin": [-1.75, 12.75, -16.25], "size": [3.5, 9, 7], "uv": [0, 24]},
						{"origin": [-1.75, 0.75, -16.25], "size": [3.5, 12, 7], "inflate": 0.001, "pivot": [0.75, 12.75, -9.25], "rotation": [-12, 0, 0], "uv": [0, 0]}
					]
				},
				{
					"name": "bullet2",
					"parent": "magazine2",
					"pivot": [0, 21.5, -15.725],
					"cubes": [
						{"origin": [-0.5, 21, -15.725], "size": [1, 1, 6], "inflate": 0.2, "pivot": [0, 21.5, -15.725], "rotation": [0, 0, 21], "uv": [9, 63]}
					]
				},
				{
					"name": "scope",
					"parent": "main",
					"pivot": [0, 32.3, 9.25],
					"cubes": [
						{"origin": [-0.5, 31.8, 8.95], "size": [1, 1, 1], "inflate": -0.4, "uv": [27, 69]}
					]
				}
			]
		}
	]
}