{
	"format_version": "1.12.0",
	"minecraft:geometry": [
		{
			"description": {
				"identifier": "geometry.sg22",
				"texture_width": 32,
				"texture_height": 32,
				"visible_bounds_width": 5,
				"visible_bounds_height": 3,
				"visible_bounds_offset": [0, 0.5, 0]
			},
			"bones": [
				{
					"name": "main",
					"pivot": [0.63984, 8.43396, 5.28092],
					"rotation": [-2.5, 0, 0],
					"cubes": [
						{
							"origin": [-0.19781, 9.11875, 2.07175],
							"size": [2.12062, 1.51875, 2.025],
							"pivot": [0.8625, 9.4, 1.84675],
							"rotation": [-16, 0, 0],
							"uv": {
								"north": {"uv": [5, 20], "uv_size": [3, 2]},
								"east": {"uv": [20, 7], "uv_size": [3, 2]},
								"south": {"uv": [8, 20], "uv_size": [3, 2]},
								"west": {"uv": [20, 9], "uv_size": [3, 2]},
								"up": {"uv": [12, 18], "uv_size": [3, 3]},
								"down": {"uv": [0, 23], "uv_size": [3, -3]}
							}
						},
						{
							"origin": [0.58125, 7.43125, -3.3845],
							"size": [0.3375, 0.3375, 0.3375],
							"uv": {
								"north": {"uv": [17, 27], "uv_size": [1, 1]},
								"east": {"uv": [27, 17], "uv_size": [1, 1]},
								"south": {"uv": [18, 27], "uv_size": [1, 1]},
								"west": {"uv": [27, 18], "uv_size": [1, 1]},
								"up": {"uv": [19, 27], "uv_size": [1, 1]},
								"down": {"uv": [27, 20], "uv_size": [1, -1]}
							}
						},
						{
							"origin": [0.4125, 7.09375, -3.272],
							"size": [0.675, 0.50625, 0.1125],
							"uv": {
								"north": {"uv": [20, 27], "uv_size": [1, 1]},
								"east": {"uv": [27, 20], "uv_size": [1, 1]},
								"south": {"uv": [21, 27], "uv_size": [1, 1]},
								"west": {"uv": [26, 27], "uv_size": [1, 1]},
								"up": {"uv": [27, 27], "uv_size": [1, 1]},
								"down": {"uv": [28, 3], "uv_size": [1, -1]}
							}
						},
						{
							"origin": [0.075, 7.4875, 4.20925],
							"size": [1.575, 1.4625, 2.025],
							"uv": {
								"north": {"uv": [9, 22], "uv_size": [2, 2]},
								"east": {"uv": [20, 0], "uv_size": [3, 2]},
								"south": {"uv": [23, 9], "uv_size": [2, 2]},
								"west": {"uv": [20, 2], "uv_size": [3, 2]},
								"up": {"uv": [3, 20], "uv_size": [2, 3]},
								"down": {"uv": [20, 7], "uv_size": [2, -3]}
							}
						},
						{
							"origin": [-0.20625, 7.4875, 2.40925],
							"size": [2.1375, 1.4625, 1.8],
							"uv": {
								"north": {"uv": [22, 15], "uv_size": [3, 2]},
								"east": {"uv": [25, 17], "uv_size": [2, 2]},
								"south": {"uv": [22, 17], "uv_size": [3, 2]},
								"west": {"uv": [25, 19], "uv_size": [2, 2]},
								"up": {"uv": [22, 19], "uv_size": [3, 2]},
								"down": {"uv": [22, 23], "uv_size": [3, -2]}
							}
						},
						{
							"origin": [0.08063, 8.96444, 3.99216],
							"size": [1.56375, 1.51875, 2.14313],
							"pivot": [0.8625, 9.5185, 3.1681],
							"rotation": [-28.5, 0, 0],
							"uv": {
								"north": {"uv": [23, 11], "uv_size": [2, 2]},
								"east": {"uv": [20, 11], "uv_size": [3, 2]},
								"south": {"uv": [23, 13], "uv_size": [2, 2]},
								"west": {"uv": [20, 13], "uv_size": [3, 2]},
								"up": {"uv": [15, 20], "uv_size": [2, 3]},
								"down": {"uv": [20, 18], "uv_size": [2, -3]}
							}
						},
						{
							"origin": [0.1875, 5.85625, 5.6155],
							"size": [1.35, 1.4625, 2.53125],
							"pivot": [0.8625, 6.53125, 10.05925],
							"rotation": [-22.5, 0, 0],
							"uv": {
								"north": {"uv": [19, 23], "uv_size": [2, 2]},
								"east": {"uv": [19, 21], "uv_size": [3, 2]},
								"south": {"uv": [21, 23], "uv_size": [2, 2]},
								"west": {"uv": [22, 4], "uv_size": [3, 2]},
								"up": {"uv": [5, 22], "uv_size": [2, 3]},
								"down": {"uv": [7, 25], "uv_size": [2, -3]}
							}
						},
						{
							"origin": [0.19313, 7.03443, 7.00394],
							"size": [1.33875, 0.37125, 1.63125],
							"pivot": [0.8625, 7.79943, 7.14457],
							"rotation": [-35, 0, 0],
							"uv": {
								"north": {"uv": [26, 15], "uv_size": [2, 1]},
								"east": {"uv": [16, 26], "uv_size": [2, 1]},
								"south": {"uv": [26, 16], "uv_size": [2, 1]},
								"west": {"uv": [18, 26], "uv_size": [2, 1]},
								"up": {"uv": [2, 24], "uv_size": [2, 2]},
								"down": {"uv": [9, 26], "uv_size": [2, -2]}
							}
						},
						{
							"origin": [0.19313, 7.78484, 7.02837],
							"size": [1.33875, 0.37125, 1.63125],
							"pivot": [0.8625, 8.15124, 8.61434],
							"rotation": [-15, 0, 0],
							"uv": {
								"north": {"uv": [20, 26], "uv_size": [2, 1]},
								"east": {"uv": [26, 22], "uv_size": [2, 1]},
								"south": {"uv": [26, 23], "uv_size": [2, 1]},
								"west": {"uv": [26, 24], "uv_size": [2, 1]},
								"up": {"uv": [11, 24], "uv_size": [2, 2]},
								"down": {"uv": [13, 26], "uv_size": [2, -2]}
							}
						},
						{
							"origin": [0.1875, 5.51875, 8.14675],
							"size": [1.35, 1.96875, 1.61437],
							"pivot": [0.8625, 6.53125, 10.05925],
							"rotation": [-22.5, 0, 0],
							"uv": {
								"north": {"uv": [17, 20], "uv_size": [2, 3]},
								"east": {"uv": [20, 18], "uv_size": [2, 3]},
								"south": {"uv": [11, 21], "uv_size": [2, 3]},
								"west": {"uv": [13, 21], "uv_size": [2, 3]},
								"up": {"uv": [15, 23], "uv_size": [2, 2]},
								"down": {"uv": [17, 25], "uv_size": [2, -2]}
							}
						},
						{
							"origin": [0.19875, 5.63069, 9.41996],
							"size": [1.3275, 0.33187, 0.93375],
							"pivot": [0.8625, 5.79944, 9.86433],
							"rotation": [-10, 0, 0],
							"uv": {
								"north": {"uv": [12, 26], "uv_size": [2, 1]},
								"east": {"uv": [28, 3], "uv_size": [1, 1]},
								"south": {"uv": [26, 12], "uv_size": [2, 1]},
								"west": {"uv": [28, 6], "uv_size": [1, 1]},
								"up": {"uv": [26, 13], "uv_size": [2, 1]},
								"down": {"uv": [26, 15], "uv_size": [2, -1]}
							}
						},
						{
							"origin": [0.19313, 5.83375, 9.25206],
							"size": [1.33875, 1.67344, 1.03219],
							"pivot": [0.8625, 6.53125, 10.05925],
							"rotation": [7.5, 0, 0],
							"uv": {
								"north": {"uv": [23, 23], "uv_size": [2, 2]},
								"east": {"uv": [15, 18], "uv_size": [1, 2]},
								"south": {"uv": [0, 24], "uv_size": [2, 2]},
								"west": {"uv": [4, 23], "uv_size": [1, 2]},
								"up": {"uv": [26, 6], "uv_size": [2, 1]},
								"down": {"uv": [10, 27], "uv_size": [2, -1]}
							}
						},
						{
							"origin": [0.58125, 6.706, 2.66185],
							"size": [0.5625, 0.7875, 0.3375],
							"uv": {
								"north": {"uv": [28, 7], "uv_size": [1, 1]},
								"east": {"uv": [28, 8], "uv_size": [1, 1]},
								"south": {"uv": [10, 28], "uv_size": [1, 1]},
								"west": {"uv": [28, 10], "uv_size": [1, 1]},
								"up": {"uv": [11, 28], "uv_size": [1, 1]},
								"down": {"uv": [28, 12], "uv_size": [1, -1]}
							}
						},
						{
							"origin": [0.69375, 6.98725, 4.46185],
							"size": [0.3375, 0.50625, 0.28125],
							"uv": {
								"north": {"uv": [23, 28], "uv_size": [1, 1]},
								"east": {"uv": [28, 23], "uv_size": [1, 1]},
								"south": {"uv": [24, 28], "uv_size": [1, 1]},
								"west": {"uv": [28, 24], "uv_size": [1, 1]},
								"up": {"uv": [25, 28], "uv_size": [1, 1]},
								"down": {"uv": [28, 26], "uv_size": [1, -1]}
							}
						},
						{
							"origin": [0.69375, 6.56256, 4.55466],
							"size": [0.3375, 0.50625, 0.28125],
							"pivot": [0.8625, 7.24038, 4.60247],
							"rotation": [-25, 0, 0],
							"uv": {
								"north": {"uv": [26, 28], "uv_size": [1, 1]},
								"east": {"uv": [28, 26], "uv_size": [1, 1]},
								"south": {"uv": [27, 28], "uv_size": [1, 1]},
								"west": {"uv": [28, 27], "uv_size": [1, 1]},
								"up": {"uv": [28, 28], "uv_size": [1, 1]},
								"down": {"uv": [0, 30], "uv_size": [1, -1]}
							}
						},
						{
							"origin": [0.58875, 6.13506, 2.49029],
							"size": [0.5475, 0.70875, 0.3375],
							"pivot": [0.825, 7.09975, 2.8306],
							"rotation": [30, 0, 0],
							"uv": {
								"north": {"uv": [17, 28], "uv_size": [1, 1]},
								"east": {"uv": [28, 17], "uv_size": [1, 1]},
								"south": {"uv": [18, 28], "uv_size": [1, 1]},
								"west": {"uv": [28, 18], "uv_size": [1, 1]},
								"up": {"uv": [19, 28], "uv_size": [1, 1]},
								"down": {"uv": [28, 20], "uv_size": [1, -1]}
							}
						},
						{
							"origin": [0.58875, 6.13506, 5.64696],
							"size": [0.5475, 0.70875, 0.3375],
							"pivot": [0.8625, 7.09975, 5.64415],
							"rotation": [-30, 0, 0],
							"uv": {
								"north": {"uv": [20, 28], "uv_size": [1, 1]},
								"east": {"uv": [28, 20], "uv_size": [1, 1]},
								"south": {"uv": [21, 28], "uv_size": [1, 1]},
								"west": {"uv": [28, 21], "uv_size": [1, 1]},
								"up": {"uv": [22, 28], "uv_size": [1, 1]},
								"down": {"uv": [28, 23], "uv_size": [1, -1]}
							}
						},
						{
							"origin": [0.58125, 6.706, 5.47435],
							"size": [0.5625, 0.7875, 0.3375],
							"uv": {
								"north": {"uv": [28, 12], "uv_size": [1, 1]},
								"east": {"uv": [13, 28], "uv_size": [1, 1]},
								"south": {"uv": [28, 13], "uv_size": [1, 1]},
								"west": {"uv": [14, 28], "uv_size": [1, 1]},
								"up": {"uv": [28, 14], "uv_size": [1, 1]},
								"down": {"uv": [28, 16], "uv_size": [1, -1]}
							}
						},
						{
							"origin": [0.58125, 6.08725, 3.01904],
							"size": [0.5625, 0.28125, 2.43562],
							"uv": {
								"north": {"uv": [16, 28], "uv_size": [1, 1]},
								"east": {"uv": [20, 25], "uv_size": [3, 1]},
								"south": {"uv": [28, 16], "uv_size": [1, 1]},
								"west": {"uv": [25, 21], "uv_size": [3, 1]},
								"up": {"uv": [25, 22], "uv_size": [1, 3]},
								"down": {"uv": [23, 28], "uv_size": [1, -3]}
							}
						},
						{
							"origin": [0.60938, 10.24375, 1.84675],
							"size": [0.45, 0.3375, 1.575],
							"uv": {
								"north": {"uv": [29, 21], "uv_size": [1, 1]},
								"east": {"uv": [27, 9], "uv_size": [2, 1]},
								"south": {"uv": [22, 29], "uv_size": [1, 1]},
								"west": {"uv": [10, 27], "uv_size": [2, 1]},
								"up": {"uv": [27, 10], "uv_size": [1, 2]},
								"down": {"uv": [12, 29], "uv_size": [1, -2]}
							}
						},
						{
							"origin": [0.38438, 10.24375, 1.84675],
							"size": [0.225, 0.84375, 1.575],
							"uv": {
								"north": {"uv": [29, 20], "uv_size": [1, 1]},
								"east": {"uv": [27, 0], "uv_size": [2, 1]},
								"south": {"uv": [21, 29], "uv_size": [1, 1]},
								"west": {"uv": [27, 1], "uv_size": [2, 1]},
								"up": {"uv": [27, 2], "uv_size": [1, 2]},
								"down": {"uv": [27, 9], "uv_size": [1, -2]}
							}
						},
						{
							"origin": [1.05938, 10.24375, 1.84675],
							"size": [0.225, 0.84375, 1.575],
							"uv": {
								"north": {"uv": [29, 19], "uv_size": [1, 1]},
								"east": {"uv": [26, 25], "uv_size": [2, 1]},
								"south": {"uv": [20, 29], "uv_size": [1, 1]},
								"west": {"uv": [26, 26], "uv_size": [2, 1]},
								"up": {"uv": [14, 26], "uv_size": [1, 2]},
								"down": {"uv": [22, 28], "uv_size": [1, -2]}
							}
						}
					]
				},
				{
					"name": "arms",
					"parent": "main",
					"pivot": [-11.5625, 2.7491, 13.18696]
				},
				{
					"name": "rightarm",
					"parent": "arms",
					"pivot": [0.37125, 4.68176, 8.07886],
					"rotation": [74.87647, -7.24305, 1.95155],
					"cubes": [
						{
							"origin": [-1.62875, -1.31824, -14.92114],
							"size": [4, 12, 4],
							"uv": {
								"north": {"uv": [0, 0], "uv_size": [0, 12]},
								"east": {"uv": [0, 0], "uv_size": [0, 12]},
								"south": {"uv": [0, 0], "uv_size": [0, 12]},
								"west": {"uv": [0, 0], "uv_size": [0, 12]},
								"up": {"uv": [0, 0], "uv_size": [0, 0]},
								"down": {"uv": [0, 0], "uv_size": [0, 0]}
							}
						}
					]
				},
				{
					"name": "leftarm",
					"parent": "arms",
					"pivot": [9.99442, 3.82643, 3.18727],
					"rotation": [82.14048, 17.34551, -2.35666],
					"cubes": [
						{
							"origin": [7.99442, -5.17357, -18.81273],
							"size": [4, 12, 4],
							"uv": {
								"north": {"uv": [0, 0], "uv_size": [0, 12]},
								"east": {"uv": [0, 0], "uv_size": [0, 12]},
								"south": {"uv": [0, 0], "uv_size": [0, 12]},
								"west": {"uv": [0, 0], "uv_size": [0, 12]},
								"up": {"uv": [0, 0], "uv_size": [0, 0]},
								"down": {"uv": [0, 0], "uv_size": [0, 0]}
							}
						}
					]
				},
				{
					"name": "disarticulation",
					"parent": "main",
					"pivot": [0.31205, 7.66151, 2.49407],
					"cubes": [
						{
							"origin": [-0.4875, 7.825, -6.92825],
							"size": [2.7, 2.7, 9.3375],
							"uv": {
								"north": {"uv": [12, 14], "uv_size": [4, 4]},
								"east": {"uv": [0, 0], "uv_size": [12, 4]},
								"south": {"uv": [16, 0], "uv_size": [4, 4]},
								"west": {"uv": [0, 4], "uv_size": [12, 4]},
								"up": {"uv": [0, 8], "uv_size": [4, 12]},
								"down": {"uv": [4, 20], "uv_size": [4, -12]}
							}
						},
						{
							"origin": [-0.6, 7.76875, -3.77825],
							"size": [2.925, 2.25, 5.7375],
							"uv": {
								"north": {"uv": [16, 14], "uv_size": [4, 3]},
								"east": {"uv": [12, 8], "uv_size": [8, 3]},
								"south": {"uv": [16, 17], "uv_size": [4, 3]},
								"west": {"uv": [12, 11], "uv_size": [8, 3]},
								"up": {"uv": [8, 8], "uv_size": [4, 8]},
								"down": {"uv": [12, 8], "uv_size": [4, -8]}
							}
						},
						{
							"origin": [-0.6, 9.5125, -4.45325],
							"size": [2.925, 0.50625, 0.675],
							"uv": {
								"north": {"uv": [22, 6], "uv_size": [4, 1]},
								"east": {"uv": [11, 20], "uv_size": [1, 1]},
								"south": {"uv": [0, 23], "uv_size": [4, 1]},
								"west": {"uv": [19, 20], "uv_size": [1, 1]},
								"up": {"uv": [23, 0], "uv_size": [4, 1]},
								"down": {"uv": [23, 2], "uv_size": [4, -1]}
							}
						},
						{
							"origin": [-0.59437, 9.16937, -4.67263],
							"size": [2.91375, 0.5625, 0.95625],
							"pivot": [0.75, 9.50687, -4.05388],
							"rotation": [137.5, 0, 0],
							"uv": {
								"north": {"uv": [23, 2], "uv_size": [4, 1]},
								"east": {"uv": [13, 27], "uv_size": [1, 1]},
								"south": {"uv": [23, 3], "uv_size": [4, 1]},
								"west": {"uv": [16, 27], "uv_size": [1, 1]},
								"up": {"uv": [23, 7], "uv_size": [4, 1]},
								"down": {"uv": [23, 9], "uv_size": [4, -1]}
							}
						},
						{
							"origin": [-1.5, 8.89375, -1.1345],
							"size": [0.9, 0.84375, 2.8125],
							"uv": {
								"north": {"uv": [29, 1], "uv_size": [1, 1]},
								"east": {"uv": [4, 25], "uv_size": [4, 1]},
								"south": {"uv": [2, 29], "uv_size": [1, 1]},
								"west": {"uv": [25, 4], "uv_size": [4, 1]},
								"up": {"uv": [8, 25], "uv_size": [1, 4]},
								"down": {"uv": [25, 13], "uv_size": [1, -4]}
							}
						},
						{
							"origin": [-1.44375, 8.33125, -1.022],
							"size": [0.7875, 2.25, 0.7875],
							"uv": {
								"north": {"uv": [6, 26], "uv_size": [1, 3]},
								"east": {"uv": [7, 26], "uv_size": [1, 3]},
								"south": {"uv": [9, 26], "uv_size": [1, 3]},
								"west": {"uv": [26, 9], "uv_size": [1, 3]},
								"up": {"uv": [29, 3], "uv_size": [1, 1]},
								"down": {"uv": [4, 30], "uv_size": [1, -1]}
							}
						},
						{
							"origin": [-1.44375, 8.33125, -0.122],
							"size": [0.7875, 2.25, 0.7875],
							"uv": {
								"north": {"uv": [24, 25], "uv_size": [1, 3]},
								"east": {"uv": [25, 25], "uv_size": [1, 3]},
								"south": {"uv": [0, 26], "uv_size": [1, 3]},
								"west": {"uv": [1, 26], "uv_size": [1, 3]},
								"up": {"uv": [29, 0], "uv_size": [1, 1]},
								"down": {"uv": [1, 30], "uv_size": [1, -1]}
							}
						},
						{
							"origin": [-1.44375, 8.33125, 0.778],
							"size": [0.7875, 2.25, 0.7875],
							"uv": {
								"north": {"uv": [2, 26], "uv_size": [1, 3]},
								"east": {"uv": [3, 26], "uv_size": [1, 3]},
								"south": {"uv": [4, 26], "uv_size": [1, 3]},
								"west": {"uv": [5, 26], "uv_size": [1, 3]},
								"up": {"uv": [29, 2], "uv_size": [1, 1]},
								"down": {"uv": [3, 30], "uv_size": [1, -1]}
							}
						},
						{
							"origin": [0.7275, 10.8625, -6.47825],
							"size": [0.21375, 0.5625, 0.3375],
							"pivot": [0.83438, 10.4125, -5.91575],
							"rotation": [52.5, 0, 0],
							"uv": {
								"north": {"uv": [29, 16], "uv_size": [1, 1]},
								"east": {"uv": [17, 29], "uv_size": [1, 1]},
								"south": {"uv": [29, 17], "uv_size": [1, 1]},
								"west": {"uv": [18, 29], "uv_size": [1, 1]},
								"up": {"uv": [29, 18], "uv_size": [1, 1]},
								"down": {"uv": [19, 30], "uv_size": [1, -1]}
							}
						},
						{
							"origin": [0.72188, 10.525, -7.15325],
							"size": [0.225, 0.675, 0.3375],
							"uv": {
								"north": {"uv": [29, 13], "uv_size": [1, 1]},
								"east": {"uv": [14, 29], "uv_size": [1, 1]},
								"south": {"uv": [29, 14], "uv_size": [1, 1]},
								"west": {"uv": [15, 29], "uv_size": [1, 1]},
								"up": {"uv": [29, 15], "uv_size": [1, 1]},
								"down": {"uv": [16, 30], "uv_size": [1, -1]}
							}
						},
						{
							"origin": [-0.4875, 7.825, -7.20575],
							"size": [2.7, 2.7, 0.28125],
							"uv": {
								"north": {"uv": [16, 4], "uv_size": [4, 4]},
								"east": {"uv": [25, 13], "uv_size": [1, 4]},
								"south": {"uv": [8, 16], "uv_size": [4, 4]},
								"west": {"uv": [15, 25], "uv_size": [1, 4]},
								"up": {"uv": [25, 5], "uv_size": [4, 1]},
								"down": {"uv": [16, 26], "uv_size": [4, -1]}
							}
						},
						{
							"origin": [0.35625, 9.2875, -7.997],
							"size": [1.0125, 1.0125, 1.06875],
							"uv": {
								"north": {"uv": [29, 4], "uv_size": [1, 1]},
								"east": {"uv": [5, 29], "uv_size": [1, 1]},
								"south": {"uv": [29, 5], "uv_size": [1, 1]},
								"west": {"uv": [6, 29], "uv_size": [1, 1]},
								"up": {"uv": [29, 6], "uv_size": [1, 1]},
								"down": {"uv": [7, 30], "uv_size": [1, -1]}
							}
						},
						{
							"origin": [-0.2625, 8.05, -7.997],
							"size": [1.0125, 1.0125, 1.06875],
							"uv": {
								"north": {"uv": [29, 7], "uv_size": [1, 1]},
								"east": {"uv": [8, 29], "uv_size": [1, 1]},
								"south": {"uv": [29, 8], "uv_size": [1, 1]},
								"west": {"uv": [9, 29], "uv_size": [1, 1]},
								"up": {"uv": [29, 9], "uv_size": [1, 1]},
								"down": {"uv": [10, 30], "uv_size": [1, -1]}
							}
						},
						{
							"origin": [0.975, 8.05, -7.997],
							"size": [1.0125, 1.0125, 1.06875],
							"uv": {
								"north": {"uv": [29, 10], "uv_size": [1, 1]},
								"east": {"uv": [11, 29], "uv_size": [1, 1]},
								"south": {"uv": [29, 11], "uv_size": [1, 1]},
								"west": {"uv": [12, 29], "uv_size": [1, 1]},
								"up": {"uv": [29, 12], "uv_size": [1, 1]},
								"down": {"uv": [13, 30], "uv_size": [1, -1]}
							}
						}
					]
				},
				{
					"name": "scope",
					"parent": "main",
					"pivot": [0, 0, 0],
					"cubes": [
						{
							"origin": [0.5, 10, 4],
							"size": [1, 1, 0],
							"uv": {
								"north": {"uv": [0, 0], "uv_size": [1, 1]},
								"east": {"uv": [0, 0], "uv_size": [0, 1]},
								"south": {"uv": [0, 0], "uv_size": [1, 1]},
								"west": {"uv": [0, 0], "uv_size": [0, 1]},
								"up": {"uv": [1, 0], "uv_size": [-1, 0]},
								"down": {"uv": [1, 0], "uv_size": [-1, 0]}
							}
						}
					]
				}
			]
		}
	]
}