{
	"format_version": "1.12.0",
	"minecraft:geometry": [
		{
			"description": {
				"identifier": "geometry.unknown",
				"texture_width": 32,
				"texture_height": 32,
				"visible_bounds_width": 6,
				"visible_bounds_height": 4,
				"visible_bounds_offset": [0, 0, 0]
			},
			"bones": [
				{
					"name": "main",
					"pivot": [-0.1, 7.61941, 2.01827]
				},
				{
					"name": "slide",
					"parent": "main",
					"pivot": [-1.6, 8.9, -5.9],
					"cubes": [
						{
							"origin": [-1.9, 9.32, -6.295],
							"size": [1.1, 0.39, 0.39],
							"uv": {
								"north": {"uv": [2, 25], "uv_size": [1, 0.5]},
								"east": {"uv": [25, 14], "uv_size": [0.5, 0.5]},
								"south": {"uv": [25, 2], "uv_size": [1, 0.5]},
								"west": {"uv": [15, 25], "uv_size": [0.5, 0.5]},
								"up": {"uv": [25, 3], "uv_size": [1, 0.5]},
								"down": {"uv": [25, 4.5], "uv_size": [1, -0.5]}
							}
						}
					]
				},
				{
					"name": "slide2",
					"parent": "main",
					"pivot": [-0.8, 9.5175, -2.975],
					"cubes": [
						{
							"origin": [-0.8, 9.265, -6.37],
							"size": [0, 0.505, 3.39],
							"uv": {
								"north": {"uv": [0, 0], "uv_size": [0, 0.5]},
								"east": {"uv": [20, 5], "uv_size": [3, 0.5]},
								"south": {"uv": [0, 0], "uv_size": [0, 0.5]},
								"west": {"uv": [20, 17], "uv_size": [3, 0.5]},
								"up": {"uv": [0, 0], "uv_size": [0, 3]},
								"down": {"uv": [0, 3], "uv_size": [0, -3]}
							}
						}
					]
				},
				{
					"name": "trigger",
					"parent": "main",
					"pivot": [-0.1, 6.69356, 4.36753],
					"cubes": [
						{
							"origin": [-0.2, 6.1, 4.2],
							"size": [0.2, 0.4, 0.4],
							"pivot": [-0.1, 6.45, 4.4],
							"rotation": [-12.5, 0, 0],
							"uv": {
								"north": {"uv": [25, 17], "uv_size": [0.5, 0.5]},
								"east": {"uv": [18, 25], "uv_size": [0.5, 0.5]},
								"south": {"uv": [25, 18], "uv_size": [0.5, 0.5]},
								"west": {"uv": [19, 25], "uv_size": [0.5, 0.5]},
								"up": {"uv": [25, 19], "uv_size": [0.5, 0.5]},
								"down": {"uv": [20, 25.5], "uv_size": [0.5, -0.5]}
							}
						},
						{
							"origin": [-0.195, 6.35356, 4.16753],
							"size": [0.19, 0.655, 0.4],
							"pivot": [-0.1, 6.69356, 4.36753],
							"rotation": [20, 0, 0],
							"uv": {
								"north": {"uv": [25, 21], "uv_size": [0.5, 0.5]},
								"east": {"uv": [22, 25], "uv_size": [0.5, 0.5]},
								"south": {"uv": [25, 22], "uv_size": [0.5, 0.5]},
								"west": {"uv": [23, 25], "uv_size": [0.5, 0.5]},
								"up": {"uv": [25, 23], "uv_size": [0.5, 0.5]},
								"down": {"uv": [24, 25.5], "uv_size": [0.5, -0.5]}
							}
						}
					]
				},
				{
					"name": "magazine",
					"parent": "main",
					"pivot": [0, 5.2, 0.8],
					"cubes": [
						{
							"origin": [-0.7, 2.5, 0],
							"size": [1.2, 2.9, 2.4],
							"uv": {
								"north": {"uv": [19, 0], "uv_size": [1, 3]},
								"east": {"uv": [0, 12], "uv_size": [2.5, 3]},
								"south": {"uv": [1, 19], "uv_size": [1, 3]},
								"west": {"uv": [12, 0], "uv_size": [2.5, 3]},
								"up": {"uv": [14, 19], "uv_size": [1, 2.5]},
								"down": {"uv": [15, 21.5], "uv_size": [1, -2.5]}
							}
						},
						{
							"origin": [-0.6, 2.7, 0.1],
							"size": [1, 2.7, 2.2],
							"pivot": [-0.1, 4.05, 1.2],
							"rotation": [-2.5, 0, 0],
							"uv": {
								"north": {"uv": [19, 19], "uv_size": [1, 2.5]},
								"east": {"uv": [7, 15], "uv_size": [2, 2.5]},
								"south": {"uv": [20, 0], "uv_size": [1, 2.5]},
								"west": {"uv": [15, 7], "uv_size": [2, 2.5]},
								"up": {"uv": [21, 0], "uv_size": [1, 2]},
								"down": {"uv": [6, 23], "uv_size": [1, -2]}
							}
						},
						{
							"origin": [-0.695, 5.39, 0.1],
							"size": [1.19, 0.61, 2.2],
							"uv": {
								"north": {"uv": [24, 4], "uv_size": [1, 0.5]},
								"east": {"uv": [16, 22], "uv_size": [2, 0.5]},
								"south": {"uv": [5, 24], "uv_size": [1, 0.5]},
								"west": {"uv": [22, 16], "uv_size": [2, 0.5]},
								"up": {"uv": [9, 6], "uv_size": [1, 2]},
								"down": {"uv": [2, 22], "uv_size": [1, -2]}
							}
						}
					]
				},
				{
					"name": "sight",
					"parent": "main",
					"pivot": [0, 12.7, 0.8],
					"cubes": [
						{
							"origin": [-0.6, 10.4, 2.1],
							"size": [1, 0.6, 1.6],
							"uv": {
								"north": {"uv": [16, 24], "uv_size": [1, 0.5]},
								"east": {"uv": [23, 1], "uv_size": [1.5, 0.5]},
								"south": {"uv": [24, 16], "uv_size": [1, 0.5]},
								"west": {"uv": [23, 2], "uv_size": [1.5, 0.5]},
								"up": {"uv": [0, 22], "uv_size": [1, 1.5]},
								"down": {"uv": [22, 1.5], "uv_size": [1, -1.5]}
							}
						},
						{
							"origin": [-0.6, 10.995, 2.1],
							"size": [1, 1.2, 0.5],
							"uv": {
								"north": {"uv": [19, 22], "uv_size": [1, 1]},
								"east": {"uv": [17, 24], "uv_size": [0.5, 1]},
								"south": {"uv": [22, 19], "uv_size": [1, 1]},
								"west": {"uv": [18, 24], "uv_size": [0.5, 1]},
								"up": {"uv": [19, 24], "uv_size": [1, 0.5]},
								"down": {"uv": [24, 20.5], "uv_size": [1, -0.5]}
							}
						},
						{
							"origin": [-0.18, 11.52, 2.35],
							"size": [0.16, 0.16, 0],
							"uv": {
								"north": {"uv": [25, 24], "uv_size": [0.5, 0.5]},
								"east": {"uv": [0, 0], "uv_size": [0, 0.5]},
								"south": {"uv": [25, 25], "uv_size": [0.5, 0.5]},
								"west": {"uv": [0, 0], "uv_size": [0, 0.5]},
								"up": {"uv": [0, 0], "uv_size": [0.5, 0]},
								"down": {"uv": [0, 0], "uv_size": [0.5, 0]}
							}
						}
					]
				},
				{
					"name": "muzzleflash",
					"parent": "main",
					"pivot": [0, 11, 4],
					"cubes": [
						{
							"origin": [-0.5, 8.5, -12],
							"size": [1, 1, 1],
							"inflate": -0.4,
							"uv": {
								"north": {"uv": [0, 0], "uv_size": [1, 1]},
								"east": {"uv": [0, 0], "uv_size": [1, 1]},
								"south": {"uv": [0, 0], "uv_size": [1, 1]},
								"west": {"uv": [0, 0], "uv_size": [1, 1]},
								"up": {"uv": [1, 1], "uv_size": [-1, -1]},
								"down": {"uv": [1, 1], "uv_size": [-1, -1]}
							}
						}
					]
				},
				{
					"name": "scope",
					"parent": "main",
					"pivot": [0, 0, 0],
					"cubes": [
						{
							"origin": [-0.5, 11, 3],
							"size": [1, 1, 1],
							"inflate": -0.4,
							"uv": {
								"north": {"uv": [0, 0], "uv_size": [1, 1]},
								"east": {"uv": [0, 0], "uv_size": [1, 1]},
								"south": {"uv": [0, 0], "uv_size": [1, 1]},
								"west": {"uv": [0, 0], "uv_size": [1, 1]},
								"up": {"uv": [1, 1], "uv_size": [-1, -1]},
								"down": {"uv": [1, 1], "uv_size": [-1, -1]}
							}
						}
					]
				},
				{
					"name": "LaserIGuess",
					"parent": "main",
					"pivot": [0.05, 5.1, -4.9],
					"cubes": [
						{
							"origin": [-0.6, 5.9, -6.4],
							"size": [1, 0.6, 2.5],
							"uv": {
								"north": {"uv": [24, 23], "uv_size": [1, 0.5]},
								"east": {"uv": [22, 9], "uv_size": [2.5, 0.5]},
								"south": {"uv": [24, 24], "uv_size": [1, 0.5]},
								"west": {"uv": [10, 22], "uv_size": [2.5, 0.5]},
								"up": {"uv": [16, 19], "uv_size": [1, 2.5]},
								"down": {"uv": [17, 21.5], "uv_size": [1, -2.5]}
							}
						},
						{
							"origin": [-0.5, 5.2, -6.1],
							"size": [0.8, 0.7, 1.9],
							"uv": {
								"north": {"uv": [25, 0], "uv_size": [1, 0.5]},
								"east": {"uv": [20, 22], "uv_size": [2, 0.5]},
								"south": {"uv": [25, 1], "uv_size": [1, 0.5]},
								"west": {"uv": [22, 20], "uv_size": [2, 0.5]},
								"up": {"uv": [20, 15], "uv_size": [1, 2]},
								"down": {"uv": [20, 21], "uv_size": [1, -2]}
							}
						},
						{
							"origin": [-0.35, 5.3, -6.4],
							"size": [0.5, 0.5, 2.5],
							"uv": {
								"north": {"uv": [25, 13], "uv_size": [0.5, 0.5]},
								"east": {"uv": [22, 10], "uv_size": [2.5, 0.5]},
								"south": {"uv": [14, 25], "uv_size": [0.5, 0.5]},
								"west": {"uv": [22, 11], "uv_size": [2.5, 0.5]},
								"up": {"uv": [14, 22], "uv_size": [0.5, 2.5]},
								"down": {"uv": [15, 24.5], "uv_size": [0.5, -2.5]}
							}
						}
					]
				},
				{
					"name": "arms",
					"parent": "main",
					"pivot": [-11.5625, -17.31814, 13.1744]
				},
				{
					"name": "rightarm",
					"parent": "arms",
					"pivot": [-2, -14.06724, 1.98744],
					"cubes": [
						{
							"origin": [-4, -20.06724, -0.01256],
							"size": [4, 12, 4],
							"uv": {
								"north": {"uv": [0, 0], "uv_size": [4, 12]},
								"east": {"uv": [4, 0], "uv_size": [4, 12]},
								"south": {"uv": [8, 0], "uv_size": [4, 12]},
								"west": {"uv": [0, 12], "uv_size": [4, 12]},
								"up": {"uv": [16, 6], "uv_size": [4, 4]},
								"down": {"uv": [16, 14], "uv_size": [4, -4]}
							}
						}
					]
				},
				{
					"name": "leftarm",
					"parent": "arms",
					"pivot": [-2, -14.06724, 1.98744],
					"cubes": [
						{
							"origin": [-4, -20.06724, -0.01256],
							"size": [4, 12, 4],
							"uv": {
								"north": {"uv": [12, 0], "uv_size": [4, 12]},
								"east": {"uv": [4, 12], "uv_size": [4, 12]},
								"south": {"uv": [8, 12], "uv_size": [4, 12]},
								"west": {"uv": [12, 12], "uv_size": [4, 12]},
								"up": {"uv": [16, 14], "uv_size": [4, 4]},
								"down": {"uv": [16, 22], "uv_size": [4, -4]}
							}
						}
					]
				},
				{
					"name": "gun",
					"parent": "main",
					"pivot": [-0.1, 7.61941, 2.01827],
					"cubes": [
						{
							"origin": [-0.795, 9.695, -3.47],
							"size": [1.39, 0.8, 0.9],
							"pivot": [-0.1, 10.095, -3.02],
							"rotation": [-50, 0, 0],
							"uv": {
								"north": {"uv": [1, 22], "uv_size": [1.5, 1]},
								"east": {"uv": [22, 21], "uv_size": [1, 1]},
								"south": {"uv": [22, 3], "uv_size": [1.5, 1]},
								"west": {"uv": [22, 22], "uv_size": [1, 1]},
								"up": {"uv": [22, 4], "uv_size": [1.5, 1]},
								"down": {"uv": [22, 9], "uv_size": [1.5, -1]}
							}
						},
						{
							"origin": [-0.8, 6.9, -3],
							"size": [1.4, 3.5, 8.7],
							"uv": {
								"north": {"uv": [14, 3], "uv_size": [1.5, 3.5]},
								"east": {"uv": [0, 0], "uv_size": [8.5, 3.5]},
								"south": {"uv": [0, 15], "uv_size": [1.5, 3.5]},
								"west": {"uv": [0, 4], "uv_size": [8.5, 3.5]},
								"up": {"uv": [10, 0], "uv_size": [1.5, 8.5]},
								"down": {"uv": [10, 17.5], "uv_size": [1.5, -8.5]}
							}
						},
						{
							"origin": [-0.8, 6, -0.3],
							"size": [1.4, 0.9, 2.9],
							"uv": {
								"north": {"uv": [21, 2], "uv_size": [1.5, 1]},
								"east": {"uv": [17, 15], "uv_size": [3, 1]},
								"south": {"uv": [21, 12], "uv_size": [1.5, 1]},
								"west": {"uv": [6, 18], "uv_size": [3, 1]},
								"up": {"uv": [15, 10], "uv_size": [1.5, 3]},
								"down": {"uv": [15, 16], "uv_size": [1.5, -3]}
							}
						},
						{
							"origin": [-0.4, 6, 3],
							"size": [0.6, 0.2, 1.5],
							"uv": {
								"north": {"uv": [25, 15], "uv_size": [0.5, 0.5]},
								"east": {"uv": [22, 23], "uv_size": [1.5, 0.5]},
								"south": {"uv": [16, 25], "uv_size": [0.5, 0.5]},
								"west": {"uv": [23, 22], "uv_size": [1.5, 0.5]},
								"up": {"uv": [0, 24], "uv_size": [0.5, 1.5]},
								"down": {"uv": [1, 25.5], "uv_size": [0.5, -1.5]}
							}
						},
						{
							"origin": [-0.4, 6, 2.6],
							"size": [0.6, 0.9, 0.4],
							"uv": {
								"north": {"uv": [6, 25], "uv_size": [0.5, 1]},
								"east": {"uv": [25, 6], "uv_size": [0.5, 1]},
								"south": {"uv": [7, 25], "uv_size": [0.5, 1]},
								"west": {"uv": [8, 25], "uv_size": [0.5, 1]},
								"up": {"uv": [25, 16], "uv_size": [0.5, 0.5]},
								"down": {"uv": [17, 25.5], "uv_size": [0.5, -0.5]}
							}
						},
						{
							"origin": [-0.4, 6, 4.5],
							"size": [0.6, 0.9, 0.5],
							"uv": {
								"north": {"uv": [25, 8], "uv_size": [0.5, 1]},
								"east": {"uv": [9, 25], "uv_size": [0.5, 1]},
								"south": {"uv": [25, 9], "uv_size": [0.5, 1]},
								"west": {"uv": [10, 25], "uv_size": [0.5, 1]},
								"up": {"uv": [25, 20], "uv_size": [0.5, 0.5]},
								"down": {"uv": [21, 25.5], "uv_size": [0.5, -0.5]}
							}
						},
						{
							"origin": [-0.5, 7.9, 7.9],
							"size": [0.8, 1.5, 2.6],
							"uv": {
								"north": {"uv": [13, 21], "uv_size": [1, 1.5]},
								"east": {"uv": [17, 8], "uv_size": [2.5, 1.5]},
								"south": {"uv": [21, 15], "uv_size": [1, 1.5]},
								"west": {"uv": [17, 10], "uv_size": [2.5, 1.5]},
								"up": {"uv": [8, 19], "uv_size": [1, 2.5]},
								"down": {"uv": [12, 21.5], "uv_size": [1, -2.5]}
							}
						},
						{
							"origin": [-0.7, 5.2, 10.8],
							"size": [1.2, 4.7, 1],
							"uv": {
								"north": {"uv": [9, 12], "uv_size": [1, 4.5]},
								"east": {"uv": [12, 14], "uv_size": [1, 4.5]},
								"south": {"uv": [2, 15], "uv_size": [1, 4.5]},
								"west": {"uv": [13, 16], "uv_size": [1, 4.5]},
								"up": {"uv": [14, 7], "uv_size": [1, 1]},
								"down": {"uv": [22, 16], "uv_size": [1, -1]}
							}
						},
						{
							"origin": [-0.7, 6, 10.5],
							"size": [1.2, 3.4, 0.3],
							"uv": {
								"north": {"uv": [9, 17], "uv_size": [1, 3.5]},
								"east": {"uv": [7, 21], "uv_size": [0.5, 3.5]},
								"south": {"uv": [5, 18], "uv_size": [1, 3.5]},
								"west": {"uv": [9, 21], "uv_size": [0.5, 3.5]},
								"up": {"uv": [2, 24], "uv_size": [1, 0.5]},
								"down": {"uv": [24, 3.5], "uv_size": [1, -0.5]}
							}
						},
						{
							"origin": [-0.8, 7.3, 5.7],
							"size": [1.4, 2.4, 2.2],
							"uv": {
								"north": {"uv": [17, 12], "uv_size": [1.5, 2.5]},
								"east": {"uv": [15, 0], "uv_size": [2, 2.5]},
								"south": {"uv": [18, 3], "uv_size": [1.5, 2.5]},
								"west": {"uv": [5, 15], "uv_size": [2, 2.5]},
								"up": {"uv": [10, 18], "uv_size": [1.5, 2]},
								"down": {"uv": [18, 18], "uv_size": [1.5, -2]}
							}
						},
						{
							"origin": [-0.495, 5.1, 5.4],
							"size": [0.79, 3.2, 1.3],
							"pivot": [0, 5.4, 6.8],
							"rotation": [25, 0, 0],
							"uv": {
								"north": {"uv": [18, 18], "uv_size": [1, 3]},
								"east": {"uv": [16, 3], "uv_size": [1.5, 3]},
								"south": {"uv": [0, 19], "uv_size": [1, 3]},
								"west": {"uv": [14, 16], "uv_size": [1.5, 3]},
								"up": {"uv": [18, 21], "uv_size": [1, 1.5]},
								"down": {"uv": [21, 20.5], "uv_size": [1, -1.5]}
							}
						},
						{
							"origin": [-0.495, 4.7, 5.1],
							"size": [0.79, 0.4, 1.6],
							"pivot": [0, 5.4, 6.8],
							"rotation": [25, 0, 0],
							"uv": {
								"north": {"uv": [5, 25], "uv_size": [1, 0.5]},
								"east": {"uv": [23, 19], "uv_size": [1.5, 0.5]},
								"south": {"uv": [25, 5], "uv_size": [1, 0.5]},
								"west": {"uv": [23, 21], "uv_size": [1.5, 0.5]},
								"up": {"uv": [5, 22], "uv_size": [1, 1.5]},
								"down": {"uv": [8, 23.5], "uv_size": [1, -1.5]}
							}
						},
						{
							"origin": [-0.49, 7.1816, 5.26164],
							"size": [0.78, 0.6, 0.6],
							"pivot": [0, 7.0316, 5.21164],
							"rotation": [-27.5, 0, 0],
							"uv": {
								"north": {"uv": [8, 24], "uv_size": [1, 0.5]},
								"east": {"uv": [25, 10], "uv_size": [0.5, 0.5]},
								"south": {"uv": [24, 8], "uv_size": [1, 0.5]},
								"west": {"uv": [11, 25], "uv_size": [0.5, 0.5]},
								"up": {"uv": [11, 24], "uv_size": [1, 0.5]},
								"down": {"uv": [12, 24.5], "uv_size": [1, -0.5]}
							}
						},
						{
							"origin": [-0.4, 10.4, -3],
							"size": [0.6, 0.2, 8.7],
							"uv": {
								"north": {"uv": [25, 11], "uv_size": [0.5, 0.5]},
								"east": {"uv": [16, 6], "uv_size": [8.5, 0.5]},
								"south": {"uv": [12, 25], "uv_size": [0.5, 0.5]},
								"west": {"uv": [17, 7], "uv_size": [8.5, 0.5]},
								"up": {"uv": [3, 17], "uv_size": [0.5, 8.5]},
								"down": {"uv": [4, 25.5], "uv_size": [0.5, -8.5]}
							}
						},
						{
							"origin": [-0.785, 9.75, 4.095],
							"size": [1.37, 0.6, 1.1],
							"pivot": [0, 8.65, 4.945],
							"rotation": [-50, 0, 0],
							"uv": {
								"north": {"uv": [23, 0], "uv_size": [1.5, 0.5]},
								"east": {"uv": [24, 12], "uv_size": [1, 0.5]},
								"south": {"uv": [1, 23], "uv_size": [1.5, 0.5]},
								"west": {"uv": [24, 13], "uv_size": [1, 0.5]},
								"up": {"uv": [21, 13], "uv_size": [1.5, 1]},
								"down": {"uv": [20, 22], "uv_size": [1.5, -1]}
							}
						},
						{
							"origin": [-0.8, 6.8, -10],
							"size": [1.4, 2.8, 2.2],
							"uv": {
								"north": {"uv": [16, 16], "uv_size": [1.5, 3]},
								"east": {"uv": [5, 12], "uv_size": [2, 3]},
								"south": {"uv": [17, 0], "uv_size": [1.5, 3]},
								"west": {"uv": [7, 12], "uv_size": [2, 3]},
								"up": {"uv": [6, 19], "uv_size": [1.5, 2]},
								"down": {"uv": [19, 14], "uv_size": [1.5, -2]}
							}
						},
						{
							"origin": [-0.5, 6.4, -7.4],
							"size": [0.8, 0.5, 5.9],
							"uv": {
								"north": {"uv": [22, 24], "uv_size": [1, 0.5]},
								"east": {"uv": [19, 14], "uv_size": [6, 0.5]},
								"south": {"uv": [23, 24], "uv_size": [1, 0.5]},
								"west": {"uv": [19, 18], "uv_size": [6, 0.5]},
								"up": {"uv": [9, 0], "uv_size": [1, 6]},
								"down": {"uv": [12, 14], "uv_size": [1, -6]}
							}
						},
						{
							"origin": [-0.8, 5.3, -1],
							"size": [1.4, 1.6, 0.7],
							"uv": {
								"north": {"uv": [20, 3], "uv_size": [1.5, 1.5]},
								"east": {"uv": [6, 23], "uv_size": [0.5, 1.5]},
								"south": {"uv": [20, 8], "uv_size": [1.5, 1.5]},
								"west": {"uv": [10, 23], "uv_size": [0.5, 1.5]},
								"up": {"uv": [23, 5], "uv_size": [1.5, 0.5]},
								"down": {"uv": [11, 23.5], "uv_size": [1.5, -0.5]}
							}
						},
						{
							"origin": [-0.77, 5.375, -1.295],
							"size": [1.34, 1.73, 0.7],
							"pivot": [0, 6.175, -0.945],
							"rotation": [20, 0, 0],
							"uv": {
								"north": {"uv": [10, 20], "uv_size": [1.5, 1.5]},
								"east": {"uv": [23, 12], "uv_size": [0.5, 1.5]},
								"south": {"uv": [20, 10], "uv_size": [1.5, 1.5]},
								"west": {"uv": [13, 23], "uv_size": [0.5, 1.5]},
								"up": {"uv": [23, 15], "uv_size": [1.5, 0.5]},
								"down": {"uv": [16, 23.5], "uv_size": [1.5, -0.5]}
							}
						},
						{
							"origin": [-0.45, 8.7, -11.3],
							"size": [0.7, 0.7, 1.3],
							"uv": {
								"north": {"uv": [25, 12], "uv_size": [0.5, 0.5]},
								"east": {"uv": [23, 17], "uv_size": [1.5, 0.5]},
								"south": {"uv": [13, 25], "uv_size": [0.5, 0.5]},
								"west": {"uv": [18, 23], "uv_size": [1.5, 0.5]},
								"up": {"uv": [20, 23], "uv_size": [0.5, 1.5]},
								"down": {"uv": [21, 24.5], "uv_size": [0.5, -1.5]}
							}
						},
						{
							"origin": [-0.8, 6.9, -7.8],
							"size": [1.4, 3.8, 4.8],
							"uv": {
								"north": {"uv": [13, 8], "uv_size": [1.5, 4]},
								"east": {"uv": [0, 8], "uv_size": [5, 4]},
								"south": {"uv": [13, 12], "uv_size": [1.5, 4]},
								"west": {"uv": [5, 8], "uv_size": [5, 4]},
								"up": {"uv": [3, 12], "uv_size": [1.5, 5]},
								"down": {"uv": [12, 8], "uv_size": [1.5, -5]}
							}
						}
					]
				}
			]
		}
	]
}